grid_index,protocol,total_binary_readouts,independent_units,temperature,memory_angle,false_positive,false_negative,fisher_rank,fisher_condition_number,linear_replicates,linear_physical_fraction,linear_negative_assignment_fraction,exact_mle_replicates,mle_converged_fraction,mle_mean_iterations,fisher_sd_T,linear_coverage_T,linear_bias_T,linear_empirical_sd_T,mle_coverage_T,mle_coverage_wilson_low_T,mle_coverage_wilson_high_T,mle_bias_T,mle_empirical_sd_T,mle_rmse_T,mle_mean_reported_se_T,mle_boundary_fraction_T,fisher_sd_mu,linear_coverage_mu,linear_bias_mu,linear_empirical_sd_mu,mle_coverage_mu,mle_coverage_wilson_low_mu,mle_coverage_wilson_high_mu,mle_bias_mu,mle_empirical_sd_mu,mle_rmse_mu,mle_mean_reported_se_mu,mle_boundary_fraction_mu,fisher_sd_alpha,linear_coverage_alpha,linear_bias_alpha,linear_empirical_sd_alpha,mle_coverage_alpha,mle_coverage_wilson_low_alpha,mle_coverage_wilson_high_alpha,mle_bias_alpha,mle_empirical_sd_alpha,mle_rmse_alpha,mle_mean_reported_se_alpha,mle_boundary_fraction_alpha,fisher_sd_beta,linear_coverage_beta,linear_bias_beta,linear_empirical_sd_beta,mle_coverage_beta,mle_coverage_wilson_low_beta,mle_coverage_wilson_high_beta,mle_bias_beta,mle_empirical_sd_beta,mle_rmse_beta,mle_mean_reported_se_beta,mle_boundary_fraction_beta
0,external_references,8000000,2435000,0.6,0.2,0.005,0.01,4,395354.35964435025,2000,1.0,0.0,24,1.0,2.4166666666666665,0.0016389298083634015,0.949,-4.415571874315877e-05,0.0016475098374943236,0.9166666666666666,0.741511978067893,0.9768411847029567,-1.1747533203751437e-05,0.0019308815668949042,0.001890263379934206,0.0016391970594373962,0.0,0.030386027172187406,0.947,-0.0009766733055321197,0.030938837931058512,0.9166666666666666,0.741511978067893,0.9768411847029567,-0.002476690419148178,0.037509820813127016,0.036803480933268976,0.03195580274702036,0.0,5.7978184261870145e-05,0.9495,2.6087744522255943e-07,5.785807988564189e-05,0.9583333333333334,0.7975819352134406,0.9926065438344942,7.333692019959558e-08,4.859929684338485e-05,4.7576095675654085e-05,5.797791521681408e-05,0.0,0.000248746859276655,0.946,-3.7437500048977634e-06,0.000254003416098878,0.9166666666666666,0.741511978067893,0.9768411847029567,5.0520833352563176e-05,0.0002581018493964608,0.00025766883604787374,0.00024934789507799086,0.0
0,internal_basis,8000000,1000000,0.6,0.2,0.005,0.01,4,3235204.8059945903,2000,0.5515,0.396,24,0.5416666666666666,4.958333333333333,0.1565029072171233,0.952,-0.0012660306765178448,0.16034126892742234,1.0,0.8620237953250198,1.0,-0.06491402620538983,0.1099660822550776,0.12570805162274118,0.44274075688551306,0.041666666666666664,0.0635944697356985,0.9415,0.00067129942584089,0.06426676854729943,1.0,0.8620237953250198,1.0,0.018491537421064613,0.07343432217530044,0.07422833001276789,0.19534009596547655,0.0,0.017195054655644568,0.9525,0.00014222091506234296,0.01761511796594617,1.0,0.8620237953250198,1.0,0.00809372922454848,0.013388666874916336,0.015404409652839035,0.044284483177284006,0.375,0.017207038371869827,0.953,0.00014768052346807276,0.01763197778318245,1.0,0.8620237953250198,1.0,0.007625037146281749,0.013142102786002073,0.014955253404242596,0.04429671891324913,0.0
1,external_references,8000000,2435000,0.6,0.2,0.005,0.04,4,422892.00016526104,2000,1.0,0.0,24,1.0,2.5416666666666665,0.0016938409071761819,0.9525,-9.031626156435657e-06,0.001714172975530836,0.9583333333333334,0.7975819352134406,0.9926065438344942,0.00036676671559444,0.00152196028379104,0.0015343942777891262,0.0016924727047786933,0.0,0.03130115821463532,0.9545,-0.0008290716568736283,0.03132940132441958,1.0,0.8620237953250198,1.0,-0.0070097967923840425,0.028747474032007177,0.029002076850757418,0.033099837959777216,0.0,5.7978182217023384e-05,0.948,-2.166139585504801e-06,5.7799924536149834e-05,0.9583333333333334,0.7975819352134406,0.9926065438344942,-1.7482474967577797e-05,5.268211842836814e-05,5.445549222075828e-05,5.787645781317328e-05,0.0,0.0004898979485566356,0.9495,2.201562497300138e-05,0.0004902372173944977,1.0,0.8620237953250198,1.0,5.807291630328514e-05,0.0003139936002621842,0.00031282014865575654,0.0004902346991673513,0.0
1,internal_basis,8000000,1000000,0.6,0.2,0.005,0.04,4,3639778.9805852654,2000,0.54,0.4075,24,0.625,4.708333333333333,0.16394772681503517,0.951,0.005903197837364016,0.16626863476362996,1.0,0.8620237953250198,1.0,-0.05116668219231571,0.10317261057482023,0.113221431086133,0.6146445516709691,0.041666666666666664,0.0667496454819735,0.9515,-0.0025284482744161074,0.06703967694545605,1.0,0.8620237953250198,1.0,0.00544787781180447,0.07252024630304343,0.07120205573820078,0.1948204315640962,0.0,0.017465829848189937,0.9505,-0.0006346312910916106,0.017712561289261887,1.0,0.8620237953250198,1.0,0.006451740781549826,0.012320926969451005,0.013678632318611104,0.06015837548786466,0.3333333333333333,0.0174775501277991,0.953,-0.0006370169140753501,0.01773130193844234,1.0,0.8620237953250198,1.0,0.005377905484587514,0.011458117793964512,0.0124394524855668,0.06016944281196839,0.0
2,external_references,8000000,2435000,0.6,0.2,0.005,0.12,4,511436.6176252124,2000,1.0,0.0,24,1.0,2.5416666666666665,0.0018541946506232974,0.953,2.1334149986342976e-05,0.0018166946387713912,0.9583333333333334,0.7975819352134406,0.9926065438344942,0.00036218808034343963,0.0015375579229887605,0.0015481476211316697,0.001854160229620305,0.0,0.03402328134278049,0.947,0.00035846768849971336,0.03365233058748467,0.9166666666666666,0.741511978067893,0.9768411847029567,-0.004792697154476874,0.04221837169320568,0.04160642458309933,0.03700123803345344,0.0,5.797817656217726e-05,0.948,6.097022982280913e-07,5.783433227863521e-05,0.9166666666666666,0.741511978067893,0.9768411847029567,-2.0576389147256317e-05,6.188208050899685e-05,6.397829071742132e-05,5.785824257135259e-05,0.0,0.0008124038404635959,0.9515,3.3687499553748943e-06,0.0008038139013591945,0.9583333333333334,0.7975819352134406,0.9926065438344942,3.359374879590912e-05,0.0006897906822466385,0.0006761022550011824,0.0008124978853012639,0.0
2,internal_basis,8000000,1000000,0.6,0.2,0.005,0.12,4,5017082.89402042,2000,0.528,0.3915,24,0.5,5.083333333333333,0.18588375540101937,0.9495,0.0014885447074888592,0.18505610198221406,1.0,0.8620237953250198,1.0,-0.0769800898601165,0.12736897271706848,0.14653612914709654,2.430784279598062,0.08333333333333333,0.07583854090325018,0.9455,-0.001259562429745405,0.07524900695770143,1.0,0.8620237953250198,1.0,0.0033030240588111264,0.08872949086804688,0.08692407076331013,0.3912780359906165,0.0,0.01814660269648774,0.9505,-0.0001480540091456132,0.01806725589330651,0.9583333333333334,0.7975819352134406,0.9926065438344942,0.011305562995960314,0.01806752492465243,0.02099165868119069,0.2456336038054976,0.2916666666666667,0.018157606246230702,0.9475,-0.00015505683817353463,0.01806028800863204,0.9583333333333334,0.7975819352134406,0.9926065438344942,0.005962023478878811,0.012637493630801544,0.013733082041008211,0.24564327815282908,0.0
3,external_references,8000000,2435000,0.6,0.2,0.02,0.01,4,260582.83214890008,2000,1.0,0.0,24,1.0,2.375,0.0021958559824477313,0.953,-2.1516109019893704e-05,0.002148283243715902,0.9583333333333334,0.7975819352134406,0.9926065438344942,-2.9672028493997932e-05,0.0021288678025779273,0.002084255733291634,0.0021963641470876985,0.0,0.038333228774057815,0.956,-0.0003906846685515908,0.0372650944205965,1.0,0.8620237953250198,1.0,0.0002564329312503717,0.025300189769613526,0.024768822003900737,0.03890469069953342,0.0,0.00011507850454806213,0.9585,1.16589781568259e-06,0.00011302801598902985,0.8333333333333334,0.6414692935030095,0.9332132367136705,-6.807564955721406e-06,0.0001561934842182443,0.00015305629878637744,0.00011505834651789318,0.0,0.000248746859276655,0.953,4.515625002921681e-06,0.00024782125698930913,0.9166666666666666,0.741511978067893,0.9768411847029567,7.89062500854847e-05,0.000213741677016567,0.00022362499437487653,0.0002497027165575086,0.0
3,internal_basis,8000000,1000000,0.6,0.2,0.02,0.01,4,3358349.4683786095,2000,0.6245,0.3035,24,0.7083333333333334,4.083333333333333,0.18238352216782447,0.952,-0.0006363015983765787,0.1856928681303122,1.0,0.8620237953250198,1.0,-0.03176326764673743,0.16190078584948087,0.16164346139317262,0.29592785862643983,0.08333333333333333,0.06815856559019697,0.9555,-0.0001376546140906057,0.0676093746849813,1.0,0.8620237953250198,1.0,0.025714581206593118,0.08176284646038315,0.08407053162105606,0.16676764705655964,0.0,0.01969991666407764,0.952,6.670868443707783e-05,0.020049708517993644,0.9583333333333334,0.7975819352134406,0.9926065438344942,0.004640902786598354,0.017408526586305182,0.017662599185887962,0.028620488536821646,0.125,0.019710473717517173,0.9515,6.3529466060989e-05,0.020061042119814788,0.9583333333333334,0.7975819352134406,0.9926065438344942,0.006030744626592599,0.01573785524490621,0.016544786635258546,0.028630644318899164,0.20833333333333334
4,external_references,8000000,2435000,0.6,0.2,0.02,0.04,4,282290.2571116163,2000,1.0,0.0,24,1.0,2.625,0.0022735421228265293,0.946,6.170332408376327e-05,0.0022768449944417057,0.9166666666666666,0.741511978067893,0.9768411847029567,-0.0008731212582981281,0.0023651541839002127,0.0024745128036804723,0.002269583517255182,0.0,0.03967697048780342,0.952,-0.00022314686916234688,0.03968758143279793,1.0,0.8620237953250198,1.0,-0.00896676044961081,0.03733383929051997,0.037631671514261916,0.04338440334635732,0.0,0.00011507850284622512,0.9555,-3.943229691341272e-06,0.00011535030250447523,0.9166666666666666,0.741511978067893,0.9768411847029567,4.171692477864655e-05,0.00011257800963230833,0.00011783902037056257,0.00011519552074269317,0.0,0.0004898979485566356,0.9395,7.81874999864847e-06,0.0004999129175708274,0.9166666666666666,0.741511978067893,0.9768411847029567,-9.166666704634185e-05,0.000491720396681029,0.0004900175372761611,0.000489349999238347,0.0
4,internal_basis,8000000,1000000,0.6,0.2,0.02,0.04,4,3791738.345802593,2000,0.766,0.158,24,0.6666666666666666,4.041666666666667,0.19203562427584153,0.946,0.002984674897974698,0.19405039649361655,1.0,0.8620237953250198,1.0,0.01819497053336723,0.16279084742029978,0.16039861114227358,0.3852452484518994,0.08333333333333333,0.07188516605489413,0.949,0.0003612782368901952,0.07202894029350196,1.0,0.8620237953250198,1.0,0.01253514527508822,0.08401107779069562,0.08319202791718557,0.13659622432226767,0.0,0.020102523900296296,0.9455,-0.00030843252618791754,0.020312324182116443,1.0,0.8620237953250198,1.0,1.105754570765153e-05,0.01778884282355264,0.01741430243301943,0.03388786640543775,0.25,0.020112810323012136,0.945,-0.00031616370472918636,0.020316125640981342,1.0,0.8620237953250198,1.0,-0.0011315946710612472,0.019306454639083936,0.01893380304156531,0.03389764670788508,0.0
5,external_references,8000000,2435000,0.6,0.2,0.02,0.12,4,353761.7520189917,2000,1.0,0.0,24,1.0,2.7916666666666665,0.0025044347315033516,0.9635,-1.8587489473328446e-05,0.0024771870389004476,0.9166666666666666,0.741511978067893,0.9768411847029567,0.00018900507112357598,0.0030577805323027136,0.002999360008343641,0.002510376379162886,0.0,0.04372113117077767,0.955,-0.0005858363475907163,0.0429366916013288,0.9166666666666666,0.741511978067893,0.9768411847029567,0.004432487308540191,0.05459878034510647,0.05363267948071715,0.04653077673180978,0.0,0.0001150785010244323,0.9515,1.6562588572561348e-06,0.00011620001330888957,0.9583333333333334,0.7975819352134406,0.9926065438344942,1.742075736125088e-05,9.559206014281688e-05,9.518708596385154e-05,0.00011512674815589606,0.0,0.000812403840463596,0.946,6.081249969096196e-06,0.0008180901190994296,0.9583333333333334,0.7975819352134406,0.9926065438344942,4.062499936710942e-05,0.0009762707710269503,0.0009565784424203807,0.0008125142836708544,0.0
5,internal_basis,8000000,1000000,0.6,0.2,0.02,0.12,4,5292815.729602163,2000,0.748,0.1555,24,0.7083333333333334,4.25,0.22123481219152466,0.9565,-0.011098909530980531,0.21625961168015972,1.0,0.8620237953250198,1.0,-0.030512274674301315,0.18680952125792552,0.18540421045306124,0.36212589506153287,0.125,0.08284708455095197,0.9575,0.001699976476141813,0.08099251249534986,1.0,0.8620237953250198,1.0,0.032663767116526375,0.08904133906731058,0.09308562407368971,0.19630208427524062,0.0,0.021190983641378003,0.956,0.0010521393316577795,0.020712868461884637,1.0,0.8620237953250198,1.0,0.004924389823280686,0.018029873291751403,0.01832433079069234,0.03017839514374869,0.16666666666666666,0.021200524388708557,0.9555,0.0010314415034927116,0.020721730557281066,1.0,0.8620237953250198,1.0,0.0038589687610999634,0.019544357870469254,0.019518136461875956,0.030187260914638334,0.0
6,external_references,8000000,2435000,0.6,0.2,0.06,0.01,4,303257.386514105,2000,0.999,0.0,24,1.0,2.6666666666666665,0.0033752922330110707,0.951,3.526851421766713e-05,0.003377563013219071,1.0,0.8620237953250198,1.0,-6.525064263045166e-05,0.0027500437888673046,0.002692932283841539,0.0033804975589946727,0.0,0.05749069925418279,0.9505,0.0007527821793689992,0.057049781533447155,1.0,0.8620237953250198,1.0,0.006829398735249972,0.04385591331163474,0.04347231999367822,0.060414312625912625,0.0,0.0001952110528214126,0.9595,-1.0921761316197778e-06,0.00018931374496200548,0.8333333333333334,0.6414692935030095,0.9332132367136705,1.1091364953392269e-05,0.000245453172603185,0.0002405410065247876,0.00019522661081487923,0.0,0.000248746859276655,0.952,1.3390625001445872e-05,0.0002498560736319313,0.9166666666666666,0.741511978067893,0.9768411847029567,5.390624987169037e-05,0.0002680495959367164,0.00026788560104142,0.0002493880381133264,0.0
6,internal_basis,8000000,1000000,0.6,0.2,0.06,0.01,4,4089880.657734351,2000,0.497,0.361,24,0.20833333333333334,2.375,0.25384189308035515,0.9505,-0.0028662298461902954,0.2572182435390933,1.0,0.8620237953250198,1.0,0.0891754518888735,0.34073042190647695,0.34527104924724517,1.652907297398632,0.25,0.0785651111075209,0.947,0.00032127131332926264,0.07968685444114085,1.0,0.8620237953250198,1.0,-0.012338628047202259,0.07648248237179074,0.07588201212363958,0.41265493662429725,0.0,0.02620811877805723,0.9505,0.0002977173380844532,0.026564717035226722,1.0,0.8620237953250198,1.0,-0.0029946402867806698,0.030728505673880913,0.030230209292318313,0.07649767474214679,0.041666666666666664,0.026216198650807127,0.95,0.0002918471769239133,0.02657199689690875,1.0,0.8620237953250198,1.0,0.0059257570691311915,0.022347021513517078,0.022664864370416756,0.07650293074920896,0.5416666666666666
7,external_references,8000000,2435000,0.6,0.2,0.06,0.04,4,330763.233643761,2000,0.9985,0.0,24,0.9583333333333334,2.9166666666666665,0.003503209474545643,0.947,-7.323066160946607e-05,0.0035490968638345363,0.9583333333333334,0.7975819352134406,0.9926065438344942,-0.0005242981679790907,0.003384729309726042,0.0033546879708193163,0.0035038028624866705,0.0,0.059808823337427666,0.9485,-0.0003668299323166452,0.05975238897196679,1.0,0.8620237953250198,1.0,-0.006427444825281351,0.06030533286227756,0.05938446488598015,0.08636817491721598,0.041666666666666664,0.00019521108651358713,0.9465,7.83260195768256e-06,0.00019778723699551945,0.9583333333333334,0.7975819352134406,0.9926065438344942,6.105641239479483e-05,0.00020427114949371267,0.00020908365647557005,0.0001953030680902653,0.0,0.0004898979485566356,0.9595,-1.075000008642489e-06,0.0004732726177122865,1.0,0.8620237953250198,1.0,0.00014869791600493972,0.00044191091341674605,0.0004574488386470127,0.000490761928679499,0.0
7,internal_basis,8000000,1000000,0.6,0.2,0.06,0.04,4,4653237.0799387405,2000,0.7955,0.0745,24,0.7916666666666666,6.791666666666667,0.2694088590488557,0.953,0.015282923781075286,0.267145093139169,1.0,0.8620237953250198,1.0,0.06433708316444747,0.2224331136524013,0.227055565667302,0.833739410060339,0.125,0.08359897181757922,0.952,-0.0026512026586126467,0.08322900052275066,1.0,0.8620237953250198,1.0,0.0063048751291739785,0.09410504717109104,0.09233916480836483,0.24210669165023765,0.0,0.026920544211144575,0.9525,-0.0015228173465756637,0.026691887222965168,0.9583333333333334,0.7975819352134406,0.9926065438344942,-0.0008794398227261841,0.027581813600472915,0.027015396921587043,0.06700244039445956,0.0,0.026928383674372988,0.951,-0.0015162282766831088,0.026715357673888596,0.9583333333333334,0.7975819352134406,0.9926065438344942,-0.000832882911728339,0.027512428648006605,0.026946029737885034,0.06700932251640825,0.0
8,external_references,8000000,2435000,0.6,0.2,0.06,0.12,4,422164.88643145293,2000,0.998,0.0,24,1.0,2.9166666666666665,0.0038886285256025015,0.9565,-5.047054929319761e-05,0.0038125980902190934,0.875,0.6899611872949993,0.9565566591987655,0.0010783776205774837,0.004187541339186704,0.004238838853249598,0.003895345757448262,0.0,0.0668330936945069,0.955,-0.0014217869831929528,0.06579809952403343,0.9583333333333334,0.7975819352134406,0.9926065438344942,-0.005319614410842708,0.06721258050517487,0.06601211114803959,0.09234272833916825,0.0,0.0001952111892338438,0.9505,-9.078638551906353e-08,0.0001932277510657655,0.9166666666666666,0.741511978067893,0.9768411847029567,-3.064389669501863e-05,0.00023351902522924576,0.0002306470310185487,0.00019516325069873018,0.0,0.000812403840463596,0.949,2.186875000900996e-05,0.0008084246941723882,0.9166666666666666,0.741511978067893,0.9768411847029567,0.00010234375007765056,0.0008356420261393667,0.0008244247120688664,0.0008126968499230339,0.0
8,internal_basis,8000000,1000000,0.6,0.2,0.06,0.12,4,6668053.773585904,2000,0.778,0.021,24,0.8333333333333334,5.0,0.3180891287910326,0.9415,0.0006903265648825089,0.3270101548973673,1.0,0.8620237953250198,1.0,-0.009152794109900143,0.19111974722428982,0.1873194682308804,0.4467344437349972,0.125,0.09886773351800617,0.949,7.605728626170738e-05,0.10058342029144693,1.0,0.8620237953250198,1.0,0.035877850962447604,0.06289945924979164,0.07126510072506242,0.33061440103759815,0.0,0.02896478847295523,0.9415,-6.676640748742091e-05,0.029777434061950013,1.0,0.8620237953250198,1.0,0.0038366939721469332,0.020247801252442462,0.020189389512300402,0.0364844477531399,0.0,0.02897195839828103,0.94,-4.99992000312974e-05,0.029804576416626028,1.0,0.8620237953250198,1.0,0.003721068177245327,0.02012407911843876,0.020048710733187012,0.036492133073533696,0.0
9,external_references,8000000,2435000,0.6,0.5,0.005,0.01,4,61189.170080109616,2000,1.0,0.0,24,1.0,1.875,0.0017843855327766946,0.9525,-2.3985720366753616e-05,0.0017456044300441043,0.9166666666666666,0.741511978067893,0.9768411847029567,-0.0006680730094233145,0.0018219952743453592,0.0019046440288151072,0.001780884178875655,0.0,0.011752216516519417,0.9505,-0.00018863660934184115,0.011764460092609692,0.9583333333333334,0.7975819352134406,0.9926065438344942,-0.00319746348073219,0.012434626034267844,0.01258575386950939,0.011867265063567424,0.0,5.7966480044561096e-05,0.951,-1.7143160913473363e-06,5.765521189640387e-05,1.0,0.8620237953250198,1.0,7.068374052384601e-06,4.793417737200983e-05,4.745429782498019e-05,5.800689240812018e-05,0.0,0.000248746859276655,0.9585,-4.390624999330409e-06,0.00024100987818438075,0.9583333333333334,0.7975819352134406,0.9926065438344942,-2.864583481667343e-06,0.00021011270246449354,0.00020570872794581181,0.0002486982198072526,0.0
9,internal_basis,8000000,1000000,0.6,0.5,0.005,0.01,4,128169.6007863572,2000,0.936,0.0335,24,0.8333333333333334,2.625,0.022891334075521942,0.9425,-0.0012483051444432403,0.023452017640556683,0.9583333333333334,0.7975819352134406,0.9926065438344942,0.004436767247050069,0.029000721272681267,0.028734705987294433,0.023406899556562694,0.0,0.024598438322089213,0.942,0.001212985401547672,0.025413458953332614,0.9583333333333334,0.7975819352134406,0.9926065438344942,-0.0012202831912398414,0.031011063823925576,0.03038264170947383,0.02457774573372813,0.0,0.0025966079074407023,0.9415,0.0001407472094908142,0.0026603041239937745,0.9583333333333334,0.7975819352134406,0.9926065438344942,-0.0002493921147887944,0.00298874093128027,0.002936422698874596,0.0026329877094447627,0.20833333333333334,0.002672182462641553,0.9455,0.0001527178171933099,0.002714597171856301,0.9166666666666666,0.741511978067893,0.9768411847029567,-0.0006313734702645097,0.0031989542996408438,0.0031946131551949886,0.002708131618435264,0.0
10,external_references,8000000,2435000,0.6,0.5,0.005,0.04,4,65158.785677035354,2000,1.0,0.0,24,1.0,1.9583333333333333,0.0018403972249301768,0.9495,2.2560568250521495e-05,0.0018659441358288655,1.0,0.8620237953250198,1.0,-0.0004903541331411678,0.0013042450796264763,0.001367707974116949,0.0018373404762509588,0.0,0.01207795412372247,0.9505,5.374509352207815e-05,0.01227172596361031,1.0,0.8620237953250198,1.0,-0.0026025515077159056,0.010921200243727974,0.011003462947277165,0.012170488111174249,0.0,5.7966401571417205e-05,0.9505,-1.907841003980274e-06,5.786292235024292e-05,0.9583333333333334,0.7975819352134406,0.9926065438344942,2.492014459638409e-07,5.3446577348363795e-05,5.2321853675317755e-05,5.7967293627404715e-05,0.0,0.0004898979485566356,0.943,1.0206249992443708e-05,0.0005026022791509785,1.0,0.8620237953250198,1.0,-3.723958352693507e-05,0.0003733454408713787,0.0003673769463483342,0.0004896737881112566,0.0
10,internal_basis,8000000,1000000,0.6,0.5,0.005,0.04,4,141630.99591257123,2000,0.9355,0.028,24,0.875,2.5,0.023799129483387912,0.9455,-0.00017376452131477943,0.024290454019602,0.9583333333333334,0.7975819352134406,0.9926065438344942,0.008378668940697354,0.023488774975579885,0.024473173139051833,0.024545977749387753,0.0,0.025511727995062315,0.947,0.00027898713466926626,0.025950512053533485,1.0,0.8620237953250198,1.0,-0.005659194732567517,0.020590661432837325,0.020936479746352984,0.025431603793196245,0.0,0.00261724429091322,0.9445,1.860600373819518e-05,0.00267463709564151,1.0,0.8620237953250198,1.0,-0.0007335166089962808,0.002183379880578884,0.0022597705999286457,0.00267154963650473,0.125,0.002691872425466018,0.9455,2.1449401005451868e-05,0.0027611486514611417,0.9166666666666666,0.741511978067893,0.9768411847029567,-0.0009528475469042022,0.002708251541275918,0.002817256719697449,0.0027451160948945377,0.0
11,external_references,8000000,2435000,0.6,0.5,0.005,0.12,4,77791.91199332589,2000,1.0,0.0,24,1.0,2.0,0.002003703013840813,0.95,3.191156924888649e-05,0.0019929423526169475,0.9583333333333334,0.7975819352134406,0.9926065438344942,0.0005373195744493714,0.002234347385209602,0.0022523338384080774,0.0020043929702418684,0.0,0.013040530540916993,0.9415,-0.00014673228026511673,0.013022580798083827,0.9166666666666666,0.741511978067893,0.9768411847029567,0.0012838722842669046,0.01526058108922683,0.014994335850268268,0.012988255202771823,0.0,5.7966199897066084e-05,0.947,-1.6384851075728623e-06,5.800501139068864e-05,0.9583333333333334,0.7975819352134406,0.9926065438344942,-3.075982348625072e-05,5.6048486365233646e-05,6.290235711332824e-05,5.778737302289319e-05,0.0,0.0008124038404635959,0.9565,1.4109374890505033e-05,0.0008040428413036905,0.9583333333333334,0.7975819352134406,0.9926065438344942,-0.00019687500050897798,0.0007784351465445252,0.0007870658528000573,0.0008118226449220302,0.0
11,internal_basis,8000000,1000000,0.6,0.5,0.005,0.12,4,185937.44235667578,2000,0.933,0.028,24,0.9166666666666666,2.4583333333333335,0.026474605710220152,0.9515,0.00013963217575291065,0.026405512355196125,0.9583333333333334,0.7975819352134406,0.9926065438344942,0.00036443393709175337,0.02925931518231254,0.028645578893783878,0.026380515842776776,0.0,0.02810089990777693,0.9525,0.00026627919112943266,0.02795896734251046,0.9583333333333334,0.7975819352134406,0.9926065438344942,0.0048624408155879305,0.028631238802875957,0.028447056196812363,0.02795303108771403,0.0,0.00266604308481202,0.9485,-9.627899935086173e-06,0.0026560248836024155,0.9583333333333334,0.7975819352134406,0.9926065438344942,0.00016329293060929502,0.0027396777042545278,0.002686960257287674,0.002645794232305406,0.125,0.0027378775182809213,0.9535,-2.7427273335936557e-05,0.0027217029790107274,0.9166666666666666,0.741511978067893,0.9768411847029567,-6.559028118367435e-05,0.0032412505607691587,0.003173683910867917,0.00271859807844318,0.0
12,external_references,8000000,2435000,0.6,0.5,0.02,0.01,4,40411.17713182489,2000,1.0,0.0,24,1.0,2.0416666666666665,0.002349070214547217,0.952,-3.3472290924323024e-05,0.002308112900989212,1.0,0.8620237953250198,1.0,0.00025626448484572056,0.002251198974799413,0.00221864957635467,0.0023497692326259123,0.0,0.014790451815634823,0.956,-0.00046008939697825187,0.014387170508106667,0.9583333333333334,0.7975819352134406,0.9926065438344942,0.0004016354744941243,0.012030113449583926,0.011783666213470578,0.014774933872589267,0.0,0.000115020856752487,0.9635,-1.7448093633165313e-06,0.00011120241976607366,0.9166666666666666,0.741511978067893,0.9768411847029567,-1.1612686898836098e-05,0.00013145513526674054,0.00012921024815073395,0.00011498689242707,0.0,0.000248746859276655,0.958,-5.309374995793685e-06,0.0002468640745786599,0.9166666666666666,0.741511978067893,0.9768411847029567,1.7187500001507967e-05,0.0002929901712859861,0.0002873357773411367,0.00024893231227367653,0.0
12,internal_basis,8000000,1000000,0.6,0.5,0.02,0.01,4,138056.1904238841,2000,0.9965,0.0025,24,1.0,2.8333333333333335,0.028795008042255613,0.9495,0.0012979401696258848,0.02925136038417117,0.9166666666666666,0.741511978067893,0.9768411847029567,-0.005766698873560096,0.03221074551965265,0.03205552117095145,0.02859891288746208,0.0,0.027739187954429256,0.944,-0.000661962652400549,0.028857105854133844,1.0,0.8620237953250198,1.0,0.0068200811879598365,0.025423895897794823,0.02580611787780227,0.02809668679384174,0.0,0.003174902866868724,0.951,-0.00013645007643998884,0.003232921027298554,0.9583333333333334,0.7975819352134406,0.9926065438344942,0.0006921023256492551,0.003519975674246979,0.003514679906523847,0.003160253962503438,0.0,0.003237749525545163,0.948,-0.00014245360612943862,0.0032919813510555304,0.9583333333333334,0.7975819352134406,0.9926065438344942,0.0006420467415720168,0.003589716220395005,0.0035723055984485173,0.0032234970937794643,0.0
13,external_references,8000000,2435000,0.6,0.5,0.02,0.04,4,43486.84905596467,2000,1.0,0.0,24,1.0,2.125,0.002427951923441461,0.9405,5.442023618102354e-05,0.002508343157427229,1.0,0.8620237953250198,1.0,0.0002080600603672859,0.002254182744532139,0.0022165076902401484,0.002430011781975175,0.0,0.01525930051442433,0.947,0.0002554559853986477,0.015587831346333902,0.9166666666666666,0.741511978067893,0.9768411847029567,0.0015939745871959333,0.016852732832884684,0.01657472223268084,0.01521577932697681,0.0,0.0001150213119453768,0.947,4.2143499043467705e-08,0.00011820519325956992,0.9583333333333334,0.7975819352134406,0.9926065438344942,1.2522888311718798e-05,9.041532321070914e-05,8.939312776528598e-05,0.00011505455760405404,0.0,0.0004898979485566356,0.9455,-5.690625005951744e-06,0.0004934835365677312,1.0,0.8620237953250198,1.0,8.515625064871504e-05,0.0004948162421671208,0.0004918260913581018,0.0004903876664820807,0.0
13,internal_basis,8000000,1000000,0.6,0.5,0.02,0.04,4,153881.17387113147,2000,1.0,0.0,24,1.0,2.5,0.030173011598869218,0.9535,0.0007170885129037243,0.03035980776909374,0.9166666666666666,0.741511978067893,0.9768411847029567,-0.001545694326967606,0.027243289523009306,0.026714436683539188,0.03020683306900668,0.0,0.02895976610554172,0.953,-0.0010823612076414557,0.028758796136534245,1.0,0.8620237953250198,1.0,0.0034115798972689884,0.025183214272624942,0.024887916682274778,0.029126756114097346,0.0,0.003223733034153071,0.9515,-7.923512850694778e-05,0.003237041827109347,0.9583333333333334,0.7975819352134406,0.9926065438344942,0.00027572785029296047,0.0029213364913598136,0.0028730890673955866,0.0032236479610506887,0.0,0.0032853667002918346,0.9545,-7.775860312108622e-05,0.0032932593093173974,1.0,0.8620237953250198,1.0,0.00028236753783477997,0.00282865360811375,0.0027834557555322346,0.003285517660992198,0.0
14,external_references,8000000,2435000,0.6,0.5,0.02,0.12,4,53457.604986912644,2000,1.0,0.0,24,1.0,2.0,0.0026615029266852976,0.952,-1.5049122414879046e-05,0.0026326285993449917,1.0,0.8620237953250198,1.0,0.0003038881135752856,0.0024247231675545403,0.0023930441540455493,0.0026604013962215245,0.0,0.016657825471908666,0.9525,0.0002811099850681751,0.01670766956241534,0.9583333333333334,0.7975819352134406,0.9926065438344942,-0.0013644391727359966,0.014887770865091453,0.014638038707379869,0.016708537298977647,0.0,0.00011502279296185595,0.9475,5.9812412433416145e-06,0.0001150246349710369,0.9166666666666666,0.741511978067893,0.9768411847029567,-3.6524818548276345e-05,0.00013566333305677861,0.00013773796308712126,0.0001149194496452537,0.0,0.000812403840463596,0.9375,2.7587500057224858e-05,0.0008407215513622505,0.8333333333333334,0.6414692935030095,0.9332132367136705,-6.666666873926877e-05,0.0011273340324790809,0.0011056098081934718,0.0008121978259172177,0.0
14,internal_basis,8000000,1000000,0.6,0.5,0.02,0.12,4,207306.54658457244,2000,1.0,0.0,24,1.0,2.7083333333333335,0.03435534489302634,0.9545,-0.0006156087195848533,0.03415775032244407,1.0,0.8620237953250198,1.0,0.0011971269181610216,0.03482315704180225,0.034110968931581075,0.034853625043135515,0.0,0.03251157658065827,0.9555,6.78202827414816e-05,0.03214764562114059,0.9583333333333334,0.7975819352134406,0.9926065438344942,0.0007238517450774903,0.029143699613598157,0.028539260456159475,0.03275599712941322,0.0,0.0033559992535124664,0.954,5.648579309136467e-05,0.003331168882913926,1.0,0.8620237953250198,1.0,-4.314753028011239e-05,0.003346462038207161,0.003276286445858456,0.0033875176754177842,0.0,0.0034141282744573403,0.9565,7.010623681781678e-05,0.003375328255697009,1.0,0.8620237953250198,1.0,-7.976656049214076e-05,0.0034146167206751416,0.0033436735905897344,0.003445434354689211,0.0
15,external_references,8000000,2435000,0.6,0.5,0.06,0.01,4,43755.6415653816,2000,1.0,0.0,24,1.0,2.125,0.003531034400999116,0.9465,-0.0001628606143195108,0.003539406071404168,0.875,0.6899611872949993,0.9565566591987655,-0.0006646859457275639,0.004029364626690727,0.004000136984819788,0.0035304801850121344,0.0,0.021485432573866124,0.9515,-0.000857837569046316,0.02137673603992353,0.9583333333333334,0.7975819352134406,0.9926065438344942,0.003007958480395296,0.019510247021136483,0.019334868690041317,0.02140837605263093,0.0,0.0001950903361526803,0.9535,9.81987705061277e-07,0.00019687011115181738,0.8333333333333334,0.6414692935030095,0.9332132367136705,6.781673699255587e-05,0.00022843318745754485,0.00023368053527803882,0.00019518777358195502,0.0,0.000248746859276655,0.95,-1.3131250001603927e-05,0.0002497984742198565,1.0,0.8620237953250198,1.0,1.770833323719554e-05,0.0002295706255277937,0.00022543360996136116,0.0002489487541225312,0.0
15,internal_basis,8000000,1000000,0.6,0.5,0.06,0.01,4,172238.8590567561,2000,0.9765,0.0135,24,0.9583333333333334,2.9583333333333335,0.044017939437453406,0.951,0.0006666786860330874,0.04453485453117321,0.9583333333333334,0.7975819352134406,0.9926065438344942,0.003840501036295574,0.042779016815450266,0.04205403527509585,0.04540937646049637,0.0,0.03459506548194266,0.9495,-0.0004377176713273864,0.03422069012383669,0.9583333333333334,0.7975819352134406,0.9926065438344942,-0.0029246804074520016,0.03906428297421373,0.03835345966050241,0.035283498202432366,0.0,0.004563560420882018,0.9515,-7.426622140462777e-05,0.004609639864479943,0.9583333333333334,0.7975819352134406,0.9926065438344942,-0.00033506452377752633,0.00449786858691432,0.004415896188868528,0.0046689299380051645,0.0,0.004608674908965819,0.952,-5.84021918230743e-05,0.004667916190578086,0.9583333333333334,0.7975819352134406,0.9926065438344942,-0.00010130279574860519,0.004506193734776702,0.004412478893184051,0.004713275478235403,0.041666666666666664
16,external_references,8000000,2435000,0.6,0.5,0.06,0.04,4,47281.52541991642,2000,1.0,0.0,24,1.0,2.1666666666666665,0.003657935015581216,0.951,-0.00010603011576713018,0.003694729819957272,1.0,0.8620237953250198,1.0,-0.00020183464508949367,0.0027727453156474752,0.0027218588534939155,0.0036509934045742994,0.0,0.02225128695141907,0.949,2.1379131088584442e-05,0.022349210543896332,1.0,0.8620237953250198,1.0,-0.010626286856310002,0.019904685286813065,0.02219473544269071,0.02291225766422449,0.0,0.0001950937873657543,0.9545,6.76843862896195e-06,0.0001912768693195159,0.9583333333333334,0.7975819352134406,0.9926065438344942,-8.034597734433008e-05,0.00015066884341849034,0.0001679604038757452,0.00019498135306844825,0.0,0.0004898979485566356,0.9485,5.193750001142083e-06,0.0005011215472504512,1.0,0.8620237953250198,1.0,2.473958326554571e-05,0.00045040168999855874,0.00044161200078309215,0.0004900350515574875,0.0
16,internal_basis,8000000,1000000,0.6,0.5,0.06,0.04,4,195120.37632081352,2000,1.0,0.0,24,1.0,3.25,0.04663282194709529,0.9565,0.0005060823351234152,0.04504464950234226,0.9583333333333334,0.7975819352134406,0.9926065438344942,0.0010260881451218905,0.04509826923535846,0.04416064801274323,0.04619779802063694,0.0,0.036539228556405325,0.956,-0.0006021873423794386,0.035729064934025404,0.9583333333333334,0.7975819352134406,0.9926065438344942,0.009348991244821048,0.03468409502816649,0.0352174054962671,0.03674566327795536,0.0,0.004679627821669162,0.955,-5.231183497405186e-05,0.0045236400667112335,0.9583333333333334,0.7975819352134406,0.9926065438344942,9.26922885862427e-05,0.004375878351613223,0.004284747005636279,0.004614465476642624,0.0,0.004723503556709976,0.955,-5.00199433037779e-05,0.004562488021498231,0.9583333333333334,0.7975819352134406,0.9926065438344942,7.655249647325745e-05,0.004503689460644791,0.004409528878205223,0.004659290498350601,0.0
17,external_references,8000000,2435000,0.6,0.5,0.06,0.12,4,58791.562586028616,2000,1.0,0.0,24,1.0,2.3333333333333335,0.004038498078416004,0.9435,-0.00015379304287226265,0.00407868171652863,1.0,0.8620237953250198,1.0,-0.0006053260858017717,0.004365196239796964,0.004315947418963643,0.004027111758963917,0.0,0.024553320764498128,0.9495,-0.0006787479329905162,0.024579437247669787,0.9166666666666666,0.741511978067893,0.9768411847029567,-0.016111366592325958,0.029901628991783,0.033413007559224515,0.02575429434563377,0.0,0.00019510355958267023,0.95,5.1039582102801845e-06,0.0001948321361877895,0.9166666666666666,0.741511978067893,0.9768411847029567,-7.496459383716924e-05,0.00020582145682216207,0.0002149815327275477,0.00019500172651778025,0.0,0.000812403840463596,0.947,2.248750007839505e-05,0.000817866087282875,1.0,0.8620237953250198,1.0,-7.734375102146837e-05,0.0007504274422812787,0.0007386874705824684,0.00081217276292417,0.0
17,internal_basis,8000000,1000000,0.6,0.5,0.06,0.12,4,275841.60101052833,2000,1.0,0.0,24,1.0,3.2916666666666665,0.054819768838380814,0.9475,-0.0012779055817699182,0.05534119980286201,0.875,0.6899611872949993,0.9565566591987655,0.03319560813884578,0.07198465278551865,0.07789628174587236,0.05742712111273427,0.0,0.04239685003509082,0.9525,0.001185193601534583,0.0422486404743082,0.9583333333333334,0.7975819352134406,0.9926065438344942,-0.007554806604435335,0.049165778282837684,0.0487199047333944,0.04128439371973161,0.0,0.005012804128645876,0.948,0.0001192005066065141,0.005065068462584494,0.875,0.6899611872949993,0.9565566591987655,-0.0025878587188507174,0.006324186366113656,0.006710132169017272,0.005027050173141573,0.0,0.00505318984735541,0.947,0.0001396459965799817,0.005126439195072487,0.875,0.6899611872949993,0.9565566591987655,-0.0025231739347853764,0.006319173437750592,0.006680907742904709,0.005067895146216207,0.0
18,external_references,8000000,2435000,0.6,0.9,0.005,0.01,4,10766.649971374103,2000,1.0,0.0,24,1.0,1.875,0.0018131667638162303,0.9535,-3.452668434239581e-05,0.0017738705964191845,0.9166666666666666,0.741511978067893,0.9768411847029567,0.00034350933484228463,0.0019703558642159957,0.001959218798855482,0.0018145980007199377,0.0,0.004549264136950299,0.9515,-9.491602305263236e-05,0.00453094004399608,1.0,0.8620237953250198,1.0,-0.0009596567230645928,0.003999153271876428,0.004030853937350167,0.0045571883990263694,0.0,5.764660659600686e-05,0.944,-1.8670184214642152e-06,5.855775383526978e-05,0.9583333333333334,0.7975819352134406,0.9926065438344942,-7.4207392886662255e-06,5.948307659069344e-05,5.87015950003836e-05,5.760510265461233e-05,0.0,0.000248746859276655,0.947,5.4687500067788995e-06,0.0002539929666580318,0.9166666666666666,0.741511978067893,0.9768411847029567,2.2395833404070722e-05,0.0002231499778548258,0.0002195965761985223,0.00024900750544965504,0.0
18,internal_basis,8000000,1000000,0.6,0.9,0.005,0.01,4,12194.510210957244,2000,1.0,0.0,24,1.0,2.0,0.005278373317894203,0.9575,-4.2798694329881925e-08,0.005160686698579825,0.875,0.6899611872949993,0.9565566591987655,-0.0009227427101646535,0.005731983438142397,0.005686660134795288,0.0052981894264115224,0.0,0.008143100230536673,0.9515,3.789075764284777e-05,0.00810417867315857,0.9166666666666666,0.741511978067893,0.9768411847029567,-0.00020443628532939204,0.008778203782747029,0.008595810216459165,0.008182223912712646,0.0,0.0005809347386001164,0.9555,1.324112517418202e-06,0.0005730951439484556,0.9583333333333334,0.7975819352134406,0.9926065438344942,9.43602729671659e-05,0.0006024210229027494,0.0005972383565893099,0.0005836734758499058,0.0,0.0008464159499770456,0.9585,1.915391536531595e-05,0.0008374036803305174,0.875,0.6899611872949993,0.9565566591987655,-6.504069356989192e-05,0.0008335558722832774,0.0008185933316950329,0.0008483374190329968,0.0
19,external_references,8000000,2435000,0.6,0.9,0.005,0.04,4,11359.381285067151,2000,1.0,0.0,24,1.0,1.8333333333333333,0.0018641191196048712,0.9485,-0.00011866551160285943,0.0018780416908920074,0.9583333333333334,0.7975819352134406,0.9926065438344942,-0.0001470263942992637,0.0015182785511377753,0.0014935654587308147,0.0018633025332918435,0.0,0.0046525435985204,0.952,-0.00014493082926707735,0.004630812013466928,0.9583333333333334,0.7975819352134406,0.9926065438344942,0.0009400960894051791,0.004671599204333222,0.004668864225161699,0.004643793784278756,0.0,5.7649102757148496e-05,0.952,2.7029214413292813e-06,5.827208627201249e-05,1.0,0.8620237953250198,1.0,3.845982460827795e-06,4.449266821489405e-05,4.372534591934383e-05,5.766851331083905e-05,0.0,0.0004898979485566357,0.9445,-2.215624998621505e-05,0.0004927257787627677,0.9583333333333334,0.7975819352134406,0.9926065438344942,8.072915646950505e-06,0.0005414179721590706,0.0005300798996565025,0.0004899336672911019,0.0
19,internal_basis,8000000,1000000,0.6,0.9,0.005,0.04,4,13203.174006435669,2000,1.0,0.0,24,1.0,2.0,0.005476979332443378,0.9555,5.653781207172187e-05,0.005410470088167245,0.9583333333333334,0.7975819352134406,0.9926065438344942,-2.1587030974994554e-05,0.005071358191526051,0.004964627729637247,0.005475966333998844,0.0,0.008351732274568134,0.9575,-3.664608658667095e-05,0.008122098535449838,0.9583333333333334,0.7975819352134406,0.9926065438344942,0.0002713672496448318,0.0077309700822098286,0.0075730581336539505,0.008351060756531728,0.0,0.0005834663186507924,0.957,-6.672180169168834e-06,0.00056725151069348,0.9583333333333334,0.7975819352134406,0.9926065438344942,6.4895941454128844e-06,0.0004909930300231125,0.000480698984691022,0.0005833690704701306,0.0,0.0008480512048607107,0.9495,1.2249001392523845e-05,0.0008374203464287485,0.9583333333333334,0.7975819352134406,0.9926065438344942,-9.125753893563279e-05,0.0007066892826548327,0.0006978029387819008,0.0008480139984298925,0.0
20,external_references,8000000,2435000,0.6,0.9,0.005,0.12,4,13214.567763631145,2000,1.0,0.0,24,1.0,1.875,0.0020120378269861826,0.9455,-4.888611437306345e-05,0.0020334332370005627,1.0,0.8620237953250198,1.0,-6.962421809637391e-06,0.00203008053105004,0.0019873494025358716,0.0020115004631768643,0.0,0.004955225303550471,0.949,1.6412460910334216e-05,0.004985153685452852,1.0,0.8620237953250198,1.0,-0.00019317185521370203,0.004511650949279657,0.004420880556153612,0.004957024861756323,0.0,5.765662506667922e-05,0.95,2.121194121851095e-06,5.762655755828494e-05,1.0,0.8620237953250198,1.0,1.3876724758618982e-06,4.6468984273194514e-05,4.551174057473226e-05,5.766418602324007e-05,0.0,0.000812403840463596,0.9495,2.586562501322155e-05,0.00080976898249376,0.9166666666666666,0.741511978067893,0.9768411847029567,-0.00033697916651451225,0.000878188904667056,0.0009233833013796557,0.0008114109164795736,0.0
20,internal_basis,8000000,1000000,0.6,0.9,0.005,0.12,4,16569.445882729193,2000,1.0,0.0,24,1.0,1.9583333333333333,0.006083143823856444,0.9565,-0.00019276246449055458,0.006054643274498063,0.9583333333333334,0.7975819352134406,0.9926065438344942,0.0016884693454923088,0.005589012834966224,0.005725945236132812,0.006083383477150977,0.0,0.008973325711243787,0.9475,0.00036069915845863887,0.009218323199978493,0.9166666666666666,0.741511978067893,0.9768411847029567,-0.0026328112948785323,0.00976865940910504,0.009918784662871124,0.00897164527742743,0.0,0.0005910245128038433,0.958,2.413517050016811e-05,0.0005912168361545036,0.9166666666666666,0.741511978067893,0.9768411847029567,-0.00019000457755610962,0.0006051006943563097,0.0006220871892587299,0.0005912052265836777,0.0,0.0008510056212108673,0.945,4.626600525038932e-05,0.000876452522932935,0.9166666666666666,0.741511978067893,0.9768411847029567,-0.00022825204515353713,0.0010976099435706724,0.0010984756566105307,0.0008511675305105434,0.0
21,external_references,8000000,2435000,0.6,0.9,0.02,0.01,4,6889.335484594386,2000,1.0,0.0,24,1.0,1.9166666666666667,0.002338950914299313,0.9625,-5.032209087336043e-05,0.0022435437801389263,0.875,0.6899611872949993,0.9565566591987655,0.0008627082688088492,0.002693483830201781,0.0027743170456254666,0.0023415597263744033,0.0,0.005640860813197596,0.948,3.183871585521203e-05,0.005555274807438543,0.9583333333333334,0.7975819352134406,0.9926065438344942,0.0014010418371114043,0.00580180617274489,0.005849900282000512,0.005613433055160494,0.0,0.00011392004084035542,0.958,4.725818172380684e-06,0.00010992494185810313,1.0,0.8620237953250198,1.0,-7.327183328425617e-06,0.00011210351950653997,0.00010998751477345886,0.00011388916971981633,0.0,0.000248746859276655,0.9585,3.7406250009953157e-06,0.00024300174701929236,0.8333333333333334,0.6414692935030095,0.9332132367136705,-1.2500000144190863e-05,0.00032528206812075186,0.0003186785049510141,0.00024856042168636654,0.0
21,internal_basis,8000000,1000000,0.6,0.9,0.02,0.01,4,16560.159601239964,2000,1.0,0.0,24,1.0,2.0416666666666665,0.008090994731527025,0.9645,0.0004052085458626471,0.007877737128210788,0.9583333333333334,0.7975819352134406,0.9926065438344942,0.0010747446217081226,0.0068519871456489126,0.006793273525028715,0.008097871066785377,0.0,0.010530441570613199,0.953,-0.00017103247766360962,0.010432727810893744,1.0,0.8620237953250198,1.0,-0.0016143403941320429,0.009839620884737995,0.009766787851285841,0.010528150127848116,0.0,0.000861386574015129,0.9585,-3.814960894945234e-05,0.000841125604730955,0.9583333333333334,0.7975819352134406,0.9926065438344942,-0.00013399769692527615,0.0007483450016293362,0.0007447425377385389,0.0008619731667378784,0.0,0.001059361955469888,0.9495,-3.7757265322838425e-05,0.001058439756398323,0.9166666666666666,0.741511978067893,0.9768411847029567,-0.00016332228475389996,0.0011231801623406692,0.0011115952242436824,0.0010598917957636792,0.0
22,external_references,8000000,2435000,0.6,0.9,0.02,0.04,4,7324.902694148984,2000,1.0,0.0,24,1.0,1.875,0.0024107484203968505,0.9475,-4.7595753948968925e-05,0.002396106700942237,0.9583333333333334,0.7975819352134406,0.9926065438344942,-0.0002750051025975873,0.0028102718537999466,0.0027648124475035778,0.0024096726888635377,0.0,0.005787192368834769,0.9455,-8.279666051128942e-05,0.005889570664769751,0.9166666666666666,0.741511978067893,0.9768411847029567,0.00028816025654155214,0.0068752710932259795,0.006736678156201516,0.00578827685553339,0.0,0.00011394744050560573,0.952,-1.6474253065615983e-06,0.0001136702684998237,1.0,0.8620237953250198,1.0,1.1395531758572776e-05,0.0001033847322069065,0.00010184748832768944,0.00011397720678804218,0.0,0.0004898979485566356,0.951,-1.1318749984523763e-05,0.00048207875064282393,0.9583333333333334,0.7975819352134406,0.9926065438344942,-6.432291724961399e-05,0.00047074567679076726,0.0004653015521053507,0.0004895114425257223,0.0
22,internal_basis,8000000,1000000,0.6,0.9,0.02,0.04,4,18180.29651109473,2000,1.0,0.0,24,1.0,2.0833333333333335,0.008468857917720642,0.9455,-0.000655163788472732,0.008703366606607936,0.8333333333333334,0.6414692935030095,0.9332132367136705,0.00275216395581665,0.009540570263875272,0.00973674915083605,0.008466154579509198,0.0,0.010886716336146247,0.9455,0.0003999459388483303,0.01113810080707986,0.9166666666666666,0.741511978067893,0.9768411847029567,-0.0014682133067131509,0.012240759373163329,0.01207264120899159,0.010833153839793157,0.0,0.0008725111652725055,0.948,5.823255225186423e-05,0.0008941830813235632,0.9166666666666666,0.741511978067893,0.9768411847029567,-0.00022239193501959794,0.0010037979536987984,0.0010075141392479696,0.0008701839696925577,0.0,0.0010684625328862699,0.9505,4.5306714647358024e-05,0.0010943290412404303,0.9583333333333334,0.7975819352134406,0.9926065438344942,0.0001820433391448928,0.0010984199244239992,0.0010905934977187858,0.0010666119020089143,0.0
23,external_references,8000000,2435000,0.6,0.9,0.02,0.12,4,8709.754898992554,2000,1.0,0.0,24,1.0,1.8333333333333333,0.002622622278315875,0.9545,-8.523393364049547e-05,0.0025798654260876914,0.9583333333333334,0.7975819352134406,0.9926065438344942,-0.0010198388547210623,0.0025916310807088494,0.0027343676835771156,0.0026194954479639293,0.0,0.0062213620531766075,0.95,-1.795704641259027e-05,0.0061939817916483115,0.9583333333333334,0.7975819352134406,0.9926065438344942,-0.004273709580446923,0.005078955020823379,0.00655633688456466,0.006297977531438533,0.0,0.00011402374875117395,0.9565,2.3108284297114497e-06,0.00011153756870868885,0.9583333333333334,0.7975819352134406,0.9926065438344942,-2.154329079152312e-05,0.00011010294906076403,0.0001099166136760519,0.00011398652249061877,0.0,0.000812403840463596,0.955,-3.265625000675829e-05,0.0007992715302318432,0.9166666666666666,0.741511978067893,0.9768411847029567,4.4270834564734636e-05,0.0009367296046469265,0.0009180747941602921,0.0008125256045359015,0.0
23,internal_basis,8000000,1000000,0.6,0.9,0.02,0.12,4,23745.64478510401,2000,1.0,0.0,24,1.0,2.0833333333333335,0.009641764115304277,0.95,3.667005368580051e-05,0.009761525363639853,1.0,0.8620237953250198,1.0,0.0024881171021367324,0.009010293455687228,0.009164790797665745,0.009625186859792198,0.0,0.011973628107286655,0.954,4.380825485627521e-05,0.01196494399879634,0.875,0.6899611872949993,0.9565566591987655,-0.0010638641424076712,0.01316465763410358,0.012931312466027212,0.011904298539762397,0.0,0.0009053432544882749,0.952,-2.5655030494175137e-06,0.0009153131230518663,1.0,0.8620237953250198,1.0,-0.0002117079684765957,0.000895338013710831,0.0009016923899510619,0.0009020448818146575,0.0,0.0010939997143920267,0.954,-3.166463203900623e-05,0.0011093556442434518,0.9583333333333334,0.7975819352134406,0.9926065438344942,-0.00010871600970182732,0.0011933548777326108,0.001173276483740452,0.001091309336996168,0.0
24,external_references,8000000,2435000,0.6,0.9,0.06,0.01,4,6529.106620270301,2000,1.0,0.0,24,1.0,2.0,0.003431901608838333,0.95,-6.165916761327311e-05,0.003490410867618286,0.9583333333333334,0.7975819352134406,0.9926065438344942,0.0005940366908829958,0.003647556828908046,0.003619832748354202,0.003434078436507103,0.0,0.007847836211640934,0.952,-0.00014084617372767583,0.007879292712236195,1.0,0.8620237953250198,1.0,-0.0002437108809155153,0.007195991134493566,0.007048694067049965,0.007842826783967916,0.0,0.00019340758977812652,0.941,-1.4690835451745612e-06,0.00020027659032355137,0.8333333333333334,0.6414692935030095,0.9332132367136705,-4.53483600848789e-05,0.00024818493805028207,0.0002471553096589624,0.0001933366949791695,0.0,0.000248746859276655,0.955,-4.962500000880812e-06,0.00024368674414507,0.9166666666666666,0.741511978067893,0.9768411847029567,-3.1249999117735714e-06,0.0002648317758650522,0.00025927457884668514,0.00024868712026224774,0.0
24,internal_basis,8000000,1000000,0.6,0.9,0.06,0.01,4,28693.097122426676,2000,1.0,0.0,24,1.0,2.2083333333333335,0.014948912401414311,0.9545,0.00023640483784069023,0.014813147107256674,1.0,0.8620237953250198,1.0,0.005349651972264599,0.011289512326466999,0.012278490112255024,0.014987130258463223,0.0,0.016332573110610055,0.954,0.0001136790066343259,0.016065794734499338,1.0,0.8620237953250198,1.0,-0.005496523307945635,0.012606940265952183,0.013510159956782742,0.016166091272108024,0.0,0.0014983808068879632,0.9545,-1.7988709367170176e-05,0.0014814009448406726,0.9583333333333334,0.7975819352134406,0.9926065438344942,-0.0005446795716684988,0.0011175039749031883,0.001222070785921948,0.0014970410915889373,0.0,0.0016213553035297598,0.959,-5.0408480322569705e-05,0.0015992136702827782,1.0,0.8620237953250198,1.0,-0.0006194196217277418,0.001121746945855793,0.0012607803282937272,0.001620295763547275,0.0
25,external_references,8000000,2435000,0.6,0.9,0.06,0.04,4,6974.335970037878,2000,1.0,0.0,24,1.0,1.9166666666666667,0.003547166197933226,0.95,9.835183800726172e-05,0.0034947816984832237,1.0,0.8620237953250198,1.0,0.0016151898847327716,0.002923159445282759,0.0032859798577212036,0.0035528137970935784,0.0,0.008085313297667807,0.9545,-4.3547495499249854e-06,0.008005483906882677,1.0,0.8620237953250198,1.0,0.0018656257812086306,0.008836635620030382,0.00884946890637985,0.008022146422555058,0.0,0.00019347580513501186,0.9575,-6.85486572163553e-06,0.0001911304325307968,0.875,0.6899611872949993,0.9565566591987655,-8.618146180390731e-05,0.00021365960348096143,0.00022622017909177536,0.00019332220171033355,0.0,0.0004898979485566357,0.948,-1.6543749976759228e-05,0.0004953278927985474,1.0,0.8620237953250198,1.0,5.989583304865688e-05,0.0004383567570223184,0.000433287006854871,0.0004902416693323986,0.0
25,internal_basis,8000000,1000000,0.6,0.9,0.06,0.04,4,32008.186885476418,2000,1.0,0.0,24,1.0,2.1666666666666665,0.0157828017049264,0.9515,0.00036629501443536614,0.015997256933580915,0.9583333333333334,0.7975819352134406,0.9926065438344942,-9.083885463255965e-05,0.014169180024599432,0.013871145530439163,0.015706042527602854,0.0,0.017074461687284798,0.949,-0.00044246176350773653,0.017203456120421467,0.9583333333333334,0.7975819352134406,0.9926065438344942,0.003617499598929976,0.016771656902927947,0.016812329567360933,0.017037256161605608,0.0,0.00152974441547144,0.948,-3.802113299587918e-05,0.0015567098106599305,1.0,0.8620237953250198,1.0,9.13218845621554e-05,0.0014578137869612452,0.0014300384076987847,0.001520787806762326,0.0,0.0016506049697142936,0.955,-4.332216919273652e-05,0.0016464349102445616,0.9166666666666666,0.741511978067893,0.9768411847029567,-0.00014464332223826804,0.0016976438628789339,0.0016681826230831344,0.0016422915619675686,0.0
26,external_references,8000000,2435000,0.6,0.9,0.06,0.12,4,8408.153750064423,2000,1.0,0.0,24,1.0,1.9583333333333333,0.0038924520605021257,0.9475,-5.573156612755426e-05,0.003883739456093887,0.875,0.6899611872949993,0.9565566591987655,0.000977191984893715,0.005002438017002355,0.004993656729746552,0.003899913640591278,0.0,0.00879929539369857,0.95,-2.1291793590923258e-05,0.008816001964082273,0.875,0.6899611872949993,0.9565566591987655,-0.0018469894074106263,0.011368173818405703,0.011281043325183922,0.008827108085859325,0.0,0.00019365657781993855,0.9505,3.258674802406644e-06,0.00019093665199194717,0.875,0.6899611872949993,0.9565566591987655,-3.5598477393986146e-05,0.00026371825205314845,0.0002606084480710275,0.0001936093698913338,0.0,0.000812403840463596,0.947,-1.5190624971498847e-05,0.0008144031749698746,1.0,0.8620237953250198,1.0,0.0002492187496062123,0.0006749504629065925,0.0007061774025642315,0.000813127882477684,0.0
26,internal_basis,8000000,1000000,0.6,0.9,0.06,0.12,4,43659.5176681949,2000,1.0,0.0,24,1.0,2.4166666666666665,0.018401040835258096,0.947,0.00024492887693328786,0.018539098154429015,1.0,0.8620237953250198,1.0,0.0017754511604134299,0.01341079105427029,0.013247936518382353,0.018339274178665727,0.0,0.019379128886684707,0.948,-2.7220280100403616e-05,0.019924604119438274,1.0,0.8620237953250198,1.0,0.0019346392314552642,0.017575772384068242,0.01731414007581966,0.019261502022103322,0.0,0.0016214919552935295,0.943,-1.7252011599979075e-05,0.0016478396568918338,1.0,0.8620237953250198,1.0,-1.883894288058138e-05,0.0012238160466077018,0.001198196721552611,0.0016119008569880243,0.0,0.0017356024700031858,0.9395,-1.649299736801337e-05,0.0017958236295936136,1.0,0.8620237953250198,1.0,-0.00010777724725716427,0.0014028054342584834,0.0013774921873264535,0.0017267037775703868,0.0
27,external_references,8000000,2435000,0.9,0.2,0.005,0.01,4,148662.1296011523,2000,1.0,0.0,24,1.0,2.0,0.002813582569233921,0.945,-8.273392809396818e-05,0.0029255620697311124,0.9583333333333334,0.7975819352134406,0.9926065438344942,0.00023136471285728488,0.002497108715813203,0.002455456557310242,0.0028147101439995013,0.0,0.019619214321875193,0.948,-0.0006753692047433023,0.020308654345015168,0.9583333333333334,0.7975819352134406,0.9926065438344942,0.0003873148806381339,0.01852213615834557,0.01813628895402467,0.019746332295215423,0.0,5.7978214347386824e-05,0.95,2.174151739598334e-06,5.838044143083387e-05,0.9583333333333334,0.7975819352134406,0.9926065438344942,-1.4241616437572082e-05,5.51246904410377e-05,5.5811659378956355e-05,5.789513709234642e-05,0.0,0.000248746859276655,0.9505,2.965625001831086e-06,0.00024991027888049774,0.9166666666666666,0.741511978067893,0.9768411847029567,1.8229168480587657e-06,0.0002462523391783027,0.00024107439094673248,0.00024875078698055993,0.0
27,internal_basis,8000000,1000000,0.9,0.2,0.005,0.01,4,5085832.9218283305,2000,0.5935,0.375,24,0.625,4.416666666666667,0.25472048226823923,0.9485,-0.006406424840652093,0.2547888233282666,0.875,0.6899611872949993,0.9565566591987655,-0.05811274595481672,0.15820590028261194,0.16541861646480777,0.24861192342964758,0.0,0.049493189414648725,0.9485,0.0007291235101766564,0.049349571324105224,0.9583333333333334,0.7975819352134406,0.9926065438344942,0.02269674730331506,0.05158388601418713,0.05536396764859792,0.05182551111103517,0.0,0.018370239201400566,0.9495,0.0004605235007288226,0.01837435903940724,0.875,0.6899611872949993,0.9565566591987655,0.006076908587945083,0.013198047021291513,0.01427793441924006,0.01787859524070688,0.375,0.0183818883828981,0.949,0.0004492438102562074,0.018385730085786357,0.875,0.6899611872949993,0.9565566591987655,0.005678190668280664,0.01368293119858399,0.014548660196944256,0.017892205228244324,0.0
28,external_references,8000000,2435000,0.9,0.2,0.005,0.04,4,159173.10059432258,2000,1.0,0.0,24,1.0,2.2083333333333335,0.0029282354198676514,0.941,1.808187613921175e-05,0.0029858632821797345,1.0,0.8620237953250198,1.0,-0.00025178867191451754,0.0028516432350919533,0.0028029339618882575,0.0029263293673573074,0.0,0.020241177480147653,0.948,0.00011172652400707149,0.02008468022407632,0.9583333333333334,0.7975819352134406,0.9926065438344942,-0.0034008153914827943,0.021787327932725906,0.021598021931180305,0.020845663920757346,0.0,5.797821228454829e-05,0.958,1.2669195805331284e-06,5.6720129067459126e-05,0.9166666666666666,0.741511978067893,0.9768411847029567,8.558661309107247e-06,5.5351434383993564e-05,5.4857765339901114e-05,5.802670506500471e-05,0.0,0.0004898979485566356,0.9545,2.7200000024398375e-05,0.0004807568302293441,0.9166666666666666,0.741511978067893,0.9768411847029567,8.12499999528991e-05,0.0004707439475481458,0.0004679402728687788,0.0004903657300372172,0.0
28,internal_basis,8000000,1000000,0.9,0.2,0.005,0.04,4,5736628.809132584,2000,0.56,0.406,24,0.5,4.083333333333333,0.26721279658484703,0.9465,0.0040717369798152075,0.2721776318905301,0.875,0.6899611872949993,0.9565566591987655,-0.03884722164763292,0.1749135774061111,0.17558213047565174,0.5556857412636874,0.0,0.051863677735151235,0.9475,-0.0008257297601025785,0.05212918058838826,0.9583333333333334,0.7975819352134406,0.9926065438344942,-0.0008392447931729966,0.07075298912972967,0.06926836994375471,0.065470699263221,0.0,0.018684832790506287,0.946,-0.0002872765158081688,0.01902293979219732,0.9166666666666666,0.741511978067893,0.9768411847029567,0.005454754525408621,0.012599821578202473,0.013486846854493587,0.03505162608046855,0.5,0.018696200301842256,0.945,-0.00027944048728552914,0.01905315882414532,0.9166666666666666,0.741511978067893,0.9768411847029567,0.0031864114334298576,0.014806987582153956,0.014841321112423516,0.03506290651461331,0.0
29,external_references,8000000,2435000,0.9,0.2,0.005,0.12,4,192999.40000033518,2000,1.0,0.0,24,1.0,2.0,0.0032571160240550848,0.9455,8.056570738055868e-05,0.0032669839169995633,0.8333333333333334,0.6414692935030095,0.9332132367136705,0.0007268130734744879,0.004408623246380527,0.004376572237525419,0.003262464109891837,0.0,0.022095590256625483,0.9505,-0.0001274782612503218,0.022161552369959904,0.9583333333333334,0.7975819352134406,0.9926065438344942,0.0002689104020019405,0.023983393547350226,0.023479963378721234,0.022382293789194787,0.0,5.7978206382419556e-05,0.9575,-1.0266968296149015e-06,5.741996292859661e-05,0.9583333333333334,0.7975819352134406,0.9926065438344942,-1.0204848624408325e-05,5.480521674757406e-05,5.4613187301674706e-05,5.7918451793217506e-05,0.0,0.000812403840463596,0.944,3.4790625054845275e-05,0.000817585471589142,0.875,0.6899611872949993,0.9565566591987655,0.00012265624956709896,0.000963171722629208,0.0009508365610664615,0.0008127541943506422,0.0
29,internal_basis,8000000,1000000,0.9,0.2,0.005,0.12,4,7940737.736721327,2000,0.5535,0.4025,24,0.5833333333333334,4.625,0.30352313656896307,0.949,-0.004296786964739579,0.3097946820353626,0.9583333333333334,0.7975819352134406,0.9926065438344942,-0.06701199141318231,0.17048923595523385,0.17985015731825627,2.638161771924356,0.0,0.05864821190715168,0.949,0.00044616105235260954,0.05998372341463719,1.0,0.8620237953250198,1.0,-0.013819413795820024,0.06875181713681229,0.06870835496713536,0.22809471287390748,0.041666666666666664,0.019446488091035146,0.948,0.0002740722159763981,0.01984858520973541,1.0,0.8620237953250198,1.0,0.006902592583306816,0.015230792787789476,0.016430371966057594,0.21500111364988458,0.3333333333333333,0.019457116072310467,0.947,0.00028711147483480293,0.01985184425283934,1.0,0.8620237953250198,1.0,0.0041119157978152495,0.01080041511721971,0.011344445540435764,0.2150109572853832,0.0
30,external_references,8000000,2435000,0.9,0.2,0.02,0.01,4,81193.57060834073,2000,1.0,0.0,24,1.0,2.4583333333333335,0.0035502697216318853,0.953,8.674579485539014e-06,0.0035349124312805,0.9166666666666666,0.741511978067893,0.9768411847029567,-0.0004449401473089291,0.0037888335284514893,0.0037356519415280374,0.0035443134058930734,0.0,0.023351762390542076,0.9515,-0.0006839202588920592,0.023639511695217077,0.9583333333333334,0.7975819352134406,0.9926065438344942,-0.00673155542912346,0.02833217232724723,0.028540839062829372,0.02465036615801613,0.0,0.0001150785763458353,0.9495,-3.5270983296312037e-06,0.00011445385389956597,1.0,0.8620237953250198,1.0,-1.2711736171961528e-05,0.00010093168890677074,9.962091724472237e-05,0.00011504237813506973,0.0,0.000248746859276655,0.9545,3.999999947199148e-07,0.0002413046587830638,0.9166666666666666,0.741511978067893,0.9768411847029567,6.66666665743304e-05,0.00024105369531651264,0.00024521461679545054,0.0002495487157064626,0.0
30,internal_basis,8000000,1000000,0.9,0.2,0.02,0.01,4,5082619.801915886,2000,0.666,0.304,24,0.625,3.3333333333333335,0.27605531443332,0.9545,-0.002474470915287601,0.27213063154769396,0.9583333333333334,0.7975819352134406,0.9926065438344942,0.05239574258277587,0.27172847859048954,0.27111835914354837,0.5392190657102275,0.041666666666666664,0.05210768327479713,0.954,0.000413033694785401,0.051940981433769254,1.0,0.8620237953250198,1.0,0.009209247027727975,0.10242894040631458,0.10069431167588222,0.06640615090003486,0.0,0.0195861483802177,0.954,0.00017317625082583987,0.019309191616072186,0.9583333333333334,0.7975819352134406,0.9926065438344942,0.0003010700444992747,0.01845597094301976,0.01806988896786267,0.027858527653993007,0.25,0.019597165143955993,0.9535,0.0001650810170781485,0.019338075173909033,0.9583333333333334,0.7975819352134406,0.9926065438344942,0.003281318758887979,0.01546729504474633,0.015493096897175844,0.027869387483882443,0.3333333333333333
31,external_references,8000000,2435000,0.9,0.2,0.02,0.04,4,88096.90006625309,2000,1.0,0.0,24,1.0,2.1666666666666665,0.0036925974723987964,0.956,5.012612785061332e-05,0.003692579517069439,0.9583333333333334,0.7975819352134406,0.9926065438344942,-0.0012428791918269316,0.0033543520018399055,0.0035110690890449267,0.0036867776068849976,0.0,0.024197529056307752,0.9405,0.000813130325869443,0.024977660390752818,1.0,0.8620237953250198,1.0,-0.0007635260769659613,0.023781904771093477,0.023293693892818775,0.024755181289183234,0.0,0.0001150785689664493,0.951,2.5016229769756395e-06,0.00011568015965349926,0.9166666666666666,0.741511978067893,0.9768411847029567,2.5659932059286735e-05,0.00013165318937565426,0.00013141082258082796,0.00011515018701133182,0.0,0.0004898979485566356,0.945,5.987499972495088e-06,0.0004854950463796381,1.0,0.8620237953250198,1.0,5.208334567319631e-07,0.00037352479984344497,0.0003656606099853001,0.0004898954441718486,0.0
31,internal_basis,8000000,1000000,0.9,0.2,0.02,0.04,4,5752835.516544715,2000,0.802,0.1615,24,0.8333333333333334,5.166666666666667,0.2907938164656971,0.948,-0.001452463059575789,0.29357664877766293,0.9166666666666666,0.741511978067893,0.9768411847029567,-0.045634100917723165,0.25106656592171306,0.24998091427507502,0.48442099166188135,0.041666666666666664,0.05479314813314351,0.941,0.0005099601993711175,0.055380321124211214,1.0,0.8620237953250198,1.0,0.018367424242545366,0.0565235168821813,0.05830222181877335,0.09585450323827105,0.0,0.019994308074301092,0.9465,0.00010512328576144665,0.02018862148590825,1.0,0.8620237953250198,1.0,0.006426329131872581,0.018394062608892904,0.019119144364620456,0.026440101832168144,0.125,0.020005029931983116,0.9465,0.00011485255216133197,0.020205057967254303,0.9166666666666666,0.741511978067893,0.9768411847029567,0.005715041115563382,0.020156044082038617,0.02054263988098378,0.026451462563176886,0.0
32,external_references,8000000,2435000,0.9,0.2,0.02,0.12,4,110974.58919219548,2000,1.0,0.0,24,1.0,2.375,0.004109628799741193,0.941,-2.27392259231719e-05,0.004187471467787988,0.9166666666666666,0.741511978067893,0.9768411847029567,-0.0004411656364865374,0.0048107442583259176,0.0047300724016171285,0.004102276473337566,0.0,0.02675102165131412,0.9425,-7.965624708289689e-05,0.027370763449863538,1.0,0.8620237953250198,1.0,-0.009587808431826566,0.03826288597368467,0.038664874176709794,0.029974294686566535,0.0,0.00011507854957390067,0.9465,1.0858375479956551e-07,0.0001139127504598662,0.9583333333333334,0.7975819352134406,0.9926065438344942,-7.195009803632792e-06,0.00010166562291056691,9.978479139858884e-05,0.00011505790275247413,0.0,0.0008124038404635959,0.952,-6.325000037576203e-06,0.0008134351185943614,0.9583333333333334,0.7975819352134406,0.9926065438344942,5.3385417749320214e-05,0.0007295676475764467,0.0007161990520813611,0.0008125552439915874,0.0
32,internal_basis,8000000,1000000,0.9,0.2,0.02,0.12,4,8050880.238558721,2000,0.79,0.1635,24,0.7916666666666666,5.375,0.3344793019637642,0.953,-0.004060158624707476,0.3312792883343828,0.9166666666666666,0.741511978067893,0.9768411847029567,0.05304862366368479,0.30788635503322365,0.30603662161731066,0.8870529893459662,0.0,0.0625968491888529,0.9545,0.0001072352033819145,0.06211757300547883,0.9583333333333334,0.7975819352134406,0.9926065438344942,0.003387149891381124,0.06425677972007751,0.06299498089965692,0.07583993830493092,0.0,0.02104085752438645,0.9535,0.00025449111380161665,0.020844577415026305,0.9583333333333334,0.7975819352134406,0.9926065438344942,0.0006104525981986737,0.018302306189404805,0.017927347742065086,0.03604057484200003,0.20833333333333334,0.021050798380995925,0.952,0.00025162878595693186,0.02086159980277772,0.9583333333333334,0.7975819352134406,0.9926065438344942,-0.000648424277377076,0.020513684105401036,0.020092234523251366,0.03605018551151403,0.0
33,external_references,8000000,2435000,0.9,0.2,0.06,0.01,4,86271.16068996847,2000,1.0,0.0,24,1.0,2.5833333333333335,0.00518770919486348,0.95,-0.00019259155604764715,0.005115361841977068,0.9583333333333334,0.7975819352134406,0.9926065438344942,-0.0002105001533905295,0.005040987547350784,0.0049393370968785245,0.005179363845090081,0.0,0.03301863496461327,0.9475,-0.001155148226529186,0.03315577738567028,1.0,0.8620237953250198,1.0,-0.009219661203835348,0.03698821657267018,0.03736475582313469,0.036505218116894625,0.0,0.00019521076123326406,0.9585,3.218792152226809e-06,0.0001894780994193393,0.9166666666666666,0.741511978067893,0.9768411847029567,-4.5695986898347585e-05,0.00018351253008425176,0.00018536927978351,0.0001951409150195611,0.0,0.000248746859276655,0.949,-6.949999998496455e-06,0.00025171392668908065,1.0,0.8620237953250198,1.0,-2.6041666697811047e-05,0.00024608805281583113,0.0002423101168694954,0.0002484076359967219,0.0
33,internal_basis,8000000,1000000,0.9,0.2,0.06,0.01,4,5416848.717282546,2000,0.617,0.33,24,0.6666666666666666,4.333333333333333,0.3331507611564928,0.954,-0.005941826399915631,0.33064496027431034,1.0,0.8620237953250198,1.0,0.027623353967922287,0.2523022948484477,0.2485299693614879,0.6211773634554065,0.0,0.058434210723038595,0.949,0.0001467181546872097,0.05856326086105851,0.9166666666666666,0.741511978067893,0.9768411847029567,0.010451315714358644,0.06597083708944027,0.06542202768956547,0.07199335047364451,0.0,0.022608387859197592,0.955,0.0003936333618590691,0.022437724736431144,1.0,0.8620237953250198,1.0,4.2479943371419825e-05,0.01748001486322262,0.01711202605908008,0.03345395217237688,0.0,0.02261808514172721,0.955,0.000365155260750158,0.022447343045904008,1.0,0.8620237953250198,1.0,0.0034900259139871263,0.013156903822697148,0.013344351894653791,0.03346450620531281,0.3333333333333333
34,external_references,8000000,2435000,0.9,0.2,0.06,0.04,4,94680.22315704226,2000,1.0,0.0,24,1.0,2.625,0.00540052835522023,0.9505,-0.0001056130533133442,0.005371895349579856,0.9583333333333334,0.7975819352134406,0.9926065438344942,-0.00030884076931917787,0.005559272621693868,0.0054509783555809705,0.00539606557260865,0.0,0.03443673268052105,0.94,-0.000962188774002231,0.03556516940568996,0.9583333333333334,0.7975819352134406,0.9926065438344942,-0.0041604711810686295,0.034012557465709276,0.033555347309831576,0.03635399379675772,0.0,0.00019521077133165357,0.9585,-1.6859749472711815e-06,0.000188057761793441,0.9166666666666666,0.741511978067893,0.9768411847029567,-1.182405871347561e-07,0.00022557116661308448,0.00022082179969617628,0.00019520998882973167,0.0,0.0004898979485566356,0.9525,7.971874997323744e-06,0.0004850397846868058,0.9166666666666666,0.741511978067893,0.9768411847029567,-0.00010390625010474244,0.0004773462241647685,0.000478708454207787,0.0004892785790541939,0.0
34,internal_basis,8000000,1000000,0.9,0.2,0.06,0.04,4,6188682.774977331,2000,0.904,0.0455,24,0.8333333333333334,7.125,0.35389603479992277,0.9525,0.00474479008866547,0.35410314449492253,0.9166666666666666,0.741511978067893,0.9768411847029567,0.13576322389400103,0.44373525076213943,0.4551136325494169,1.7301498296854785,0.08333333333333333,0.06188686733987131,0.9525,-0.0004865455151153394,0.06245574880674602,1.0,0.8620237953250198,1.0,0.004328709696183306,0.09177724711234443,0.08994909589970404,0.09984857739524673,0.0,0.02324237801443331,0.953,-0.00031255170419425504,0.023259226364709725,0.9583333333333334,0.7975819352134406,0.9926065438344942,-0.00314559615224547,0.024483226756354046,0.024173270042327298,0.05483263146369335,0.0,0.023251773456681495,0.953,-0.00031189600245851525,0.023261767386728326,0.9583333333333334,0.7975819352134406,0.9926065438344942,-0.0027407248620737027,0.02359677772941461,0.023261968145749077,0.0548413733444837,0.125
35,external_references,8000000,2435000,0.9,0.2,0.06,0.12,4,123179.2215448485,2000,1.0,0.0,24,1.0,2.625,0.006038983162164462,0.947,-0.00013259371336151165,0.006182660303789463,0.9583333333333334,0.7975819352134406,0.9926065438344942,0.0001962032812195813,0.006037183944264713,0.005913326992656389,0.006044840573365948,0.0,0.038769964416959436,0.947,0.0006801685687821935,0.039547889115939115,0.9583333333333334,0.7975819352134406,0.9926065438344942,-0.001366506401281456,0.046961612183145165,0.04599314060596282,0.04168241358024618,0.0,0.0001952108101563932,0.949,5.000616662620329e-06,0.0001967965300540076,0.9583333333333334,0.7975819352134406,0.9926065438344942,1.374000908632335e-05,0.00019769801613458784,0.00019402260787666648,0.00019523068999558596,0.0,0.000812403840463596,0.948,-9.678124942951374e-06,0.0008375130812031563,0.9583333333333334,0.7975819352134406,0.9926065438344942,9.375000507523545e-06,0.00068765561668333,0.0006732423121178645,0.0008124271159145837,0.0
35,internal_basis,8000000,1000000,0.9,0.2,0.06,0.12,4,8916606.22642495,2000,0.9135,0.007,24,0.75,7.708333333333333,0.4174409972480273,0.9505,-0.00479121943820427,0.4121787073182388,0.9166666666666666,0.741511978067893,0.9768411847029567,0.12413505210222647,0.5505843460310066,0.5531018620780571,2.437486490745895,0.08333333333333333,0.07217854893269265,0.9545,0.00022652709853895124,0.0714575172796457,0.9583333333333334,0.7975819352134406,0.9926065438344942,0.0072340657110175266,0.08823043555467174,0.08667515633072012,0.15072585477250078,0.0,0.02497903660049835,0.9505,0.00027647568546321867,0.024663965166274743,0.9583333333333334,0.7975819352134406,0.9926065438344942,0.0003944825017744835,0.02774654270648945,0.02716520394917836,0.061117229145174055,0.0,0.024987625839448975,0.949,0.00025630416291127123,0.024675178331338674,0.9583333333333334,0.7975819352134406,0.9926065438344942,0.0002467588011467378,0.027870761744406624,0.027285058978200164,0.06112466418165933,0.0
36,external_references,8000000,2435000,0.9,0.5,0.005,0.01,4,26194.494272370022,2000,1.0,0.0,24,1.0,1.875,0.0030947285793768375,0.9495,-5.504833580127749e-05,0.0030803556874957312,0.8333333333333334,0.6414692935030095,0.9332132367136705,8.706097671384398e-05,0.004010639283997457,0.003927160458768187,0.0030944170578273665,0.0,0.007825499063454878,0.9435,5.470418828723927e-05,0.007888321029450512,0.9166666666666666,0.741511978067893,0.9768411847029567,-0.0007632374924122753,0.008423282720531281,0.008281177619673098,0.007840494238446617,0.0,5.796788411376541e-05,0.949,2.0805601413705415e-06,5.859213555229266e-05,1.0,0.8620237953250198,1.0,-3.5611017922225255e-06,4.663997591909369e-05,4.579663553838834e-05,5.794679167253321e-05,0.0,0.000248746859276655,0.948,-1.9156250089549598e-06,0.00025051149506833987,0.9583333333333334,0.7975819352134406,0.9926065438344942,3.8281249960101914e-05,0.0002277035079063216,0.0002261724370879814,0.00024920197498133704,0.0
36,internal_basis,8000000,1000000,0.9,0.5,0.005,0.01,4,126164.6152300582,2000,0.9295,0.031,24,0.9583333333333334,2.375,0.03557459847949855,0.9515,0.00014872625877426388,0.03575622639254308,0.9166666666666666,0.741511978067893,0.9768411847029567,0.001634168357955203,0.03480019422586313,0.0341066483419782,0.03573033840236669,0.0,0.018644119769432525,0.9435,-0.0003346248583523516,0.018833726238589896,0.875,0.6899611872949993,0.9565566591987655,0.0018996631984424459,0.021510343510565782,0.021142957337195054,0.018576462713207672,0.0,0.0026998841866852624,0.9475,-1.6828849192083523e-05,0.0027147817075916644,0.9166666666666666,0.741511978067893,0.9768411847029567,9.74359580882212e-06,0.0027265262953895825,0.002669137096915969,0.002695238337765539,0.041666666666666664,0.002774293854364452,0.9475,-1.5775375207650052e-05,0.002800037408144553,0.9583333333333334,0.7975819352134406,0.9926065438344942,-0.00018774094249770452,0.0027158082745785475,0.0026652474503157638,0.0027701990478674354,0.0
37,external_references,8000000,2435000,0.9,0.5,0.005,0.04,4,27948.263618961486,2000,1.0,0.0,24,1.0,1.9583333333333333,0.003212372913167353,0.948,-6.514610878139626e-05,0.003203854964275475,0.9583333333333334,0.7975819352134406,0.9926065438344942,0.0003535491198737399,0.003825369530070779,0.0037614786791044926,0.003215722969626885,0.0,0.008057656873566297,0.9565,5.2216321503700256e-06,0.007941869436821847,0.9583333333333334,0.7975819352134406,0.9926065438344942,0.00048522352982616895,0.00806195513185387,0.007907112772629942,0.008050361792254115,0.0,5.7967775945312224e-05,0.9515,1.372068046240475e-06,5.781850281473385e-05,0.9583333333333334,0.7975819352134406,0.9926065438344942,2.015720237432093e-05,5.802686466252756e-05,6.0275478326727654e-05,5.808284391946032e-05,0.0,0.0004898979485566357,0.952,-1.2996874993807504e-05,0.0004768457423728236,0.9166666666666666,0.741511978067893,0.9768411847029567,-9.921874998793476e-05,0.0005375610185825913,0.0005355144399107336,0.0004893036903500192,0.0
37,internal_basis,8000000,1000000,0.9,0.5,0.005,0.04,4,139416.98033916976,2000,0.923,0.0295,24,0.875,2.3333333333333335,0.036972717918567474,0.9465,0.0004369847259219623,0.03752313245750921,0.9166666666666666,0.741511978067893,0.9768411847029567,0.0076879154410304145,0.03925373746869202,0.03918874353310597,0.03855525189723189,0.0,0.019296196348451693,0.947,0.00016523702005813648,0.01946540493167216,0.9583333333333334,0.7975819352134406,0.9926065438344942,-0.004666172740481425,0.021170452796199096,0.02124351045983068,0.019457383050862472,0.0,0.0027195277854834077,0.948,-2.2376114447859773e-05,0.0027564492331419274,0.9583333333333334,0.7975819352134406,0.9926065438344942,-0.00048675030371688626,0.0027929950242781346,0.0027771771363939196,0.002792130423168201,0.125,0.0027929794508555436,0.945,-1.0493137215193544e-06,0.0028272424034534267,0.9583333333333334,0.7975819352134406,0.9926065438344942,-0.0005433722804825281,0.0031577582597455333,0.0031386643833107245,0.002864227447132556,0.0
38,external_references,8000000,2435000,0.9,0.5,0.005,0.12,4,33539.526529693925,2000,1.0,0.0,24,1.0,1.8333333333333333,0.003550581624061658,0.9475,-9.807773187241841e-05,0.0035414995154310243,1.0,0.8620237953250198,1.0,-0.0010354643035762796,0.0026710656487665906,0.0028123839300198796,0.0035412138446266066,0.0,0.008745618116566071,0.949,-0.00021337666353971098,0.008766650522864647,0.9166666666666666,0.741511978067893,0.9768411847029567,-0.0027399778551401113,0.008627383790253067,0.00887907127744598,0.008810697890010278,0.0,5.796747461194369e-05,0.944,-8.961344172458943e-07,5.872784257626338e-05,0.9583333333333334,0.7975819352134406,0.9926065438344942,2.3882563984649733e-06,5.097863351960457e-05,4.996239218322821e-05,5.7980802672644914e-05,0.0,0.0008124038404635959,0.9395,9.871875112590231e-06,0.0008349162656769089,1.0,0.8620237953250198,1.0,2.2135417826668613e-05,0.0006454533161982956,0.0006322509081098769,0.000812464914976171,0.0
38,internal_basis,8000000,1000000,0.9,0.5,0.005,0.12,4,183155.81002842644,2000,0.926,0.0355,24,0.8333333333333334,2.0416666666666665,0.04103594629999254,0.9545,-0.000309761406969053,0.04040808024250325,1.0,0.8620237953250198,1.0,0.0154259216284272,0.029712771841954113,0.03292449698192666,0.04274383931700007,0.0,0.021136000486029358,0.9525,-1.5551887602535285e-05,0.02067160830664826,1.0,0.8620237953250198,1.0,-0.0044078935400878524,0.015003926403571375,0.015335169524257307,0.021100119997172748,0.0,0.002761727906170627,0.9545,1.309385552437555e-05,0.002714715584599163,1.0,0.8620237953250198,1.0,-0.0009354288906537698,0.001823282324488694,0.002015160219307537,0.0028137021058324344,0.16666666666666666,0.0028324653541860743,0.9535,-3.723929348915106e-06,0.0027892376353628443,1.0,0.8620237953250198,1.0,-0.0013601460585636164,0.002018254430101653,0.0023986715676025862,0.0028834703598655162,0.0
39,external_references,8000000,2435000,0.9,0.5,0.02,0.01,4,14653.79097124089,2000,1.0,0.0,24,1.0,1.875,0.003846763937886253,0.944,-2.942727819357166e-05,0.0039608231359265856,0.9166666666666666,0.741511978067893,0.9768411847029567,-0.00028459769293889364,0.003660394916290169,0.003594609343734346,0.003842928356115358,0.0,0.009387165679821782,0.9405,-0.0001920362545424967,0.009748759103689554,0.9166666666666666,0.741511978067893,0.9768411847029567,-0.0013761587400221477,0.011166886222706396,0.011018046769988608,0.009421441194979265,0.0,0.00011501820426211562,0.953,-2.483095479240806e-06,0.00011462737285610032,0.9583333333333334,0.7975819352134406,0.9926065438344942,-1.1397690960191347e-05,0.00011962839998826269,0.00011766295801774719,0.00011498613900905057,0.0,0.000248746859276655,0.9545,5.262500001729074e-06,0.00024399403325079424,1.0,0.8620237953250198,1.0,-5.468749917390203e-06,0.00024062102973401232,0.00023561823043075715,0.00024866189760442694,0.0
39,internal_basis,8000000,1000000,0.9,0.5,0.02,0.01,4,135848.1297206108,2000,0.9995,0.0,24,1.0,2.625,0.040819155847801165,0.9525,-0.0012397232968010062,0.040287668423104724,1.0,0.8620237953250198,1.0,0.0065714005848049135,0.040626827490264125,0.04031066799958585,0.042143840871721315,0.0,0.02028490555471731,0.9485,0.0005133256442787132,0.020445460631299688,1.0,0.8620237953250198,1.0,-0.003338061312980601,0.019562105599990172,0.019438976221027415,0.020398122165356157,0.0,0.0030218211280569657,0.951,9.205608987453091e-05,0.002986424364548152,1.0,0.8620237953250198,1.0,-0.0004022542028475429,0.0029201071251723086,0.0028867873721354176,0.0030785981929016587,0.0,0.0030892613730779837,0.95,9.23145829265998e-05,0.003039919180791864,1.0,0.8620237953250198,1.0,-0.0003111934468809162,0.0028230319418146447,0.002781058758194976,0.0031451699989514755,0.0
40,external_references,8000000,2435000,0.9,0.5,0.02,0.04,4,15820.652730732461,2000,1.0,0.0,24,1.0,1.875,0.003994299133469247,0.9415,-6.630282329464443e-06,0.004096745974662921,0.9166666666666666,0.741511978067893,0.9768411847029567,-0.001088483507026644,0.004106345582996008,0.004164646920620669,0.003986500603138471,0.0,0.009702289822462866,0.9495,0.0004541187442189126,0.009807773752145534,0.9583333333333334,0.7975819352134406,0.9926065438344942,-0.0008175855177137819,0.008596127345654514,0.00845475957861636,0.009733753347088413,0.0,0.00011501817592245396,0.952,5.83089122474657e-06,0.00011470186750740993,1.0,0.8620237953250198,1.0,1.7659985187607728e-05,0.00011158489657554964,0.00011065380550593502,0.00011506776407459655,0.0,0.0004898979485566356,0.951,7.534375005748502e-06,0.0004804498185106947,1.0,0.8620237953250198,1.0,-0.00014010416668818292,0.0004214764292873016,0.0004357405100702691,0.0004890678229213961,0.0
40,internal_basis,8000000,1000000,0.9,0.5,0.02,0.04,4,151198.009041567,2000,1.0,0.0,24,1.0,2.5,0.04268666723237547,0.946,0.0008982046808819968,0.043222226278633744,1.0,0.8620237953250198,1.0,0.009764587568317737,0.0423326201350892,0.04257615667916177,0.04351198786136488,0.0,0.021088202016458297,0.9455,-0.0005013493995520639,0.0214216390398618,0.9583333333333334,0.7975819352134406,0.9926065438344942,0.00026042028316705196,0.020209871312660322,0.01978606655608301,0.02096182237648328,0.0,0.0030608213104509866,0.946,-6.669495597753957e-05,0.0030983669586159336,1.0,0.8620237953250198,1.0,-0.0005096353865781081,0.0030003769752958705,0.002981089728839604,0.003067863308049357,0.0,0.0031270657183283344,0.9445,-6.984268385391649e-05,0.0031831299341768993,1.0,0.8620237953250198,1.0,-0.0004948213323320612,0.0029923203329384404,0.0029708158113935916,0.003134257120985399,0.0
41,external_references,8000000,2435000,0.9,0.5,0.02,0.12,4,19635.32924063105,2000,1.0,0.0,24,1.0,1.9166666666666667,0.004426327177115324,0.948,6.207752153443113e-05,0.004436391600357318,0.9583333333333334,0.7975819352134406,0.9926065438344942,-2.9853990771609256e-05,0.004238958758704901,0.004149814913003062,0.004426542222614255,0.0,0.01064551111427583,0.951,-0.0001053316752491302,0.010704236662788587,1.0,0.8620237953250198,1.0,-0.0005524531563796953,0.009276843215254708,0.009098307463225992,0.01066494067629642,0.0,0.0001150182587087464,0.9555,-5.309325971656027e-06,0.000111522563167602,1.0,0.8620237953250198,1.0,-1.2224704449871325e-05,9.519080001559238e-05,9.398498881653842e-05,0.00011498361690180946,0.0,0.0008124038404635959,0.954,4.843750022599187e-06,0.0008154561361654361,0.9583333333333334,0.7975819352134406,0.9926065438344942,0.0002841145842490828,0.0008392583323220575,0.0008693259107911506,0.000813227562867276,0.0
41,internal_basis,8000000,1000000,0.9,0.5,0.02,0.12,4,202859.52547977248,2000,1.0,0.0,24,1.0,2.75,0.04824678756113344,0.9495,7.174697889295967e-05,0.047626887003959444,0.875,0.6899611872949993,0.9565566591987655,-0.004494760210803486,0.05530769265686935,0.05432943830852566,0.048278876137709335,0.0,0.023396415744166968,0.955,-6.786074183458266e-05,0.023071566363109683,0.9583333333333334,0.7975819352134406,0.9926065438344942,0.002948283055789369,0.024320648906039487,0.023990430475242474,0.023451774789236032,0.0,0.003159393819447823,0.9515,-5.826197921391094e-06,0.0031113951575915217,0.875,0.6899611872949993,0.9565566591987655,0.00037827590072115973,0.0035747660839099615,0.003519884778695839,0.003157320678665074,0.0,0.0032222740903653057,0.952,-4.176384016980221e-06,0.0031808702190568227,0.9583333333333334,0.7975819352134406,0.9926065438344942,0.00015046669576336663,0.003593892147209693,0.0035214388811585897,0.003220590039985958,0.0
42,external_references,8000000,2435000,0.9,0.5,0.06,0.01,4,15079.376535957512,2000,1.0,0.0,24,1.0,1.9583333333333333,0.005531000348075943,0.959,3.382838853349157e-05,0.005411101224262665,1.0,0.8620237953250198,1.0,0.00019989197100253134,0.0052438546491208075,0.0051373356809372595,0.005531803283341029,0.0,0.013109396523021103,0.9595,-8.824072867937058e-05,0.012785267567337145,0.875,0.6899611872949993,0.9565566591987655,-0.00017577638662591663,0.014042809041894757,0.013748261570737576,0.01312111069612326,0.0,0.00019504711295744798,0.9435,-3.9982249105271205e-06,0.00019833956828056208,1.0,0.8620237953250198,1.0,-5.4929090860279806e-06,0.0001732018908359474,0.00016964407764933517,0.00019503733942027122,0.0,0.000248746859276655,0.953,1.834374999396187e-06,0.00025019348735540604,0.9583333333333334,0.7975819352134406,0.9926065438344942,-6.484375007234384e-05,0.0002861250944170041,0.00028750849177537917,0.0002479219527962581,0.0
42,internal_basis,8000000,1000000,0.9,0.5,0.06,0.01,4,164090.0725458509,2000,0.9885,0.0075,24,1.0,2.75,0.054112545016647126,0.9485,0.0007935799155969675,0.054857012781320436,1.0,0.8620237953250198,1.0,0.0005378424014739017,0.056727846338992555,0.0555360465684075,0.05471768709447749,0.0,0.02400543933181101,0.947,6.205462454690754e-05,0.024553833100125225,0.875,0.6899611872949993,0.9565566591987655,0.002773622156228455,0.02936627337350849,0.028881457278898463,0.024025816848331202,0.0,0.003769238464507526,0.947,-5.245728529757579e-05,0.0038329214160889064,1.0,0.8620237953250198,1.0,0.0002122440876567615,0.0039634959427024595,0.003885845271010971,0.003779118346693134,0.0,0.003824885736376733,0.9485,-7.700248435986972e-05,0.0038840980944784827,0.9583333333333334,0.7975819352134406,0.9926065438344942,0.00026560745195431935,0.004112998985443258,0.004035150919795964,0.0038350139360598563,0.0
43,external_references,8000000,2435000,0.9,0.5,0.06,0.04,4,16408.321300112428,2000,1.0,0.0,24,1.0,2.0833333333333335,0.005750256161699487,0.948,0.0001999116400546963,0.005660931456715805,1.0,0.8620237953250198,1.0,0.00024501514403419783,0.0053738759449783,0.00526643166494055,0.005754391161643225,0.0,0.013614509007159116,0.9495,0.0007206124329248853,0.013769439454808586,0.9583333333333334,0.7975819352134406,0.9926065438344942,0.000342572606895096,0.01426896028672449,0.013972727573232691,0.013615935941964705,0.0,0.0001950498977278069,0.9505,1.8379630944516771e-06,0.0001964524351053523,1.0,0.8620237953250198,1.0,2.7779016240448855e-05,0.00016030354209973694,0.00015936806963526547,0.0001950899168840606,0.0,0.0004898979485566356,0.958,-1.3699999996761979e-05,0.0004828312556592017,1.0,0.8620237953250198,1.0,5.989583361113287e-05,0.00039834029315777595,0.00039452635166186236,0.0004902429988159256,0.0
43,internal_basis,8000000,1000000,0.9,0.5,0.06,0.04,4,185472.01816164947,2000,1.0,0.0,24,1.0,2.7916666666666665,0.05722911555727095,0.95,0.000936354289226198,0.057838718633501186,1.0,0.8620237953250198,1.0,-0.006053150788935623,0.04734170805325147,0.04673856081953368,0.0569439859231853,0.0,0.02517308815716071,0.9465,-0.00046569130531878475,0.025962426441662585,1.0,0.8620237953250198,1.0,0.0035870759613673927,0.02223332958458237,0.02205881575134813,0.02524263946963839,0.0,0.003855972024087651,0.945,-6.551512767443983e-05,0.003900795978634679,1.0,0.8620237953250198,1.0,0.0005442820595204338,0.003203779026556617,0.0031832009061940627,0.0038465790339867975,0.0,0.003910191839677987,0.948,-4.374883436006348e-05,0.003971276650004233,1.0,0.8620237953250198,1.0,0.000673665106081532,0.003142840938279839,0.003149557660477772,0.0039011287083969303,0.0
44,external_references,8000000,2435000,0.9,0.5,0.06,0.12,4,20818.16537107259,2000,1.0,0.0,24,1.0,2.0416666666666665,0.006404889972137565,0.952,0.00011356959309603127,0.006421160997706572,0.9166666666666666,0.741511978067893,0.9768411847029567,-0.0002987153057785741,0.006918976111728277,0.006779880898692974,0.006408826905361425,0.0,0.015139399719807824,0.952,0.00021240314561531425,0.015333778440217242,0.9583333333333334,0.7975819352134406,0.9926065438344942,0.001181635622136322,0.015242333036035937,0.014968119986904647,0.015131020422065614,0.0,0.0001950582603336301,0.9535,-3.643635712445692e-06,0.00019127234199970238,0.9166666666666666,0.741511978067893,0.9768411847029567,6.801401715766959e-05,0.0002290582257582231,0.00023432333295672777,0.00019515792970435056,0.0,0.0008124038404635959,0.948,1.0875000100630597e-06,0.000826583877530136,0.8333333333333334,0.6414692935030095,0.9332132367136705,0.00027317708493338556,0.0010162428793285272,0.0010316705271601447,0.0008131928112737764,0.0
44,internal_basis,8000000,1000000,0.9,0.5,0.06,0.12,4,260254.42010227402,2000,1.0,0.0,24,1.0,2.9166666666666665,0.06682140711255213,0.948,-0.00037272846776735416,0.06730323078000688,0.9583333333333334,0.7975819352134406,0.9926065438344942,0.00784279445334148,0.06678623350137516,0.06584876892610365,0.06945468211277687,0.0,0.028622689275936152,0.946,0.00047330531904591256,0.028665769621840125,0.9166666666666666,0.741511978067893,0.9768411847029567,-0.0013788903348195894,0.03182412940329124,0.031184572847077104,0.028786352807798257,0.0,0.00409488099562955,0.947,3.210375408742497e-05,0.004124488410579732,0.9583333333333334,0.7975819352134406,0.9926065438344942,-0.00032105423299141466,0.004114335100079576,0.0040404833970016174,0.0041713920820142785,0.0,0.0041451616418572805,0.9485,4.0024025240191524e-05,0.004173972848122157,0.9166666666666666,0.741511978067893,0.9768411847029567,-0.0003057989363653979,0.004133815216567194,0.004058315338989145,0.004221257248119138,0.0
45,external_references,8000000,2435000,0.9,0.9,0.005,0.01,4,7841.204520809255,2000,1.0,0.0,24,1.0,1.875,0.0032780127346668697,0.9465,-5.1723804341806734e-05,0.0032663981116803696,0.9166666666666666,0.741511978067893,0.9768411847029567,0.0009072354663437384,0.00354773211413356,0.0035895746099379117,0.003282718674729316,0.0,0.003255014772907709,0.9475,5.496423967877861e-07,0.0033342960876877976,0.9166666666666666,0.741511978067893,0.9768411847029567,0.0018468481949428933,0.0034091837038438444,0.003814329502212041,0.0032393831998668425,0.0,5.762072962186478e-05,0.953,9.794815823726227e-07,5.7496373443441955e-05,0.9583333333333334,0.7975819352134406,0.9926065438344942,4.907036737632679e-06,5.67709706665906e-05,5.579187058795914e-05,5.764331443837369e-05,0.0,0.000248746859276655,0.956,4.2249999907678205e-06,0.0002456949414524003,1.0,0.8620237953250198,1.0,-5.2083333774822675e-06,0.00021152804141278032,0.00020713981034034543,0.0002486691745310178,0.0
45,internal_basis,8000000,1000000,0.9,0.9,0.005,0.01,4,7578.5843805662935,2000,1.0,0.0,24,1.0,1.9583333333333333,0.007520005346538218,0.9545,8.281244285808464e-05,0.007455485314553119,1.0,0.8620237953250198,1.0,0.0005313190410208094,0.0070668228482086495,0.006938404166375958,0.007516135114421392,0.0,0.005825320402725181,0.949,-6.010352122641677e-05,0.005953033142782994,0.9166666666666666,0.741511978067893,0.9768411847029567,0.0009171224204874104,0.006220405357868493,0.006158110876425613,0.0058121117776976546,0.0,0.0005575445593371622,0.953,-7.108415429479687e-06,0.0005572733094647582,1.0,0.8620237953250198,1.0,3.5735029662716825e-05,0.0005424198134466893,0.000532200254397148,0.0005565257549407374,0.0,0.0008317782340614753,0.9505,2.0538068285535436e-06,0.0008311309664028667,1.0,0.8620237953250198,1.0,-9.96422409130916e-05,0.0006357994448722055,0.0006303381140466034,0.0008311011480204804,0.0
46,external_references,8000000,2435000,0.9,0.9,0.005,0.04,4,8332.310030245639,2000,1.0,0.0,24,1.0,1.75,0.003389938272158063,0.9485,-2.5392205283947146e-05,0.003389959407897655,0.9166666666666666,0.741511978067893,0.9768411847029567,0.0004056474712275983,0.0029346473410209717,0.0029013557339172915,0.003391985937490918,0.0,0.0033348496011882268,0.951,-9.115956394421864e-06,0.003311344275969864,0.9583333333333334,0.7975819352134406,0.9926065438344942,0.0003602182356143661,0.003671338925329506,0.0036120455357800734,0.0033310240341672963,0.0,5.7621932697346795e-05,0.953,-4.409860201006915e-07,5.832173311879491e-05,0.9583333333333334,0.7975819352134406,0.9926065438344942,-2.7338017013479473e-06,5.6653574984455286e-05,5.552807171743512e-05,5.760455688720755e-05,0.0,0.0004898979485566356,0.947,6.924999996383862e-06,0.0004890737821790489,0.9166666666666666,0.741511978067893,0.9768411847029567,-3.7760417176310963e-05,0.0005429810254491005,0.0005328880995917553,0.0004896645092663107,0.0
46,internal_basis,8000000,1000000,0.9,0.9,0.005,0.04,4,8280.046678822246,2000,1.0,0.0,24,1.0,1.9583333333333333,0.007793250518396208,0.9535,1.003511022256448e-05,0.007730864372364416,0.875,0.6899611872949993,0.9565566591987655,0.001955127190945432,0.009575102996811398,0.009575229057695681,0.0077985522597023285,0.0,0.00596570628990429,0.9395,-0.00022073788049006387,0.0061602693663910715,1.0,0.8620237953250198,1.0,0.00010399250923252372,0.005539760980503035,0.005424118346917566,0.005951807095315319,0.0,0.0005588512874820174,0.9495,-1.3615664373079794e-05,0.0005655416878056843,0.875,0.6899611872949993,0.9565566591987655,-6.496415300235166e-05,0.0006611902076550212,0.0006505208001504763,0.0005578741583988025,0.0,0.0008324664746906884,0.945,-1.1651465502437838e-05,0.0008418840514551334,1.0,0.8620237953250198,1.0,-0.0001181184478385924,0.0008424271440538076,0.0008331058247396762,0.00083181879974587,0.0
47,external_references,8000000,2435000,0.9,0.9,0.005,0.12,4,9870.723255072766,2000,1.0,0.0,24,1.0,1.9166666666666667,0.003710399737440654,0.9515,0.00020764656432933147,0.0036953669080288004,0.9166666666666666,0.741511978067893,0.9768411847029567,3.181264345915776e-05,0.004013823956182709,0.0039294417136376564,0.0037087342843686237,0.0,0.0035684629504613955,0.955,0.00014573242651053986,0.0035736561243189646,0.875,0.6899611872949993,0.9565566591987655,-0.00023538115118493705,0.00429032164869525,0.004206579565618244,0.003568840418918124,0.0,5.762580738451466e-05,0.949,1.437567361778948e-07,5.7710002959311034e-05,0.9166666666666666,0.741511978067893,0.9768411847029567,-2.374104611504687e-05,7.01758860681089e-05,7.268492483558157e-05,5.748971787532012e-05,0.0,0.0008124038404635959,0.95,2.4859374982835358e-05,0.0008163592828775877,0.9166666666666666,0.741511978067893,0.9768411847029567,-0.00015286458319951207,0.0009453834821323656,0.000938018085508011,0.0008119489227563632,0.0
47,internal_basis,8000000,1000000,0.9,0.9,0.005,0.12,4,10657.258603448841,2000,1.0,0.0,24,1.0,2.0416666666666665,0.008622443905913518,0.949,3.8305652616482667e-07,0.008638780225093436,0.9166666666666666,0.741511978067893,0.9768411847029567,0.0005006500017620078,0.010015374194562679,0.009817274689919296,0.008630360770579541,0.0,0.0063803116192475565,0.945,-7.21486205209545e-05,0.006372458795565206,0.875,0.6899611872949993,0.9565566591987655,-0.000805715154449905,0.007634395994385275,0.007516959426361672,0.006388081945193735,0.0,0.0005627590616075143,0.946,-3.5633304668168045e-06,0.0005685860154752216,0.9166666666666666,0.741511978067893,0.9768411847029567,-6.146324983911284e-05,0.0006935109758359622,0.0006816856386577278,0.0005634663281888379,0.0,0.0008325887787569982,0.9455,-1.1686296527491722e-05,0.0008519929889284255,0.9166666666666666,0.741511978067893,0.9768411847029567,-0.00020500589812218772,0.0008235738323773232,0.0008318893345376704,0.0008330963543357364,0.0
48,external_references,8000000,2435000,0.9,0.9,0.02,0.01,4,4367.236689080246,2000,1.0,0.0,24,1.0,1.7916666666666667,0.003988392924860304,0.948,7.886906704554276e-06,0.004008920979051373,0.9583333333333334,0.7975819352134406,0.9926065438344942,-0.0007889871498652548,0.0037016434564595226,0.003708603711612705,0.003983492332148868,0.0,0.0039003915492145736,0.9415,7.783075741844942e-05,0.003942598099428418,1.0,0.8620237953250198,1.0,-0.0009362241910386518,0.0033624832593223226,0.00342223813250304,0.003911258546715739,0.0,0.00011352547922058981,0.9535,5.273263264828475e-07,0.00011307629525132889,1.0,0.8620237953250198,1.0,-5.448319248223688e-06,9.318297301652785e-05,9.138356639455423e-05,0.00011351838793071033,0.0,0.000248746859276655,0.948,3.956249998169526e-06,0.00025065979646578983,1.0,0.8620237953250198,1.0,1.9791666740341374e-05,0.0002201135041263259,0.00021638603619152986,0.0002489756914808524,0.0
48,internal_basis,8000000,1000000,0.9,0.9,0.02,0.01,4,10680.420357566849,2000,1.0,0.0,24,1.0,1.9166666666666667,0.01029209006632305,0.9595,4.380387176767081e-05,0.009971773676309572,1.0,0.8620237953250198,1.0,-0.003191881154561723,0.008549023186217307,0.008957045337799218,0.010281076401967107,0.0,0.006925685260359113,0.9495,-0.00028775079651623597,0.006970853072806291,0.9583333333333334,0.7975819352134406,0.9926065438344942,0.0013317739422227155,0.007211472004873034,0.0071841535078049695,0.006944347600612155,0.0,0.0007385120690420673,0.953,-1.4804341524483018e-05,0.0007245257921116029,0.9583333333333334,0.7975819352134406,0.9926065438344942,0.00025790907364355194,0.0006539323637709448,0.0006901643374143603,0.0007398372504420804,0.0,0.0009636810114202009,0.9435,-2.720783116023936e-05,0.0009666696626980813,0.9166666666666666,0.741511978067893,0.9768411847029567,0.00034230767179860565,0.0010881086667397027,0.0011188487356191107,0.0009647057652172448,0.0
49,external_references,8000000,2435000,0.9,0.9,0.02,0.04,4,4676.350677736552,2000,1.0,0.0,24,1.0,1.9166666666666667,0.0041283713344048,0.941,1.9441735504580504e-05,0.004150412837507729,0.9583333333333334,0.7975819352134406,0.9926065438344942,-0.000375811295431544,0.0037221348908631764,0.003663094357163183,0.004124381199968653,0.0,0.0040060519001111124,0.945,4.809526521773122e-05,0.004087637930750672,1.0,0.8620237953250198,1.0,2.8868240702773867e-05,0.0038715456527403974,0.0037901402406800375,0.0040061864233420265,0.0,0.00011355295960766727,0.9475,-8.565079604263732e-07,0.00011410347768546241,0.9166666666666666,0.741511978067893,0.9768411847029567,-1.3864967503936202e-05,0.00011564251413849651,0.00011405354928853767,0.00011351397704991945,0.0,0.0004898979485566356,0.948,-6.390624995525798e-06,0.0004988688193044664,0.9166666666666666,0.741511978067893,0.9768411847029567,-0.00014270833328614672,0.0005386068818344423,0.0005462377238899029,0.0004890479953085743,0.0
49,internal_basis,8000000,1000000,0.9,0.9,0.02,0.04,4,11811.470175069615,2000,1.0,0.0,24,1.0,1.75,0.01075304114800956,0.948,3.1316913913041975e-05,0.01084097634522411,0.9166666666666666,0.741511978067893,0.9768411847029567,-0.002868336417689757,0.011909695252297216,0.012006588181738456,0.010737266544070723,0.0,0.007131750011757628,0.948,-0.0001992048292857695,0.007237283112109478,0.9166666666666666,0.741511978067893,0.9768411847029567,0.0009916682448006715,0.007742562712480189,0.007644140242122674,0.007149705072894826,0.0,0.0007458811289675252,0.9445,-1.0702192517555746e-05,0.0007564107070763728,0.9166666666666666,0.741511978067893,0.9768411847029567,0.00017220574074937726,0.0008763127273105641,0.0008749754168117625,0.0007469424086050525,0.0,0.0009692888590974748,0.951,5.901105456663069e-06,0.0009848273653380115,0.9166666666666666,0.741511978067893,0.9768411847029567,0.00022728246599381264,0.0010476979142589704,0.0010505198477784943,0.0009701070149041004,0.0
50,external_references,8000000,2435000,0.9,0.9,0.02,0.12,4,5662.796875673543,2000,1.0,0.0,24,1.0,1.9166666666666667,0.004535930100263436,0.9475,-1.046791897046412e-05,0.0045368226491973055,0.9583333333333334,0.7975819352134406,0.9926065438344942,-0.00013424586683843479,0.004407993662815769,0.004317271099361013,0.004534298015227455,0.0,0.004318247312411773,0.953,5.358830680849208e-05,0.004244301673801995,0.9583333333333334,0.7975819352134406,0.9926065438344942,-0.0005983759617696436,0.00414392338040251,0.004100567103055385,0.004324292741902117,0.0,0.00011363165578212165,0.952,1.2252600472501038e-06,0.00011105631949855431,0.9583333333333334,0.7975819352134406,0.9926065438344942,1.1812825574201528e-07,0.00011371349289099631,0.0001113193191545274,0.00011363570540602037,0.0,0.000812403840463596,0.9385,2.406250029582467e-06,0.0008356427166621201,0.9166666666666666,0.741511978067893,0.9768411847029567,-0.0001955729169703079,0.0008282328768965447,0.0008340481961248333,0.0008118257619338568,0.0
50,internal_basis,8000000,1000000,0.9,0.9,0.02,0.12,4,15736.618935556813,2000,1.0,0.0,24,1.0,2.0,0.012178207879810924,0.947,-0.00017299839624034514,0.012206272670041065,0.9583333333333334,0.7975819352134406,0.9926065438344942,0.0008286213164612292,0.011125886760924266,0.010923106075073115,0.012216404588873476,0.0,0.0077533516578906165,0.953,3.9086379192247444e-05,0.007587540551452378,0.9583333333333334,0.7975819352134406,0.9926065438344942,-0.0015251948414390926,0.007817625449124935,0.007803525964665461,0.007774592179448985,0.0,0.0007676889066563519,0.9435,1.0991409764840896e-05,0.0007623176068469546,0.9583333333333334,0.7975819352134406,0.9926065438344942,-7.088216659048979e-05,0.0006453451093005412,0.000635721371397303,0.0007699143619071995,0.0,0.0009843638309186265,0.959,1.344094018235413e-05,0.0009716298767946271,1.0,0.8620237953250198,1.0,1.4179984183333369e-05,0.0007628404663251523,0.0007469134822523397,0.0009861350203874734,0.0
51,external_references,8000000,2435000,0.9,0.9,0.06,0.01,4,3972.543049473597,2000,1.0,0.0,24,1.0,1.9166666666666667,0.005574079260257,0.9555,-4.743810896519385e-05,0.005555593566741853,0.9583333333333334,0.7975819352134406,0.9926065438344942,-0.00010091294969757451,0.006209684451622892,0.006079777150873223,0.00557413529341697,0.0,0.005225288545206119,0.949,-7.614436298101912e-05,0.0051964737991865,0.875,0.6899611872949993,0.9565566591987655,0.0010290396949355675,0.005830490510631968,0.005799749977819342,0.005216138457527431,0.0,0.00019224091136723766,0.951,-6.078025128736578e-07,0.00019091066391943473,0.9583333333333334,0.7975819352134406,0.9926065438344942,3.4188735634789295e-05,0.00021983572871110983,0.00021790585377979755,0.00019227834532970766,0.0,0.000248746859276655,0.9515,9.375000024324171e-07,0.0002457628121526787,0.9583333333333334,0.7975819352134406,0.9926065438344942,7.369791673142488e-05,0.00022346228146336833,0.0002308378930458164,0.00024963749804067005,0.0
51,internal_basis,8000000,1000000,0.9,0.9,0.06,0.01,4,19091.931529605252,2000,1.0,0.0,24,1.0,2.0416666666666665,0.01715771956885251,0.951,-0.0006666463607698531,0.017269379671775584,1.0,0.8620237953250198,1.0,0.004652921681530346,0.015773684049866368,0.016127360059592987,0.017232691945318727,0.0,0.009601655680000858,0.9565,2.728856600288665e-05,0.009313703127272487,1.0,0.8620237953250198,1.0,-0.0010528638369773219,0.008221152663349243,0.008116633153195666,0.009571117016843345,0.0,0.00115238568779143,0.957,3.434180194112891e-05,0.0011407702443460349,1.0,0.8620237953250198,1.0,-0.00019557291322749976,0.001053907845156507,0.00105009068071157,0.0011509135294246896,0.0,0.0013105785931791572,0.952,3.44799427132558e-05,0.001309674969623335,1.0,0.8620237953250198,1.0,-6.306333446271406e-05,0.0011930469312878367,0.001169628683342813,0.0013093155163697986,0.0
52,external_references,8000000,2435000,0.9,0.9,0.06,0.04,4,4273.474518377347,2000,1.0,0.0,24,1.0,1.9166666666666667,0.005778689987762335,0.943,0.00010473073147107037,0.005945171281084365,0.9166666666666666,0.741511978067893,0.9768411847029567,-0.0014862001813884113,0.0061848640640270085,0.006234378757412891,0.005766531621743411,0.0,0.005386594711475137,0.9455,0.00012447222259487378,0.005547228341801243,0.9583333333333334,0.7975819352134406,0.9926065438344942,-0.0011539835639355113,0.004823280565742328,0.004860697344281625,0.005408836404708096,0.0,0.0001923424810743784,0.9515,-3.710196711652035e-07,0.00019283311646347586,0.8333333333333334,0.6414692935030095,0.9332132367136705,1.4982571853743657e-05,0.00024802266290503385,0.00024326237629170207,0.0001923832155179551,0.0,0.0004898979485566356,0.948,2.6828125007643317e-05,0.0004900333471619153,0.9583333333333334,0.7975819352134406,0.9926065438344942,-1.2500000549676114e-05,0.00047183585729125354,0.00046207046511339254,0.0004898157583499231,0.0
52,internal_basis,8000000,1000000,0.9,0.9,0.06,0.04,4,21430.123404274957,2000,1.0,0.0,24,1.0,2.0,0.01810923947566807,0.9425,-0.00012842172533744932,0.018425176491388185,1.0,0.8620237953250198,1.0,-0.000168863468709655,0.020156966850285944,0.019733284642521564,0.018108737132244566,0.0,0.00998138613869088,0.955,-0.00017809933207512757,0.009861082686091325,0.9583333333333334,0.7975819352134406,0.9926065438344942,0.0012009164034091496,0.011298586734799056,0.011125698921263194,0.00998339708907098,0.0,0.0011746663380899417,0.9495,-1.2256587554231416e-06,0.0011772133465794076,0.9583333333333334,0.7975819352134406,0.9926065438344942,9.454644335143893e-05,0.0013610133367861908,0.0013357075947123965,0.0011739246094476276,0.0,0.0013303822414229875,0.9515,-9.152844901000744e-06,0.0013204483789937816,1.0,0.8620237953250198,1.0,0.0002308054409973408,0.0016085190651985853,0.0015914770399658622,0.0013297323027369684,0.0
53,external_references,8000000,2435000,0.9,0.9,0.06,0.12,4,5247.3129193316545,2000,1.0,0.0,24,1.0,1.9166666666666667,0.006386077603603509,0.954,0.00018767221703809746,0.006255430581464352,0.9166666666666666,0.741511978067893,0.9768411847029567,-0.00041930288219108047,0.007243110663695784,0.007102993957242116,0.006381949274278373,0.0,0.005869636718834784,0.94,-0.00015230141157153855,0.005951653056479316,0.875,0.6899611872949993,0.9565566591987655,-0.0015718275496520995,0.0067895412480980235,0.006829917101045379,0.005893394327241427,0.0,0.0001926177508366292,0.944,-7.69662717319314e-06,0.00019495728040175674,0.9583333333333334,0.7975819352134406,0.9926065438344942,-3.702586635285302e-05,0.00017586125029507585,0.0001760950358794568,0.00019257971607085323,0.0,0.000812403840463596,0.9445,3.7481249970064656e-05,0.0008411135112415165,1.0,0.8620237953250198,1.0,-3.385417586935941e-06,0.0006704936613369449,0.0006563851547425367,0.0008123900245262863,0.0
53,internal_basis,8000000,1000000,0.9,0.9,0.06,0.12,4,29747.581120880288,2000,1.0,0.0,24,1.0,2.0,0.02110108812914727,0.951,0.0007373785429874001,0.021072601865667753,0.9583333333333334,0.7975819352134406,0.9926065438344942,-0.00037960621059692407,0.018288829998785082,0.017907782739712146,0.021130860835400098,0.0,0.01115487399982094,0.945,-0.0005882285199829962,0.011190307401374572,1.0,0.8620237953250198,1.0,-0.000613897417290186,0.010990697036770474,0.010776787500763435,0.011186872440434904,0.0,0.0012403419877370793,0.9515,-5.411574778643222e-05,0.0012432493966180401,0.9583333333333334,0.7975819352134406,0.9926065438344942,-4.687001414370104e-07,0.0010409626208361695,0.0010190452714389949,0.001243097513746717,0.0,0.0013880146966419136,0.9475,-4.605694781148646e-05,0.001411781907774503,0.9583333333333334,0.7975819352134406,0.9926065438344942,-2.1298585091684627e-05,0.0012675603540169024,0.0012410546571394638,0.0013905181589983974,0.0
54,external_references,8000000,2435000,1.3,0.2,0.005,0.01,4,89707.73261525744,2000,1.0,0.0,24,1.0,2.0,0.005241565622421279,0.949,0.00019915822571828535,0.005304821651475231,0.9166666666666666,0.741511978067893,0.9768411847029567,0.000288259211994731,0.005631758607671098,0.0055207127268812935,0.005245385159470751,0.0,0.015245428470668515,0.9475,0.0005003455962242868,0.015262977773706079,1.0,0.8620237953250198,1.0,0.00019651649747792188,0.01319471222557948,0.012918392502028916,0.015295039745354727,0.0,5.7978230072536766e-05,0.9515,5.149145143232754e-07,5.799712570843022e-05,1.0,0.8620237953250198,1.0,1.5280706921984423e-05,5.802677719612112e-05,5.8824406126597255e-05,5.806536611424574e-05,0.0,0.000248746859276655,0.949,1.2531250014329284e-06,0.00024952809229748557,0.9583333333333334,0.7975819352134406,0.9926065438344942,-4.427083317349248e-05,0.00024522558278415867,0.00024411031048731334,0.0002481827120871153,0.0
54,internal_basis,8000000,1000000,1.3,0.2,0.005,0.01,4,15779822.529161118,2000,0.538,0.4065,24,0.375,3.4583333333333335,0.5121529910567573,0.94,0.005359070956291628,0.5225185517062532,0.9166666666666666,0.741511978067893,0.9768411847029567,0.0904368899743115,0.2880670306237104,0.29614833492424997,1.1652802451715387,0.041666666666666664,0.047816544637772934,0.9445,-0.0007215266674464127,0.04910272930518676,1.0,0.8620237953250198,1.0,-0.018675048997478284,0.045218701743398385,0.04804468043335669,0.057809372104221074,0.0,0.021540331830400633,0.9415,-0.0002276852014487405,0.02198034058094583,0.9583333333333334,0.7975819352134406,0.9926065438344942,0.0016551607498984128,0.009568526651490218,0.009512170982129751,0.03579503842104783,0.625,0.02155044223037619,0.942,-0.00021702437149139002,0.021985270123637476,0.9583333333333334,0.7975819352134406,0.9926065438344942,-0.0005138762103539147,0.010908944721359655,0.010691613484612365,0.03580370495785765,0.25
55,external_references,8000000,2435000,1.3,0.2,0.005,0.04,4,96152.7384339947,2000,1.0,0.0,24,1.0,2.0416666666666665,0.005491852385608604,0.9525,3.563014882629778e-06,0.005565199488499083,1.0,0.8620237953250198,1.0,-0.0009194548973891215,0.004371912492042332,0.004377512462745116,0.005483651744599684,0.0,0.015744161845191798,0.948,-8.627545997671271e-05,0.015787387198982348,1.0,0.8620237953250198,1.0,-0.0017410673801141047,0.015049356751009369,0.014835014553372841,0.01597611367111672,0.0,5.797822817000108e-05,0.9525,-3.4594478310337203e-07,5.670175844629623e-05,0.9583333333333334,0.7975819352134406,0.9926065438344942,6.597782036656828e-06,5.590064789604805e-05,5.511995762154811e-05,5.8015397305292716e-05,0.0,0.0004898979485566356,0.955,-1.872812500966692e-05,0.00047639939953284595,1.0,0.8620237953250198,1.0,-5.078124983811377e-05,0.0004121429304146289,0.00040664844230665675,0.0004895930507223821,0.0
55,internal_basis,8000000,1000000,1.3,0.2,0.005,0.04,4,17706784.979249503,2000,0.5405,0.419,24,0.5416666666666666,4.541666666666667,0.5359143432136241,0.952,0.012878047530880074,0.5334247727665051,0.9583333333333334,0.7975819352134406,0.9926065438344942,0.08070926425426059,0.32899421560602093,0.3320260474110816,1.2343559554433996,0.041666666666666664,0.04991940324885094,0.9535,-0.0011503727598308573,0.04908126273897288,1.0,0.8620237953250198,1.0,-0.015048799117354288,0.04993035294946712,0.051143228562509406,0.05978932087980791,0.0,0.02185276865320529,0.9525,-0.0005283921824911228,0.02173851491607908,0.9583333333333334,0.7975819352134406,0.9926065438344942,0.002860231529052446,0.009515186702678367,0.009744088120692896,0.03593896028167641,0.4583333333333333,0.021862657827271405,0.9525,-0.0005379521128404056,0.02173344033444358,0.9583333333333334,0.7975819352134406,0.9926065438344942,-0.003288779817813831,0.016122985717338157,0.016122514173658554,0.035947941420086234,0.041666666666666664
56,external_references,8000000,2435000,1.3,0.2,0.005,0.12,4,116898.10148640782,2000,1.0,0.0,24,1.0,2.125,0.006198678222096016,0.955,-8.884948786404178e-05,0.00603400595615143,0.9583333333333334,0.7975819352134406,0.9926065438344942,-0.0004411052876219142,0.007168276157416971,0.007031198284495036,0.006195841719248692,0.0,0.017232877238691935,0.9525,0.00024276892018751744,0.0170467502134569,0.9583333333333334,0.7975819352134406,0.9926065438344942,0.0005163176777055236,0.017474335731525154,0.017114203929775664,0.017315616577985443,0.0,5.7978222659554944e-05,0.954,-4.882814482197935e-07,5.6585646404542836e-05,0.9166666666666666,0.741511978067893,0.9768411847029567,3.8374889087415326e-06,7.204313779689293e-05,7.063059620610058e-05,5.799889291155858e-05,0.0,0.0008124038404635959,0.947,-3.597500000455108e-05,0.0008231521322531695,1.0,0.8620237953250198,1.0,-0.00011119791715321486,0.0007817161208336016,0.0007732938637962177,0.0008120733132474756,0.0
56,internal_basis,8000000,1000000,1.3,0.2,0.005,0.12,4,24137862.38860306,2000,0.5445,0.4,24,0.5416666666666666,5.0,0.6041144253968997,0.9495,0.0002856791137164906,0.597441964555548,0.8333333333333334,0.6414692935030095,0.9332132367136705,0.008814582386746225,0.352550921746525,0.3452405097937238,1.636987521760368,0.08333333333333333,0.0558815452322953,0.9505,0.00013563242125982323,0.05541464535103287,0.9583333333333334,0.7975819352134406,0.9926065438344942,-0.0035473346517402257,0.05985287359137495,0.05869995562515785,0.06679785156565288,0.0,0.022568158797450333,0.949,-1.1425242258944674e-05,0.022326832408449807,0.9583333333333334,0.7975819352134406,0.9926065438344942,0.004925341387012084,0.010214667269782783,0.011146790527679716,0.04084361040365889,0.4583333333333333,0.022577469359090344,0.95,-2.9179298795112587e-05,0.022357624032183318,0.9583333333333334,0.7975819352134406,0.9926065438344942,-0.0006669123309200475,0.01934218662700072,0.018946678194108856,0.040853394529459915,0.0
57,external_references,8000000,2435000,1.3,0.2,0.02,0.01,4,44106.49590169832,2000,1.0,0.0,24,1.0,2.125,0.006410138784957526,0.9415,0.00012994659400667586,0.006527136974672821,1.0,0.8620237953250198,1.0,-0.00046693246572495256,0.006228669439171671,0.006115376967319035,0.0063962590554958385,0.0,0.017632643024488137,0.949,0.0001607358975739469,0.017811613612347586,0.9583333333333334,0.7975819352134406,0.9926065438344942,-0.008628905990944296,0.01786976684339148,0.019505928039389605,0.01857288700967561,0.0,0.00011507864079806252,0.9465,-1.7605834519493178e-06,0.00011615367587865556,1.0,0.8620237953250198,1.0,-1.866567405277789e-05,9.688383666984563e-05,9.6663239929765e-05,0.00011502576717405668,0.0,0.000248746859276655,0.9495,1.0912499996717989e-05,0.000248696772343823,0.9166666666666666,0.741511978067893,0.9768411847029567,3.749999997211106e-05,0.0002569416699734186,0.00025431177556877,0.00024918827848565474,0.0
57,internal_basis,8000000,1000000,1.3,0.2,0.02,0.01,4,15830958.508766735,2000,0.598,0.343,24,0.75,5.625,0.5450415121696445,0.947,-0.010187252552169894,0.553890872020887,0.8333333333333334,0.6414692935030095,0.9332132367136705,-0.020402808922615135,0.37644524279045743,0.3690835536352402,0.613555258762645,0.125,0.05026671180012651,0.946,0.0005234690354765126,0.05087643975166506,0.9166666666666666,0.741511978067893,0.9768411847029567,0.019808305427006755,0.03881930499188435,0.04285461821406942,0.04907229934089336,0.0,0.02256228996657636,0.947,0.00041786693016281925,0.022929754280519948,0.8333333333333334,0.6414692935030095,0.9332132367136705,0.00422331817614629,0.014911075438217066,0.015195802491510374,0.021039277069953646,0.125,0.022572015849401546,0.9485,0.00042345658739347436,0.02296142015355051,0.875,0.6899611872949993,0.9565566591987655,0.005809864232070489,0.012523247712806388,0.013566561838513945,0.02105128284756679,0.25
58,external_references,8000000,2435000,1.3,0.2,0.02,0.04,4,47879.44552924828,2000,1.0,0.0,24,1.0,2.125,0.006699316228637316,0.9445,-5.9398074753707953e-05,0.006793366827414265,0.9583333333333334,0.7975819352134406,0.9926065438344942,0.0002468394560902291,0.006691380260600166,0.006555142441958673,0.006694151284449091,0.0,0.01828245584221019,0.947,-0.00035580740444955363,0.018502153503653775,0.9166666666666666,0.741511978067893,0.9768411847029567,-0.004460553181332098,0.02005426217339273,0.020132380378328263,0.0188865649921888,0.0,0.00011507863206863873,0.9475,7.125103117208483e-07,0.00011777776976878878,1.0,0.8620237953250198,1.0,-3.78154411098397e-05,8.325352536402709e-05,8.984630864225685e-05,0.00011497177462588779,0.0,0.0004898979485566356,0.942,-1.0921874988744314e-05,0.0005010551079779417,1.0,0.8620237953250198,1.0,-5.9374999778139675e-05,0.00039107745650391544,0.00038742018775032085,0.0004895432579992396,0.0
58,internal_basis,8000000,1000000,1.3,0.2,0.02,0.04,4,17827650.15083607,2000,0.752,0.1915,24,0.7083333333333334,4.916666666666667,0.5724821197560291,0.9515,-0.009343716345421802,0.5677402161744707,0.875,0.6899611872949993,0.9565566591987655,0.15002995744710487,0.4201207584962338,0.4377855784468622,1.2974578335999458,0.20833333333333334,0.052638524603143604,0.951,0.0005577215275479502,0.05232786448948851,0.9583333333333334,0.7975819352134406,0.9926065438344942,-0.012310882235535343,0.04559447149302459,0.046301130215130194,0.05985976099083965,0.0,0.022964569848067624,0.952,0.0003723230852859706,0.02277651948226316,0.9583333333333334,0.7975819352134406,0.9926065438344942,-0.0022068214692602933,0.014900838069217714,0.01475308709605188,0.03403346771144288,0.2916666666666667,0.02297406122162648,0.9525,0.0003633328154062672,0.022783899420712607,0.9583333333333334,0.7975819352134406,0.9926065438344942,-0.004955105715441083,0.01889013304220772,0.019144763916159737,0.03404211947551341,0.0
59,external_references,8000000,2435000,1.3,0.2,0.02,0.12,4,60404.31919505225,2000,1.0,0.0,24,1.0,2.2916666666666665,0.007534482072666138,0.943,9.190465400009673e-06,0.007520234941469645,1.0,0.8620237953250198,1.0,-0.0010749917574153593,0.008150057003735224,0.008050552376129583,0.007512218188523617,0.0,0.020246126733752905,0.9505,0.00014508979697632783,0.0200546979170466,0.875,0.6899611872949993,0.9565566591987655,-0.006334619955616762,0.025935564939362048,0.026167799073335718,0.02128258683463639,0.0,0.00011507860799074579,0.945,-1.2730544014525024e-06,0.00011443498499725829,1.0,0.8620237953250198,1.0,-2.151709354719543e-05,0.00010899076245349502,0.00010884398859103265,0.00011501753686797896,0.0,0.0008124038404635959,0.9525,-6.834375017613636e-06,0.0008098928752364942,0.9583333333333334,0.7975819352134406,0.9926065438344942,-0.00034244791785294215,0.0008846804933490802,0.0009312998100054419,0.0008113948003946658,0.0
59,internal_basis,8000000,1000000,1.3,0.2,0.02,0.12,4,24563376.255137794,2000,0.7175,0.202,24,0.5416666666666666,5.25,0.6525804111725937,0.944,-0.0030556643157967577,0.6663214862331821,0.7916666666666666,0.5952954674681133,0.9075517464714814,-0.0019433885320308726,0.5853042984119873,0.5729840181826372,1.5289630302064958,0.4583333333333333,0.05945603527435891,0.9445,0.0006145643966360876,0.06054037440748888,0.875,0.6899611872949993,0.9565566591987655,0.07153762326253778,0.2347916575719867,0.24072347324553842,0.09278369042092027,0.0,0.02394669240478595,0.945,0.00011131834191187488,0.024451101875370133,0.7916666666666666,0.5952954674681133,0.9075517464714814,0.0075206544641996794,0.02822757769653636,0.028638375423691555,0.03490866375856178,0.3333333333333333,0.02395556638573141,0.945,8.004283786154725e-05,0.02446028296299931,0.7916666666666666,0.5952954674681133,0.9075517464714814,0.0028364315901299683,0.033600257033628636,0.03301487387821563,0.034925029697457075,0.0
60,external_references,8000000,2435000,1.3,0.2,0.06,0.01,4,43372.91572338395,2000,1.0,0.0,24,1.0,2.25,0.009064686748418638,0.9555,-2.099274183302169e-05,0.008572996607888142,0.9583333333333334,0.7975819352134406,0.9926065438344942,-0.0033273033450429332,0.0090653999337971,0.009477773754665983,0.009015283429746,0.0,0.023987437284982926,0.955,0.00013554443128602106,0.02352458048672374,1.0,0.8620237953250198,1.0,-0.010167942921433876,0.018244707848609935,0.020552052716974186,0.025520905478230122,0.0,0.00019521074171513546,0.9575,2.33869098858952e-06,0.00018829018791541833,0.9166666666666666,0.741511978067893,0.9768411847029567,1.121273367047365e-05,0.00022630742709830732,0.00022182609511633205,0.00019522777549103304,0.0,0.000248746859276655,0.9545,2.1312500010357143e-06,0.00024672225329456983,0.9583333333333334,0.7975819352134406,0.9926065438344942,8.723958347073146e-05,0.00023906435006121416,0.0002497622567891571,0.00024980128608019,0.0
60,internal_basis,8000000,1000000,1.3,0.2,0.06,0.01,4,16610574.491171435,2000,0.558,0.3625,24,0.625,7.666666666666667,0.6311381255049223,0.9445,0.008940496497601787,0.6369257958443073,0.75,0.55100555994846,0.8800063377140499,-0.15851484757179335,0.44972120396974685,0.4679199395336852,2.7106590613590402,0.041666666666666664,0.056408850869160185,0.96,-0.00042733618234274686,0.05546557422014098,0.9166666666666666,0.741511978067893,0.9768411847029567,0.03665477243695973,0.14926574157061256,0.1506502230845372,0.08733169454161858,0.0,0.025014280048366408,0.944,-0.0003547345873374926,0.025228970967415203,0.75,0.55100555994846,0.8800063377140499,0.010362078477260719,0.025634032304041536,0.027149529744730904,0.08508188158459123,0.0,0.025023179376639247,0.9485,-0.00036038857278217527,0.025212803548259267,0.75,0.55100555994846,0.8800063377140499,0.01424989942487342,0.02366273861325214,0.027196591986616128,0.08509370680016609,0.25
61,external_references,8000000,2435000,1.3,0.2,0.06,0.04,4,47701.26814450229,2000,1.0,0.0,24,1.0,2.125,0.009463496302121194,0.9485,-3.993864720362472e-05,0.009686189100700805,1.0,0.8620237953250198,1.0,0.0017637107244469115,0.008221039905760657,0.00823893866169264,0.00949153736992527,0.0,0.025042806703231335,0.9465,-0.0003965323234181276,0.02527830417441723,1.0,0.8620237953250198,1.0,0.003226614664930672,0.02062186621539497,0.0204439033652992,0.024893517018601263,0.0,0.00019521073892882882,0.9405,-3.0193481779551556e-06,0.0002012122282984687,0.9583333333333334,0.7975819352134406,0.9926065438344942,-2.031703753719415e-05,0.00017232121803972158,0.00016991206287332515,0.00019517924070025852,0.0,0.0004898979485566356,0.954,1.2725000001176962e-05,0.0004809603282691298,0.9166666666666666,0.741511978067893,0.9768411847029567,8.932291731755052e-05,0.0005639639141696585,0.0005592687869204289,0.0004904092611811681,0.0
61,internal_basis,8000000,1000000,1.3,0.2,0.06,0.04,4,18891682.97277414,2000,0.786,0.065,24,0.6666666666666666,6.916666666666667,0.6684830019445331,0.947,0.008962665701213707,0.6746550687246421,1.0,0.8620237953250198,1.0,0.22906794800253363,0.4150531915311726,0.46643691457398057,1.7853060379877137,0.20833333333333334,0.05946218785053752,0.954,-0.0014646196939651556,0.05912328796526707,1.0,0.8620237953250198,1.0,-0.014033784470442942,0.050292312166666686,0.051194487743679344,0.06869159165906454,0.0,0.02563849296504181,0.9475,-0.00034800319340572573,0.025866614701083715,1.0,0.8620237953250198,1.0,-0.006433202190477584,0.015592371995878002,0.016564361408226078,0.041594510827769736,0.0,0.0256471392521593,0.948,-0.000349131479914297,0.02588945234308717,1.0,0.8620237953250198,1.0,-0.006463563471297527,0.01555875183953799,0.016545874509022028,0.0416022653383913,0.0
62,external_references,8000000,2435000,1.3,0.2,0.06,0.12,4,62521.93730923533,2000,1.0,0.0,24,1.0,2.1666666666666665,0.010649891137178137,0.952,0.00011291584317399673,0.01067364460247894,0.875,0.6899611872949993,0.9565566591987655,0.004630347688050189,0.01072876194284365,0.011478255761976638,0.010718542811328639,0.0,0.028280099987311826,0.9455,0.0004717829053563316,0.029603612942456888,0.9583333333333334,0.7975819352134406,0.9926065438344942,0.0032287362570845636,0.0283864740145066,0.027975739168132688,0.028313871408352776,0.0,0.0001952107397494347,0.9565,3.084719455535012e-07,0.00019041114255043175,0.875,0.6899611872949993,0.9565566591987655,-5.778255666406424e-05,0.00023553652621415312,0.00023770721150845065,0.00019512181232317265,0.0,0.0008124038404635959,0.9485,-5.156250087789694e-07,0.0008190935203853624,0.9583333333333334,0.7975819352134406,0.9926065438344942,-1.1197917566910012e-05,0.0007165194103083839,0.0007015224795521391,0.0008123666084806992,0.0
62,internal_basis,8000000,1000000,1.3,0.2,0.06,0.12,4,26806661.3088203,2000,0.7165,0.014,24,0.5833333333333334,8.083333333333334,0.7809085836219221,0.9425,-0.001446614760712448,0.794984163306363,0.8333333333333334,0.6414692935030095,0.9332132367136705,-0.05028218782860353,0.5667534391206238,0.5570942753577935,1.9681462612166358,0.20833333333333334,0.06845424236592636,0.947,0.0014558821138111377,0.06945788699664494,0.9166666666666666,0.741511978067893,0.9768411847029567,0.01750230557476198,0.12380225413879134,0.12245286402612766,0.1148881235000362,0.0,0.02728275645992013,0.943,6.508362707717033e-05,0.027771373609582217,0.8333333333333334,0.6414692935030095,0.9332132367136705,0.006615597406793333,0.025087531108426306,0.02543474009667062,0.06074671603260046,0.0,0.027290732831044447,0.9425,6.109638468510712e-05,0.027766543111177024,0.8333333333333334,0.6414692935030095,0.9332132367136705,0.0064709708065195755,0.02524217725251952,0.025543929401610443,0.06075589305562176,0.0
63,external_references,8000000,2435000,1.3,0.5,0.005,0.01,4,23103.521245884403,2000,1.0,0.0,24,1.0,1.9583333333333333,0.00576802330547235,0.953,-0.00030149083828325506,0.0056840949010448704,0.9583333333333334,0.7975819352134406,0.9926065438344942,0.0027285434904681105,0.004999492917512241,0.005603429630023057,0.005801426685783221,0.0,0.006171145627824679,0.9515,-0.00024937246386319225,0.006150024239188045,0.8333333333333334,0.6414692935030095,0.9332132367136705,0.004240601235571589,0.006238235673447909,0.007434836950244065,0.006111945889412874,0.0,5.7968748201681226e-05,0.9555,1.7593512162185797e-06,5.723060872781695e-05,1.0,0.8620237953250198,1.0,1.5075478729721366e-05,5.08448256373007e-05,5.200720950756871e-05,5.8054369114141816e-05,0.0,0.000248746859276655,0.95,-6.7468750048113814e-06,0.00024753081050719736,0.875,0.6899611872949993,0.9565566591987655,0.00013723958349351828,0.0003152513618484072,0.0003377530881333482,0.00025040123640258916,0.0
63,internal_basis,8000000,1000000,1.3,0.5,0.005,0.01,4,295485.51435911603,2000,0.9045,0.0525,24,0.875,2.3333333333333335,0.06571937172140699,0.94,0.0005981437002564277,0.06779471063471815,1.0,0.8620237953250198,1.0,0.0012802558734940535,0.05516778317446944,0.054021398627187564,0.06614779864361363,0.0,0.01678825522670085,0.946,-0.00025058596344923917,0.01711784559203609,0.9583333333333334,0.7975819352134406,0.9926065438344942,0.0008736674908564357,0.014223537069133596,0.013951442925138167,0.01677596932706754,0.0,0.0029483310247829537,0.938,-3.356972337177276e-05,0.0030342685291786845,1.0,0.8620237953250198,1.0,0.00012076473091141417,0.0021957390343295235,0.0021528975314655647,0.002948389377351109,0.125,0.0030168554668192843,0.943,-4.156757030711378e-05,0.0030821249790390537,1.0,0.8620237953250198,1.0,2.6287781188141753e-05,0.0024707112520128125,0.0024188333037117094,0.0030171656324188066,0.0
64,external_references,8000000,2435000,1.3,0.5,0.005,0.04,4,24838.26207948655,2000,1.0,0.0,24,1.0,1.9166666666666667,0.006023445440654729,0.9445,0.00012003438291441237,0.006144909764646234,0.9583333333333334,0.7975819352134406,0.9926065438344942,4.947664424873969e-05,0.006834178161514175,0.006690467555958889,0.0060241483262473946,0.0,0.006361817953064208,0.952,3.654264191547679e-05,0.0063434176015987,0.9166666666666666,0.741511978067893,0.9768411847029567,0.00045344704291360355,0.006918946300010782,0.0067884293502909745,0.006356073355345534,0.0,5.796864055915128e-05,0.9495,-1.6787585822788162e-07,5.901305176275854e-05,0.9583333333333334,0.7975819352134406,0.9926065438344942,-6.013748629968227e-06,5.1666133715680967e-05,5.093456575349848e-05,5.793312709975327e-05,0.0,0.0004898979485566356,0.9495,1.1278125000547093e-05,0.0004946688998980766,0.9166666666666666,0.741511978067893,0.9768411847029567,-5.104166633707746e-05,0.0005422930471989919,0.0005333231614441834,0.0004895866240259072,0.0
64,internal_basis,8000000,1000000,1.3,0.5,0.005,0.04,4,324925.2822794792,2000,0.9165,0.042,24,0.875,2.375,0.06812130293304054,0.9545,-0.0010188025442824328,0.06743365246450378,1.0,0.8620237953250198,1.0,0.005612201123932042,0.058716225237145515,0.05775328658584896,0.0686539310434465,0.0,0.01731971515338099,0.9555,0.00011093494102033744,0.016965616824453758,0.9166666666666666,0.741511978067893,0.9768411847029567,0.0019044986513006752,0.017098097132473088,0.016846097533246247,0.017227338632426564,0.0,0.0029610502545278712,0.9535,4.2807311776044515e-05,0.0029222059739341744,1.0,0.8620237953250198,1.0,-6.033603834865981e-05,0.002518200189772191,0.0024659177720411955,0.0029488227392106994,0.125,0.00302890106780807,0.9575,3.602024335402901e-05,0.0029646284315551935,1.0,0.8620237953250198,1.0,-0.0001843804051465739,0.0026290968153031545,0.0025803371766811123,0.0030172927838260847,0.0
65,external_references,8000000,2435000,1.3,0.5,0.005,0.12,4,30357.700158931988,2000,1.0,0.0,24,1.0,1.875,0.006748341440951974,0.9425,-4.9684606483376135e-05,0.006926018360714046,0.9166666666666666,0.741511978067893,0.9768411847029567,0.0016005123422579426,0.007122495439886325,0.00715386842869796,0.006768171844312196,0.0,0.006927776528678666,0.951,-3.24335248027218e-05,0.007036579004447961,1.0,0.8620237953250198,1.0,0.0016915508928990071,0.006338413600447014,0.006431395864805345,0.006899664982173664,0.0,5.796833306975763e-05,0.9485,-1.2937491637933342e-06,5.744057556004811e-05,0.9583333333333334,0.7975819352134406,0.9926065438344942,-5.970577733343152e-06,5.0280602670714826e-05,4.9582735686877534e-05,5.793296014787281e-05,0.0,0.000812403840463596,0.946,7.434374986226427e-06,0.0008138733388422714,1.0,0.8620237953250198,1.0,0.0001093749999813258,0.0007995391856095181,0.0007903099679181788,0.0008127179040933508,0.0
65,internal_basis,8000000,1000000,1.3,0.5,0.005,0.12,4,421766.2110975474,2000,0.9055,0.0515,24,0.9583333333333334,2.5833333333333335,0.07507467275908472,0.9425,-0.001306909184823791,0.07731642344176919,1.0,0.8620237953250198,1.0,0.0017977133733367012,0.05576610902012623,0.05462154550921657,0.07581465692036636,0.0,0.018821755897001097,0.946,0.0004305415048759294,0.01913925799390003,1.0,0.8620237953250198,1.0,-7.822780934171648e-05,0.013187787901497472,0.012910356169347822,0.01883989051217991,0.0,0.002983784115312681,0.943,5.838294942862552e-05,0.0030657567597252226,1.0,0.8620237953250198,1.0,-2.895673671978431e-05,0.0021591909815096306,0.0021139275728583895,0.002994022259905544,0.041666666666666664,0.0030496494901178645,0.942,6.142159115006657e-05,0.0031117761139914566,1.0,0.8620237953250198,1.0,-0.00016683655897760732,0.002193105493457544,0.0021534023052955245,0.003059884831488172,0.0
66,external_references,8000000,2435000,1.3,0.5,0.02,0.01,4,11776.547153033418,2000,1.0,0.0,24,1.0,1.9583333333333333,0.006954916727665127,0.9485,-5.888627923496359e-05,0.0070198948043823485,0.8333333333333334,0.6414692935030095,0.9332132367136705,-0.0028383457948568946,0.007410898940703998,0.007790329731850517,0.0069278800484852245,0.0,0.0072176694817656685,0.957,-0.00019360633473456955,0.007093754763896003,1.0,0.8620237953250198,1.0,-0.0021896070327238385,0.007231100468999601,0.007409756566007282,0.007264889471329376,0.0,0.00011501929145081803,0.9495,-8.560447000190742e-07,0.00011819273565466423,0.9166666666666666,0.741511978067893,0.9768411847029567,4.323128219735365e-05,0.00012618608154908197,0.0001308755731147304,0.00011514163895505777,0.0,0.000248746859276655,0.9545,8.187500035106363e-07,0.0002423868015774563,0.9166666666666666,0.741511978067893,0.9768411847029567,4.843750004628764e-05,0.00025399825864820053,0.0002533242526859052,0.0002493231412839695,0.0
66,internal_basis,8000000,1000000,1.3,0.5,0.02,0.01,4,319346.48154636513,2000,0.9975,0.0005,24,1.0,2.7083333333333335,0.07330542242917247,0.9535,-0.0002611284718289628,0.07270485427775326,1.0,0.8620237953250198,1.0,0.0012898257302111638,0.0720982000015245,0.0705919577010251,0.07400078411146678,0.0,0.01813746041513124,0.95,0.00032211210241932215,0.018068139121710403,0.9583333333333334,0.7975819352134406,0.9926065438344942,0.0018559259432530649,0.019748491939970983,0.019421567206689996,0.018098848005169595,0.0,0.0032172473678408506,0.9555,1.2565628434455866e-05,0.0031912640611282527,1.0,0.8620237953250198,1.0,0.0001481048943762611,0.0031346474723096714,0.003072219483219999,0.003213279360689415,0.0,0.003280770652646567,0.955,3.5674451560989286e-06,0.0032524438248909895,1.0,0.8620237953250198,1.0,0.00012058030726432626,0.0031205584979262084,0.0030572339993893104,0.0032772975268326745,0.0
67,external_references,8000000,2435000,1.3,0.5,0.02,0.04,4,12789.096604761817,2000,1.0,0.0,24,1.0,1.875,0.00725475177914483,0.9465,-4.0660005564019384e-07,0.007464887511526048,0.9583333333333334,0.7975819352134406,0.9926065438344942,0.0004974893060067839,0.0065015535845477194,0.006384076779780981,0.007259427520449336,0.0,0.007467745390173702,0.9475,-5.2939381374360466e-05,0.0075662700003360376,0.9583333333333334,0.7975819352134406,0.9926065438344942,0.00014064374908625185,0.006670595549923264,0.006531660619388387,0.007464591354344311,0.0,0.00011501907955815387,0.9475,3.19819454908523e-06,0.00011463499129755248,0.9583333333333334,0.7975819352134406,0.9926065438344942,-1.6938177151061232e-05,9.860988798738839e-05,9.800841258304885e-05,0.00011497079448054063,0.0,0.0004898979485566357,0.952,1.9359375000669804e-05,0.00048511368214520286,0.9583333333333334,0.7975819352134406,0.9926065438344942,6.354166623114375e-05,0.0004603603075010834,0.0004551248973704746,0.0004902622773902296,0.0
67,internal_basis,8000000,1000000,1.3,0.5,0.02,0.04,4,353332.5693176795,2000,1.0,0.0,24,1.0,2.625,0.0763784418322206,0.958,-0.000544638288539142,0.07459269502444416,1.0,0.8620237953250198,1.0,-0.0024432305216732695,0.08407883242858033,0.08234480768084655,0.07602520830560856,0.0,0.018777952195422207,0.9575,0.00010888956992406334,0.018143582026534454,0.875,0.6899611872949993,0.9565566591987655,0.003897868065317195,0.018492706646916778,0.018518218046557143,0.01865481091738315,0.0,0.0032456665489633985,0.958,2.2711646741106094e-05,0.0031625742196054944,0.9583333333333334,0.7975819352134406,0.9926065438344942,0.0003174510268592282,0.0033674125756279075,0.0033117615853721894,0.0032090349492080294,0.0,0.0033083264193232457,0.9575,3.426609459002648e-05,0.003219195163843894,0.9583333333333334,0.7975819352134406,0.9926065438344942,7.328057216015715e-05,0.003322284326912351,0.0032531591276636915,0.003272728194871054,0.0
68,external_references,8000000,2435000,1.3,0.5,0.02,0.12,4,16099.116072711544,2000,1.0,0.0,24,1.0,1.9166666666666667,0.008122611667738125,0.946,0.00029703358090875343,0.008071362305954061,0.875,0.6899611872949993,0.9565566591987655,-0.0029032994732838178,0.009393716229583909,0.009643355557503676,0.008084144282615084,0.0,0.008217724778081796,0.957,0.0004264608236305579,0.008041639710542507,0.9583333333333334,0.7975819352134406,0.9926065438344942,-0.0018307914427141043,0.008261028642223871,0.008291734847115723,0.008260531038831216,0.0,0.00011501858483567212,0.9555,2.6684774187860482e-06,0.00011160590244422215,0.9166666666666666,0.741511978067893,0.9768411847029567,5.2209141772295116e-06,0.00013453110518007016,0.00013180199964951203,0.000115033651707262,0.0,0.000812403840463596,0.95,7.753125013114683e-06,0.0008307261746224161,1.0,0.8620237953250198,1.0,-0.0002789062498111828,0.0005799667697297179,0.0006325623207175043,0.0008115848273798562,0.0
68,internal_basis,8000000,1000000,1.3,0.5,0.02,0.12,4,466942.8691776821,2000,1.0,0.0,24,1.0,2.625,0.08545580695862501,0.952,0.000521325517868504,0.0859415173294059,0.9583333333333334,0.7975819352134406,0.9926065438344942,0.0072526374856715465,0.07498966618031201,0.07376815279140962,0.08652550057295248,0.0,0.020614862377333006,0.9495,-0.0001735450227411434,0.020880627105810425,0.9583333333333334,0.7975819352134406,0.9926065438344942,0.0019701516410399445,0.017264309076275824,0.017015253452167256,0.020512671137360047,0.0,0.003313552917156442,0.9515,-2.2875424696902822e-05,0.003336678930587371,0.9583333333333334,0.7975819352134406,0.9926065438344942,-7.29278505293048e-05,0.0029002859843248728,0.002840156946244547,0.003300707847362507,0.0,0.0033737080484554814,0.9465,-2.5630929771785063e-05,0.003401919274184473,0.9583333333333334,0.7975819352134406,0.9926065438344942,0.00022168207576274412,0.0032223144294518604,0.003162248455852404,0.003361355465339799,0.0
69,external_references,8000000,2435000,1.3,0.5,0.06,0.01,4,11540.399621979675,2000,1.0,0.0,24,1.0,1.875,0.009701524418983394,0.9465,0.00032573630369096194,0.00982715847510432,0.9583333333333334,0.7975819352134406,0.9926065438344942,0.0022791331106514676,0.0079567511840516,0.008115813273014394,0.00973942480806094,0.0,0.009808350487465003,0.9505,8.090145991105571e-05,0.009832276331531442,0.9583333333333334,0.7975819352134406,0.9926065438344942,0.0033703198119458266,0.007934069892844666,0.008466736462276912,0.009731195917851845,0.0,0.00019502932830074013,0.9605,-1.502464546021022e-06,0.00019091967228744257,0.9583333333333334,0.7975819352134406,0.9926065438344942,1.1206875571609433e-05,0.00019428822112685753,0.00019052736608124376,0.00019503863354128334,0.0,0.000248746859276655,0.957,-6.906249972775972e-07,0.0002428249295626742,0.9583333333333334,0.7975819352134406,0.9926065438344942,4.5833333548497314e-05,0.00028070700417942655,0.0002785927716244899,0.00024928669914458466,0.0
69,internal_basis,8000000,1000000,1.3,0.5,0.06,0.01,4,386882.1879468299,2000,0.9885,0.0065,24,1.0,2.9583333333333335,0.0926519606735318,0.955,-0.0009973181487207816,0.09165082555393245,1.0,0.8620237953250198,1.0,0.008162411156323037,0.08389155959715286,0.08252985714500988,0.09701906055850289,0.0,0.021348824108989712,0.9555,-0.00026802806723537765,0.02102170178946767,0.9166666666666666,0.741511978067893,0.9768411847029567,-0.003285967143823778,0.026661286006856254,0.026305970383081047,0.021578419370964066,0.0,0.003843313936616704,0.9555,2.0896249776243045e-05,0.003798278709021583,1.0,0.8620237953250198,1.0,-0.00021587025930895967,0.003668800327602847,0.0035980353647299098,0.0039411112496783385,0.0,0.0038977555849719885,0.9545,-8.921895225185874e-06,0.003858924746209285,1.0,0.8620237953250198,1.0,-0.0001450738168760617,0.0038541961008428283,0.003775834059750513,0.003994818320277102,0.0
70,external_references,8000000,2435000,1.3,0.5,0.06,0.04,4,12627.673902647855,2000,1.0,0.0,24,1.0,2.0,0.010118529866919558,0.953,0.00011690998243620932,0.010169875168591686,0.9166666666666666,0.741511978067893,0.9768411847029567,-0.00048489917324305115,0.011263270165390228,0.011036779258884405,0.010115594546607628,0.0,0.010202499081787011,0.944,3.1550971068069564e-05,0.010452271896837917,1.0,0.8620237953250198,1.0,-0.00012702558062256444,0.005910623147576134,0.0057875691852827425,0.010212828099056546,0.0,0.00019503137110497278,0.95,-1.4973409099717123e-06,0.00019371567284658692,0.9583333333333334,0.7975819352134406,0.9926065438344942,3.952884733549825e-05,0.00021471367177243624,0.00021387747796910395,0.000195091087331628,0.0,0.0004898979485566356,0.947,2.2999999910399173e-06,0.0004894362105652073,0.9583333333333334,0.7975819352134406,0.9926065438344942,3.5677083213310534e-05,0.0003947880514974258,0.0003881190448451734,0.0004901010765849021,0.0
70,internal_basis,8000000,1000000,1.3,0.5,0.06,0.04,4,434203.2103805165,2000,1.0,0.0,24,1.0,2.9166666666666665,0.09755923292885027,0.9495,-2.0809507924832605e-05,0.09677273937138442,0.9583333333333334,0.7975819352134406,0.9926065438344942,0.002695102575836402,0.10819996338904994,0.10595609618482574,0.10120584938999155,0.0,0.022262936851918925,0.949,0.0003431496227969115,0.022233016451933024,0.9166666666666666,0.741511978067893,0.9768411847029567,-0.001701685131882652,0.024575932954006976,0.0241185929556001,0.022489429284504262,0.0,0.003912007099176506,0.9485,7.401702913444365e-06,0.00388727124154616,0.9583333333333334,0.7975819352134406,0.9926065438344942,9.137845544669385e-05,0.004339780216516262,0.004249388799517684,0.003986209849102407,0.0,0.003965332348272464,0.949,2.3474210258649483e-05,0.003941861017764235,0.9583333333333334,0.7975819352134406,0.9926065438344942,0.00028069240052633365,0.004437185000095453,0.004352819795095356,0.004039070683182671,0.0
71,external_references,8000000,2435000,1.3,0.5,0.06,0.12,4,16264.259610800193,2000,1.0,0.0,24,1.0,2.0,0.011356019953274739,0.9545,0.0002374049188356232,0.010958688133987487,0.9583333333333334,0.7975819352134406,0.9926065438344942,0.003547883812825503,0.011114568711430583,0.011444382127869898,0.011409166072661727,0.0,0.011396901756602835,0.958,0.00045095841031448167,0.010866907451424308,0.9583333333333334,0.7975819352134406,0.9926065438344942,0.003482941465474431,0.011619495757701149,0.011896135276320685,0.011288669865236786,0.0,0.00019503773382186645,0.948,2.1470445236892665e-06,0.0001914805740030441,0.875,0.6899611872949993,0.9565566591987655,-6.417348595034692e-05,0.00024125222092407365,0.0002447361040909524,0.00019493183135308028,0.0,0.000812403840463596,0.955,1.914687499856795e-05,0.0007936075924152191,1.0,0.8620237953250198,1.0,-0.00020911458368459354,0.0007273434279261861,0.0007421014207421518,0.0008117874885805694,0.0
71,internal_basis,8000000,1000000,1.3,0.5,0.06,0.12,4,597898.78821167,2000,1.0,0.0,24,1.0,2.875,0.11251369155049326,0.95,0.003223843586015475,0.11228791043068882,0.9166666666666666,0.741511978067893,0.9768411847029567,-0.04235927383704752,0.09590075144976273,0.10299541633783968,0.10430822117752662,0.0,0.02494741413350415,0.9445,-0.0006051509042765862,0.02517216502875043,0.9583333333333334,0.7975819352134406,0.9926065438344942,0.012527619210170503,0.024857466481789374,0.02736949606111571,0.02468082413486827,0.0,0.004096703619832049,0.949,-0.0001129705311245939,0.004089954654550194,0.9166666666666666,0.741511978067893,0.9768411847029567,0.0018497517869053475,0.0036160910306023966,0.003994102892665114,0.0039416394417796435,0.0,0.004146876097944189,0.954,-8.988904660202006e-05,0.004122931857387655,0.9166666666666666,0.741511978067893,0.9768411847029567,0.0018178321611802266,0.003885616146047113,0.004215856109088909,0.003994114335590015,0.0
72,external_references,8000000,2435000,1.3,0.9,0.005,0.01,4,17089.19642685443,2000,1.0,0.0,24,1.0,1.7083333333333333,0.006218488062059571,0.948,1.2906268224693651e-05,0.006243895691604649,0.9583333333333334,0.7975819352134406,0.9926065438344942,0.0011273803192702696,0.005451640114432089,0.005454632632681096,0.006229597076803213,0.0,0.0026684591577471662,0.952,-1.1440205735088693e-05,0.002665635864199404,1.0,0.8620237953250198,1.0,-0.0002459610876590357,0.00193968247065881,0.0019147061410738563,0.0026694549941530875,0.0,5.76139811465805e-05,0.9455,2.1349840740431736e-06,5.89687388299259e-05,0.9583333333333334,0.7975819352134406,0.9926065438344942,1.3486933574727921e-05,5.729660639903384e-05,5.768891519225931e-05,5.769010372126548e-05,0.0,0.000248746859276655,0.953,-1.4218750026661377e-06,0.0002484987868476061,0.9583333333333334,0.7975819352134406,0.9926065438344942,-7.0312502432976626e-06,0.00023688645372260152,0.0002320053823492777,0.0002486432579935785,0.0
72,internal_basis,8000000,1000000,1.3,0.9,0.005,0.01,4,14710.401724381942,2000,1.0,0.0,24,1.0,1.9583333333333333,0.012592959368281722,0.9495,-0.0004313761283655054,0.012671856493012473,0.9583333333333334,0.7975819352134406,0.9926065438344942,0.0009164069773020164,0.011886801830733035,0.011672554295056252,0.012622363418784128,0.0,0.004859837461395292,0.952,7.998189664132421e-05,0.004873698693816862,1.0,0.8620237953250198,1.0,-0.0017637679615772294,0.004606046391334434,0.0048417512129511975,0.004875595029186661,0.0,0.0005531195438398637,0.9465,1.4879468550236974e-05,0.0005489236281653775,0.9583333333333334,0.7975819352134406,0.9926065438344942,-0.0001446383871539599,0.0004928860768350741,0.0005037207419913255,0.0005549684074505897,0.0,0.0008298920085629428,0.9545,4.095691584318174e-06,0.0008251120321019543,1.0,0.8620237953250198,1.0,-0.00024072186309997498,0.0007078974361452333,0.0007336115091139473,0.000831150559714501,0.0
73,external_references,8000000,2435000,1.3,0.9,0.005,0.04,4,18494.389695430073,2000,1.0,0.0,24,1.0,1.75,0.006467105250871804,0.9515,5.4242283624340585e-06,0.006358354299495027,1.0,0.8620237953250198,1.0,0.0004736581148270062,0.0046336262146236306,0.004560728020563547,0.0064699844776968584,0.0,0.0027378516043304367,0.9485,4.613305378939997e-05,0.002703839878219751,1.0,0.8620237953250198,1.0,-0.00011480062333058445,0.0023643931729646433,0.0023174561048623613,0.0027377246882898908,0.0,5.761458080715531e-05,0.9485,2.572570518412816e-07,5.7687408523694696e-05,0.9583333333333334,0.7975819352134406,0.9926065438344942,-1.5062175835296847e-06,4.956491824474054e-05,4.854470206580826e-05,5.7605566911080235e-05,0.0,0.0004898979485566356,0.9555,-1.0062500016388801e-06,0.0004722819487809386,1.0,0.8620237953250198,1.0,-0.00017369791671491305,0.0004117540160302676,0.0004389169764886569,0.0004888705572397519,0.0
73,internal_basis,8000000,1000000,1.3,0.9,0.005,0.04,4,16096.05751836708,2000,1.0,0.0,24,1.0,1.9583333333333333,0.013043763753719895,0.9555,0.00016222970683783388,0.012688719328525904,0.9583333333333334,0.7975819352134406,0.9926065438344942,-0.004770661736455277,0.01167418034551705,0.0123841469843176,0.012995799013749724,0.0,0.004976388553297394,0.947,5.808682584371233e-05,0.005001806340476468,0.9583333333333334,0.7975819352134406,0.9926065438344942,0.0009392603008300526,0.004751112949331665,0.004744969906048011,0.004982074755395112,0.0,0.0005538550262504845,0.953,3.60913459184653e-07,0.0005472096894984263,0.9583333333333334,0.7975819352134406,0.9926065438344942,0.00018422477440554414,0.000532016969263108,0.0005524376925102177,0.0005541897134038315,0.0,0.0008301501452592371,0.9485,1.4094604126238104e-05,0.0008438165735420225,1.0,0.8620237953250198,1.0,0.0002897826289951962,0.0006850277442455129,0.0007305370332985929,0.000830373861453665,0.0
74,external_references,8000000,2435000,1.3,0.9,0.005,0.12,4,22877.935622667024,2000,1.0,0.0,24,1.0,2.0,0.007171109900439052,0.9535,-0.0002827864430260877,0.007102201327789138,0.9166666666666666,0.741511978067893,0.9768411847029567,-8.387148358630452e-05,0.008591864869219795,0.008411381403168567,0.007171595427573328,0.0,0.002940894141466901,0.9465,-7.766504758383463e-05,0.0029523298677401255,1.0,0.8620237953250198,1.0,-0.0005022308715074744,0.003571292836784075,0.0035319889843789644,0.0029445479415135915,0.0,5.761664445581639e-05,0.957,3.6617998951793886e-07,5.6394547985438075e-05,0.875,0.6899611872949993,0.9565566591987655,-1.3608115135939542e-05,6.843491897917747e-05,6.83621228770189e-05,5.7539093531342535e-05,0.0,0.000812403840463596,0.9515,-3.715625014284962e-06,0.0008115845814128458,0.9583333333333334,0.7975819352134406,0.9926065438344942,0.00021119791598678272,0.0007855284569361606,0.0007974640388002739,0.00081301549015188,0.0
74,internal_basis,8000000,1000000,1.3,0.9,0.005,0.12,4,20787.954341370485,2000,1.0,0.0,24,1.0,1.9583333333333333,0.01440697517521616,0.951,0.00020122103328787933,0.014136436524778792,1.0,0.8620237953250198,1.0,0.0035710880907153797,0.014662354218041978,0.014791200370479637,0.014435737285200862,0.0,0.005319264059651545,0.953,-5.264281663590081e-05,0.005210356497972825,1.0,0.8620237953250198,1.0,0.00015185448920012704,0.004808494283773591,0.0047097002391972955,0.005306513159150968,0.0,0.00055607499742372,0.955,-1.0699817439184039e-05,0.0005464875424950976,1.0,0.8620237953250198,1.0,-9.067656974503432e-05,0.0005063116229662947,0.0005038773551538849,0.0005548411945958334,0.0,0.0008289952556890412,0.9515,-3.875908857187335e-05,0.0008195650927598674,0.9583333333333334,0.7975819352134406,0.9926065438344942,-1.2274762786518753e-05,0.0007735550149747303,0.0007573672981306126,0.0008281717319355989,0.0
75,external_references,8000000,2435000,1.3,0.9,0.02,0.01,4,9163.525743803375,2000,1.0,0.0,24,1.0,1.9166666666666667,0.007346845340030611,0.945,-5.544904432972719e-05,0.007429498398020991,0.875,0.6899611872949993,0.9565566591987655,0.00103771864712963,0.0095848930513964,0.009440291883571612,0.007356492051605546,0.0,0.0031488963980068996,0.9445,-0.00010559144531535248,0.003198666638651215,0.9583333333333334,0.7975819352134406,0.9926065438344942,-0.00031449066306039425,0.003514830507600799,0.003455168082539315,0.0031496267420120048,0.0,0.00011331945357878998,0.9525,-1.7633819023470456e-06,0.00011193064412583512,0.875,0.6899611872949993,0.9565566591987655,-2.0277178779344016e-05,0.00012011751160076989,0.00011932394931877193,0.000113265974198113,0.0,0.000248746859276655,0.9455,1.356562499793244e-05,0.00025620332071547337,1.0,0.8620237953250198,1.0,2.1614583544494142e-05,0.00022155407119554905,0.00021796361641908472,0.00024899787233564246,0.0
75,internal_basis,8000000,1000000,1.3,0.9,0.02,0.01,4,19797.82182525835,2000,1.0,0.0,24,1.0,2.0,0.016280959094192863,0.951,0.00023860863445151405,0.01611501507804534,1.0,0.8620237953250198,1.0,-0.0038993031282835064,0.01371882896711256,0.01398459528453569,0.016244210084870817,0.0,0.005596550981974336,0.9525,5.0252237831536704e-05,0.005548280049761449,0.9583333333333334,0.7975819352134406,0.9926065438344942,-0.0005862154428723417,0.004711918077918326,0.004649809675631895,0.005615958285698158,0.0,0.0006948572824749648,0.9505,-3.4112846152363417e-06,0.0006828689460932707,1.0,0.8620237953250198,1.0,5.2532704399329906e-05,0.0005870611498959691,0.0005770965652966024,0.0006968006002844302,0.0,0.0009313581025597709,0.945,-3.930015846093164e-05,0.000922789101643494,0.9583333333333334,0.7975819352134406,0.9926065438344942,-6.0648429186190445e-05,0.0009461513293580746,0.0009282135921167167,0.0009328248416776438,0.0
76,external_references,8000000,2435000,1.3,0.9,0.02,0.04,4,9963.147553977753,2000,1.0,0.0,24,1.0,1.9166666666666667,0.007639295916333771,0.951,0.0001769655791386453,0.007657240626616594,1.0,0.8620237953250198,1.0,0.0005250909501174905,0.007286930946170325,0.0071528043226338454,0.0076417912854836725,0.0,0.003238057675623532,0.93,0.00011814932498306552,0.003370558356705852,1.0,0.8620237953250198,1.0,-0.00045442562853885426,0.0023383035608883123,0.002333740962585595,0.0032394177106546073,0.0,0.00011334473625908143,0.9515,1.6176093143678242e-06,0.00011339960946638765,1.0,0.8620237953250198,1.0,-4.0475543464236464e-05,9.84399709597403e-05,0.00010452238838086336,0.00011323756319915315,0.0,0.0004898979485566356,0.9425,-1.475937499929279e-05,0.000507938281897265,0.9583333333333334,0.7975819352134406,0.9926065438344942,-5.755208355918568e-05,0.0004971999691646758,0.000490122154437342,0.0004895502457458608,0.0
76,internal_basis,8000000,1000000,1.3,0.9,0.02,0.04,4,21897.423777088985,2000,1.0,0.0,24,1.0,2.0,0.016990279206898582,0.951,0.00023475369494914967,0.016690033001299964,0.9166666666666666,0.741511978067893,0.9768411847029567,0.0023858521891534923,0.017952366868624756,0.017735589136341472,0.017053095390382775,0.0,0.005755659725366852,0.9555,-7.302752314630823e-05,0.005644332829074414,1.0,0.8620237953250198,1.0,-0.0011011475846976527,0.004889167125157094,0.004911260841026211,0.005764010022705895,0.0,0.0007004607202415651,0.9585,-8.713808185137787e-06,0.0006826977687559611,1.0,0.8620237953250198,1.0,-9.848325129102377e-05,0.0006692378269235879,0.0006625077988692146,0.0007016989225769516,0.0,0.0009354798748577096,0.959,1.255937102468664e-05,0.0009079636049554519,0.9583333333333334,0.7975819352134406,0.9926065438344942,-1.3753086062749548e-05,0.0007862709798981524,0.0007698389110478459,0.000936428824538597,0.0
77,external_references,8000000,2435000,1.3,0.9,0.02,0.12,4,12513.543540970244,2000,1.0,0.0,24,1.0,1.875,0.008481420368791626,0.9505,-6.691684549350951e-05,0.008431019763097394,0.9166666666666666,0.741511978067893,0.9768411847029567,-0.0010190437623418442,0.007998948469320543,0.007896560080954745,0.008466934034108422,0.0,0.003501136422824945,0.9465,6.675694439196583e-05,0.0035115989468129465,1.0,0.8620237953250198,1.0,-0.0015154704697207856,0.002303793079738601,0.0027171619432329384,0.003512718994013198,0.0,0.00011341813267196866,0.9495,8.125672426963736e-07,0.00011695825037192802,0.9166666666666666,0.741511978067893,0.9768411847029567,-3.214818307356043e-05,0.00013170189693111257,0.00013287652449253657,0.00011334313064363074,0.0,0.0008124038404635961,0.9545,-2.7978124989904574e-05,0.0007993095241057928,0.9166666666666666,0.741511978067893,0.9768411847029567,-0.00016197916648208756,0.0009243735323577639,0.0009192937016496159,0.0008119225911542631,0.0
77,internal_basis,8000000,1000000,1.3,0.9,0.02,0.12,4,29174.35121471936,2000,1.0,0.0,24,1.0,2.0,0.019176600306394686,0.9535,9.032717192555206e-05,0.019224448318264916,0.9583333333333334,0.7975819352134406,0.9926065438344942,-0.002051972575887675,0.017424917428783625,0.017181012272577505,0.019109202232910998,0.0,0.006232543361942735,0.95,-0.00016080795061634685,0.006309783735726889,1.0,0.8620237953250198,1.0,0.0014272569429041038,0.004461749036083155,0.004595084328879691,0.006221682240656236,0.0,0.0007171112122338233,0.952,-1.0307269511669966e-05,0.0007210248644540867,0.9583333333333334,0.7975819352134406,0.9926065438344942,9.937171877726269e-05,0.0005642000782310109,0.0005611889712243086,0.0007156023697087148,0.0,0.0009460838011766006,0.9415,-2.1416607181539967e-05,0.0009566580739327269,0.9166666666666666,0.741511978067893,0.9768411847029567,2.4371868999750513e-05,0.0011288283610481472,0.0011053296169811716,0.000944946916959071,0.0
78,external_references,8000000,2435000,1.3,0.9,0.06,0.01,4,8597.34642274433,2000,1.0,0.0,24,1.0,1.875,0.009972804317897944,0.941,-5.599258131964613e-05,0.010229633226724898,0.9166666666666666,0.741511978067893,0.9768411847029567,0.002301938658160511,0.010346962319371997,0.010387383353833636,0.0100011612987223,0.0,0.00414606298340754,0.95,-7.837026720095302e-05,0.004163180258379395,0.9583333333333334,0.7975819352134406,0.9926065438344942,0.001477353225212664,0.0034173263678514377,0.0036570621739006708,0.004129390045759503,0.0,0.00019140911152587154,0.95,1.2271899184367608e-06,0.00019238192851294913,0.9166666666666666,0.741511978067893,0.9768411847029567,-3.1721851435021625e-06,0.00023711476320640285,0.00023214398886663417,0.00019137432143822558,0.0,0.000248746859276655,0.9515,6.643749999292521e-06,0.00024829458574711447,1.0,0.8620237953250198,1.0,1.4062500090348415e-05,0.00024150126299947135,0.0002368343192427991,0.00024890218255819893,0.0
78,internal_basis,8000000,1000000,1.3,0.9,0.06,0.01,4,34027.44117360316,2000,1.0,0.0,24,1.0,2.0416666666666665,0.025579482848152597,0.947,-1.677749316680832e-05,0.026009692695341483,0.9583333333333334,0.7975819352134406,0.9926065438344942,-0.0032645872879218016,0.02224456487409786,0.02201955196706239,0.025489511593233958,0.0,0.007403330092787861,0.9505,-0.00023962953053187268,0.00725637503788237,0.9583333333333334,0.7975819352134406,0.9926065438344942,0.0004345857571150617,0.00763609428152347,0.007487938300699971,0.0074107906657585225,0.0,0.001022187970547921,0.95,-1.614284155422325e-05,0.0010210756973628048,1.0,0.8620237953250198,1.0,6.10720786092224e-05,0.0009343377782204236,0.0009167019258025571,0.001022496638971391,0.0,0.0011975450058462028,0.9445,-2.0627967635533275e-05,0.0012081223209755645,1.0,0.8620237953250198,1.0,-0.0002066556221299751,0.0011807848961721587,0.0011742510989534466,0.0011978232186439142,0.0
79,external_references,8000000,2435000,1.3,0.9,0.06,0.04,4,9355.05166640571,2000,1.0,0.0,24,1.0,1.9583333333333333,0.010373647024055604,0.9535,-5.548242020416982e-05,0.010309048426120343,0.9166666666666666,0.741511978067893,0.9768411847029567,-0.003689279040317147,0.010641719133152648,0.011051623177540909,0.01032872181316056,0.0,0.0042779071903039576,0.953,-6.296487627098118e-05,0.00420655986136404,1.0,0.8620237953250198,1.0,0.000578235169442993,0.004424303587515899,0.0043695784181751905,0.004281367727207123,0.0,0.0001915268275578247,0.95,-4.487711509078687e-06,0.00019232911881738782,0.9166666666666666,0.741511978067893,0.9768411847029567,0.00011484146952791257,0.00017856586659907106,0.00020915486640568393,0.00019169296748656103,0.0,0.0004898979485566356,0.957,-2.6362499994838612e-05,0.00047586808184140215,0.9166666666666666,0.741511978067893,0.9768411847029567,-0.00011171874971705315,0.0005402272578618242,0.0005405241349093887,0.0004892301137114513,0.0
79,internal_basis,8000000,1000000,1.3,0.9,0.06,0.04,4,38205.2445785083,2000,1.0,0.0,24,1.0,1.9583333333333333,0.026975034359787074,0.95,-0.000985633584722038,0.027493585373805397,0.9166666666666666,0.741511978067893,0.9768411847029567,-0.006050252903345266,0.029685751254943576,0.029683849058863458,0.026780356150163248,0.0,0.007674929445418329,0.9465,0.0003701147192742876,0.007785885425893696,0.9583333333333334,0.7975819352134406,0.9926065438344942,0.002652222580779929,0.007241610946879141,0.007569027349085906,0.007671105592771991,0.0,0.0010399174865454617,0.9395,4.262280670341316e-05,0.001065375338503741,0.875,0.6899611872949993,0.9565566591987655,0.00032285188220390615,0.0011708529715998759,0.0011908019667017913,0.0010379543447124524,0.0,0.0012129489662274077,0.9345,2.5812921287452258e-05,0.0012443818533674658,0.9583333333333334,0.7975819352134406,0.9926065438344942,0.0001362506264074023,0.001247709744308014,0.0012290150618764594,0.0012112647004110574,0.0
80,external_references,8000000,2435000,1.3,0.9,0.06,0.12,4,11815.162302839197,2000,1.0,0.0,24,1.0,1.7916666666666667,0.011553853273708415,0.9495,3.9841923466457315e-05,0.011481598871334106,0.9583333333333334,0.7975819352134406,0.9926065438344942,-0.0027027683982676354,0.010254652009638644,0.0103962140317286,0.011512648209554598,0.0,0.004671841690437454,0.9455,4.549047096477293e-05,0.004668729872138273,0.9166666666666666,0.741511978067893,0.9768411847029567,-0.0007555933776223998,0.004987818222963433,0.004940916399641299,0.0046848371707066475,0.0,0.00019185020162487465,0.958,3.2307804891745196e-06,0.00018996697538265883,0.9166666666666666,0.741511978067893,0.9768411847029567,1.9436845073690992e-05,0.00022417694459891688,0.00022031596060897052,0.00019189307469362794,0.0,0.0008124038404635959,0.9515,6.896875015162583e-06,0.000805717273045964,1.0,0.8620237953250198,1.0,-0.00016979166533748086,0.0007558168140005368,0.0007591349058393708,0.0008119022063005589,0.0
80,internal_basis,8000000,1000000,1.3,0.9,0.06,0.12,4,53091.97726190302,2000,1.0,0.0,24,1.0,1.9583333333333333,0.03136079996231895,0.949,0.0009451096830651633,0.03138006048725658,1.0,0.8620237953250198,1.0,-0.01126623446278352,0.021024021327386413,0.02346317221475412,0.031065096659039223,0.0,0.008509725799011918,0.947,-0.0002253307105612497,0.008586703095745,0.9583333333333334,0.7975819352134406,0.9926065438344942,0.001058798912799581,0.008224640845074052,0.008120790743021076,0.008555983572238324,0.0,0.0010924868281478267,0.9485,-3.484934543012668e-05,0.001100392286694498,1.0,0.8620237953250198,1.0,0.0003057444076531984,0.0008368930055528672,0.0008744636258531351,0.0010955346080095934,0.0,0.0012576305729785965,0.9435,-5.330158851916397e-05,0.0012575750307990065,1.0,0.8620237953250198,1.0,0.00022051436379203217,0.0010540405490344423,0.0010551475419842474,0.0012603061476648373,0.0
