family,design,grid_index,temperature,memory_angle,false_positive,false_negative,equal_grid_prior_weight,uniform_volume_prior_weight,temperature_variance_per_readout,temperature_sd_at_8e6,oracle_temperature_variance_per_readout,relative_c_efficiency,oracle_sd_inflation
internal_basis,center_local,0,0.6,0.2,0.005,0.01,0.012345679012345678,0.0008538539382695229,196274.2488258128,0.1566342271128076,183704.96287611796,0.9359605958250301,1.0336445459032433
internal_basis,center_local,1,0.6,0.2,0.005,0.04,0.012345679012345678,0.0031307977736549164,215376.1882393543,0.16407932084793406,202006.40525162997,0.9379235787529768,1.032562320552236
internal_basis,center_local,2,0.6,0.2,0.005,0.12,0.012345679012345678,0.002276943835385394,276801.28665893857,0.186011184696962,261948.41306772342,0.9463410240230705,1.0279598832445664
internal_basis,center_local,3,0.6,0.2,0.02,0.01,0.012345679012345678,0.0031307977736549164,266492.7938804513,0.18251465485011445,255758.0829635702,0.9597185696447136,1.0207703599212947
internal_basis,center_local,4,0.6,0.2,0.02,0.04,0.012345679012345678,0.011479591836734691,295435.8667004673,0.19217045386208154,283606.5399738605,0.9599597474107632,1.0206421240340537
internal_basis,center_local,5,0.6,0.2,0.02,0.12,0.012345679012345678,0.008348794063079775,392058.5617551531,0.2213759702844781,377423.79997409467,0.9626720005410873,1.0192033201783774
internal_basis,center_local,6,0.6,0.2,0.06,0.01,0.012345679012345678,0.0022769438353853937,515860.96568708326,0.25393428423685804,511256.35307197773,0.9910739270435541,1.0044931385146434
internal_basis,center_local,7,0.6,0.2,0.06,0.04,0.012345679012345678,0.008348794063079775,581088.6357328142,0.2695108151199164,575366.6259714339,0.9901529484324466,1.004960188416148
internal_basis,center_local,8,0.6,0.2,0.06,0.12,0.012345679012345678,0.006071850227694383,810097.2924343216,0.31821716099904196,800495.1560910228,0.9881469344077862,1.0059797443438931
internal_basis,center_local,9,0.6,0.5,0.005,0.01,0.012345679012345678,0.0019923258559622196,4188.769044343951,0.022882223024500783,3961.4465960821126,0.9457304888726704,1.0282916396969368
internal_basis,center_local,10,0.6,0.5,0.005,0.04,0.012345679012345678,0.007305194805194804,4527.128923980586,0.02378846601816883,4202.41241540903,0.9282731916797189,1.0379157346600933
internal_basis,center_local,11,0.6,0.5,0.005,0.12,0.012345679012345678,0.005312868949232585,5600.7516588417675,0.02645928867817918,4963.623868198365,0.8862424493259606,1.0622426285140736
internal_basis,center_local,12,0.6,0.5,0.02,0.01,0.012345679012345678,0.007305194805194804,6628.814042004997,0.0287854434610729,6466.707141679322,0.9755451127006359,1.0124563795390247
internal_basis,center_local,13,0.6,0.5,0.02,0.04,0.012345679012345678,0.02678571428571428,7277.877232253424,0.030161807870744056,7030.417585594473,0.9659983757953099,1.0174470147990717
internal_basis,center_local,14,0.6,0.5,0.02,0.12,0.012345679012345678,0.019480519480519477,9433.330698189477,0.0343389915005331,8763.355775848431,0.9289779035871569,1.037521984528453
internal_basis,center_local,15,0.6,0.5,0.06,0.01,0.012345679012345678,0.005312868949232584,15492.737065118474,0.04400672827125199,15364.065412734171,0.9916947114093866,1.0041786913132855
internal_basis,center_local,16,0.6,0.5,0.06,0.04,0.012345679012345678,0.019480519480519477,17387.62178765641,0.04662030376839099,17216.371271611555,0.9901510098312336,1.004961172213603
internal_basis,center_local,17,0.6,0.5,0.06,0.12,0.012345679012345678,0.01416765053128689,24026.77566693713,0.054802800643462934,23649.277370701733,0.9842884329770946,1.007949582431211
internal_basis,center_local,18,0.6,0.9,0.005,0.01,0.012345679012345678,0.001138471917692697,222.21962362897426,0.005270431951332052,162.05443168275912,0.729253470221563,1.1710103882197025
internal_basis,center_local,19,0.6,0.9,0.005,0.04,0.012345679012345678,0.004174397031539889,239.2558258291937,0.005468727295143653,174.34512641310653,0.7286975178509244,1.1714570082913747
internal_basis,center_local,20,0.6,0.9,0.005,0.12,0.012345679012345678,0.0030359251138471917,295.1426984972347,0.006073947424217165,214.58905953852732,0.7270688403648173,1.1727683410550434
internal_basis,center_local,21,0.6,0.9,0.02,0.01,0.012345679012345678,0.004174397031539889,522.1788507179698,0.008079130914878545,376.13122998071503,0.7203111145990563,1.1782567649704916
internal_basis,center_local,22,0.6,0.9,0.02,0.04,0.012345679012345678,0.01530612244897959,572.0873896172559,0.008456413170024097,411.5868368730515,0.7194474906157532,1.1789637419385217
internal_basis,center_local,23,0.6,0.9,0.02,0.12,0.012345679012345678,0.011131725417439701,741.5142862426139,0.009627527500886546,531.7938371850481,0.7171727464345198,1.1808319931448619
internal_basis,center_local,24,0.6,0.9,0.06,0.01,0.012345679012345678,0.0030359251138471917,1783.0392305714608,0.01492916286405345,1301.082058101052,0.7296990642679565,1.1706527922145114
internal_basis,center_local,25,0.6,0.9,0.06,0.04,0.012345679012345678,0.011131725417439701,1987.488390436097,0.015761854231165575,1447.6067563490476,0.7283598552399152,1.1717285165269542
internal_basis,center_local,26,0.6,0.9,0.06,0.12,0.012345679012345678,0.00809580030359251,2701.5299405738756,0.018376377297273108,1959.2527788913267,0.725238225001915,1.1742475341014353
internal_basis,center_local,27,0.9,0.2,0.005,0.01,0.012345679012345678,0.00199232585596222,520520.7443798425,0.25507860170441643,407334.0553485708,0.7825510505520308,1.1304299636823925
internal_basis,center_local,28,0.9,0.2,0.005,0.04,0.012345679012345678,0.007305194805194805,572751.5816826985,0.26757045373197935,451837.8485636945,0.788889743850608,1.1258793274730912
internal_basis,center_local,29,0.9,0.2,0.005,0.12,0.012345679012345678,0.005312868949232586,738700.8214977706,0.30387102969388397,598883.9055662894,0.8107259233203612,1.110613555724121
internal_basis,center_local,30,0.9,0.2,0.02,0.01,0.012345679012345678,0.007305194805194805,611429.986381763,0.2764574981759771,487546.7986318469,0.7973877786351057,1.1198638163112855
internal_basis,center_local,31,0.9,0.2,0.02,0.04,0.012345679012345678,0.026785714285714284,678385.3123644106,0.29120124320742746,543781.1771583187,0.8015815897650418,1.1169304552882566
internal_basis,center_local,32,0.9,0.2,0.02,0.12,0.012345679012345678,0.01948051948051948,897231.530552601,0.33489392547353725,732917.1020184418,0.8168650755809276,1.1064322748177167
internal_basis,center_local,33,0.9,0.2,0.06,0.01,0.012345679012345678,0.005312868949232586,890509.6139287428,0.3336370808844437,745565.8238386471,0.8372350081088581,1.0928896427329406
internal_basis,center_local,34,0.9,0.2,0.06,0.04,0.012345679012345678,0.01948051948051948,1004800.8415329679,0.35440105134102096,841891.8968217253,0.8378694185180999,1.0924758122217504
internal_basis,center_local,35,0.9,0.2,0.06,0.12,0.012345679012345678,0.014167650531286893,1397755.057056931,0.4179944761980909,1177678.0533832766,0.8425496637894183,1.0894373117392757
internal_basis,center_local,36,0.9,0.5,0.005,0.01,0.012345679012345678,0.0046487603305785125,10122.674116603534,0.03557153728158852,10067.274970470578,0.9945272222048434,1.0027476721043838
internal_basis,center_local,37,0.9,0.5,0.005,0.04,0.012345679012345678,0.017045454545454544,10932.470050627458,0.036966995500424864,10705.85246744914,0.9792711453012111,1.0105283942276035
internal_basis,center_local,38,0.9,0.5,0.005,0.12,0.012345679012345678,0.012396694214876032,13462.763785924828,0.04102249959766718,12542.412609517474,0.9316372781219283,1.0360401141470812
internal_basis,center_local,39,0.9,0.5,0.02,0.01,0.012345679012345678,0.017045454545454544,13331.325770707675,0.04082175549065056,13307.49279401824,0.9982122575729263,1.0008950715104745
internal_basis,center_local,40,0.9,0.5,0.02,0.04,0.012345679012345678,0.062499999999999986,14577.183434324974,0.0426866247118535,14577.183434324974,1.0,1.0
internal_basis,center_local,41,0.9,0.5,0.02,0.12,0.012345679012345678,0.04545454545454544,18615.884219617572,0.048238838371712445,18214.60109000392,0.9784440467678254,1.0109554140450077
internal_basis,center_local,42,0.9,0.5,0.06,0.01,0.012345679012345678,0.012396694214876032,23441.24376026286,0.05413091048590313,22863.35904648872,0.9753475233786972,1.0125589278277218
internal_basis,center_local,43,0.9,0.5,0.06,0.04,0.012345679012345678,0.04545454545454544,26216.42724623494,0.05724555358959652,25705.94139860729,0.9805280161620434,1.0098805234134418
internal_basis,center_local,44,0.9,0.5,0.06,0.12,0.012345679012345678,0.033057851239669415,35731.75516975061,0.06683164965956494,35469.471740308596,0.9926596544671262,1.0036905024123544
internal_basis,center_local,45,0.9,0.9,0.005,0.01,0.012345679012345678,0.0026564344746162934,451.10606484747694,0.007509211550218479,346.8745643188996,0.7689423648874707,1.1403892257245885
internal_basis,center_local,46,0.9,0.9,0.005,0.04,0.012345679012345678,0.009740259740259742,484.4797803490343,0.0077820288192494685,372.0843931897836,0.7680080950369538,1.1410826477439266
internal_basis,center_local,47,0.9,0.9,0.005,0.12,0.012345679012345678,0.0070838252656434475,593.0476975335628,0.008609933924932024,453.88155439041304,0.7653373519163291,1.1430718911528865
internal_basis,center_local,48,0.9,0.9,0.02,0.01,0.012345679012345678,0.009740259740259742,845.0616077819723,0.010277777044319775,640.2883299825673,0.7576824270399977,1.1488316522849296
internal_basis,center_local,49,0.9,0.9,0.02,0.04,0.012345679012345678,0.03571428571428571,922.4409257920787,0.010738021965148415,697.5557207717258,0.756206388146483,1.1499523076808367
internal_basis,center_local,50,0.9,0.9,0.02,0.12,0.012345679012345678,0.025974025974025972,1183.125210333347,0.012161030025934003,890.0489228901706,0.7522863304040307,1.152944534201006
internal_basis,center_local,51,0.9,0.9,0.06,0.01,0.012345679012345678,0.0070838252656434475,2349.385692458147,0.01713689620547631,1796.2535748831726,0.764563085852355,1.1436505339328784
internal_basis,center_local,52,0.9,0.9,0.06,0.04,0.012345679012345678,0.025974025974025972,2617.1420630938164,0.018087088153893843,1995.2894307427307,0.7623924810501224,1.1452774183763001
internal_basis,center_local,53,0.9,0.9,0.06,0.12,0.012345679012345678,0.018890200708382526,3553.1931824019443,0.021074846329220128,2690.602085994509,0.7572349568045925,1.149171039712569
internal_basis,center_local,54,1.3,0.2,0.005,0.01,0.012345679012345678,0.001138471917692697,2103797.513820754,0.5128105783109337,1491802.811838323,0.7090999975225878,1.1875345616885538
internal_basis,center_local,55,1.3,0.2,0.005,0.04,0.012345679012345678,0.004174397031539889,2303129.9906490017,0.536554982113786,1665017.1369505057,0.7229366747472723,1.1761152233631749
internal_basis,center_local,56,1.3,0.2,0.005,0.12,0.012345679012345678,0.0030359251138471917,2925222.4580385955,0.6046923244550276,2239627.595967388,0.7656264192191014,1.1428560836163708
internal_basis,center_local,57,1.3,0.2,0.02,0.01,0.012345679012345678,0.004174397031539889,2383172.8410881273,0.5457990519742737,1679386.0249261023,0.7046849460399671,1.191248873751025
internal_basis,center_local,58,1.3,0.2,0.02,0.04,0.012345679012345678,0.015306122448979588,2628746.340976382,0.5732305754424198,1882992.5441019463,0.7163081940430037,1.181544384316189
internal_basis,center_local,59,1.3,0.2,0.02,0.12,0.012345679012345678,0.011131725417439701,3414282.2263864973,0.6532880515502424,2568134.434272102,0.7521740336592165,1.1530305961230427
internal_basis,center_local,60,1.3,0.2,0.06,0.01,0.012345679012345678,0.0030359251138471917,3196707.124669204,0.6321300424625067,2259562.8765049395,0.7068407546840124,1.189430878875091
internal_basis,center_local,61,1.3,0.2,0.06,0.04,0.012345679012345678,0.011131725417439701,3585695.613851926,0.6694863342380416,2562679.781008988,0.7146952940202403,1.1828768675469905
internal_basis,center_local,62,1.3,0.2,0.06,0.12,0.012345679012345678,0.00809580030359251,4891316.725048712,0.7819300420313118,3616486.5097692832,0.7393687043918152,1.162972560491726
internal_basis,center_local,63,1.3,0.5,0.005,0.01,0.012345679012345678,0.002656434474616293,34532.24129698485,0.06570030564710568,32289.911259210603,0.9350656095997443,1.0341390974969646
internal_basis,center_local,64,1.3,0.5,0.005,0.04,0.012345679012345678,0.00974025974025974,37097.647229923685,0.06809703300247713,34084.95646088229,0.918790246983337,1.0432582115548565
internal_basis,center_local,65,1.3,0.5,0.005,0.12,0.012345679012345678,0.007083825265643447,45042.97398024657,0.07503580310445689,39685.52516631237,0.8810591677120678,1.065362639517359
internal_basis,center_local,66,1.3,0.5,0.02,0.01,0.012345679012345678,0.00974025974025974,42977.04740054168,0.07329482195262985,41781.71034458221,0.9721866175491523,1.0142036769021405
internal_basis,center_local,67,1.3,0.5,0.02,0.04,0.012345679012345678,0.035714285714285705,46649.605066182194,0.07636229850700393,44535.7944860356,0.9546874924847121,1.0234564882633588
internal_basis,center_local,68,1.3,0.5,0.02,0.12,0.012345679012345678,0.02597402597402597,58377.81609009216,0.0854238082226584,53322.9198293586,0.9134106652271381,1.0463258643775066
internal_basis,center_local,69,1.3,0.5,0.06,0.01,0.012345679012345678,0.007083825265643447,68698.07737466271,0.09266746824982777,67379.44642769294,0.9808054170165742,1.0097377012357671
internal_basis,center_local,70,1.3,0.5,0.06,0.04,0.012345679012345678,0.02597402597402597,76157.7933423657,0.09756907382872768,75503.12395594442,0.9914037768468655,1.004326022231735
internal_basis,center_local,71,1.3,0.5,0.06,0.12,0.012345679012345678,0.018890200708382526,101262.13513322303,0.11250674153868682,100607.08700575517,0.9935311641749794,1.003250195174801
internal_basis,center_local,72,1.3,0.9,0.005,0.01,0.012345679012345678,0.001517962556923596,1265.140108814366,0.012575472698940417,1010.1940016853807,0.7984838949040122,1.119094907566057
internal_basis,center_local,73,1.3,0.9,0.005,0.04,0.012345679012345678,0.0055658627087198514,1357.3256790662806,0.013025579061342534,1082.3442673367504,0.7974094088320107,1.1198486277275714
internal_basis,center_local,74,1.3,0.9,0.005,0.12,0.012345679012345678,0.004047900151796256,1655.8160601562988,0.01438669550381662,1315.1985334034287,0.7942902385421253,1.1220452907816707
internal_basis,center_local,75,1.3,0.9,0.02,0.01,0.012345679012345678,0.0055658627087198514,2114.789492618265,0.016258803356252363,1658.231106183515,0.7841116631095528,1.1293044595258124
internal_basis,center_local,76,1.3,0.9,0.02,0.04,0.012345679012345678,0.020408163265306117,2303.0432066227468,0.01696703865817024,1801.9161249658637,0.7824065652716298,1.1305343358577755
internal_basis,center_local,77,1.3,0.9,0.02,0.12,0.012345679012345678,0.014842300556586268,2933.796302431235,0.019150053206294346,2281.76007076717,0.7777499988244845,1.133913668523742
internal_basis,center_local,78,1.3,0.9,0.06,0.01,0.012345679012345678,0.004047900151796255,5221.711881666242,0.025548267753573436,4075.862713239245,0.7805606294651863,1.131870338067758
internal_basis,center_local,79,1.3,0.9,0.06,0.04,0.012345679012345678,0.014842300556586268,5806.903695360829,0.02694184407051796,4518.605679152905,0.7781437261931599,1.1336267618003155
internal_basis,center_local,80,1.3,0.9,0.06,0.12,0.012345679012345678,0.010794400404790013,7848.303983627954,0.031321526111501886,6060.145228340484,0.7721598502023266,1.1380108219395217
internal_basis,bayes_equal_grid,0,0.6,0.2,0.005,0.01,0.012345679012345678,0.0008538539382695229,200731.0311739873,0.15840258488026138,183704.96287611796,0.9151796899647684,1.0453141113310969
internal_basis,bayes_equal_grid,1,0.6,0.2,0.005,0.04,0.012345679012345678,0.0031307977736549164,219925.54900308314,0.16580317736818373,202006.40525162997,0.9185217732424441,1.0434106668255472
internal_basis,bayes_equal_grid,2,0.6,0.2,0.005,0.12,0.012345679012345678,0.002276943835385394,283331.47372927226,0.18819254559136775,261948.41306772342,0.9245298788020258,1.0400148115220282
internal_basis,bayes_equal_grid,3,0.6,0.2,0.02,0.01,0.012345679012345678,0.0031307977736549164,295765.8266319133,0.19227773747625898,255758.0829635702,0.86473168951282,1.075373456721467
internal_basis,bayes_equal_grid,4,0.6,0.2,0.02,0.04,0.012345679012345678,0.011479591836734691,326326.59494122583,0.20196738441553683,283606.5399738605,0.8690880374765054,1.0726748887392308
internal_basis,bayes_equal_grid,5,0.6,0.2,0.02,0.12,0.012345679012345678,0.008348794063079775,429802.7229154613,0.23178727394840437,377423.79997409467,0.8781326405145434,1.067136414488582
internal_basis,bayes_equal_grid,6,0.6,0.2,0.06,0.01,0.012345679012345678,0.0022769438353853937,664481.8562879375,0.2882017210843686,511256.35307197773,0.7694060390573507,1.1400455523655497
internal_basis,bayes_equal_grid,7,0.6,0.2,0.06,0.04,0.012345679012345678,0.008348794063079775,741808.0870735493,0.30450945943302593,575366.6259714339,0.7756273300298856,1.1354642061030178
internal_basis,bayes_equal_grid,8,0.6,0.2,0.06,0.12,0.012345679012345678,0.006071850227694383,1012282.9547536875,0.3557181037622501,800495.1560910228,0.790782016363994,1.1245314550534884
internal_basis,bayes_equal_grid,9,0.6,0.5,0.005,0.01,0.012345679012345678,0.0019923258559622196,5494.782795069346,0.026207782229400265,3961.4465960821126,0.7209468952324835,1.1777371163909538
internal_basis,bayes_equal_grid,10,0.6,0.5,0.005,0.04,0.012345679012345678,0.007305194805194804,5991.381464136268,0.027366451779816715,4202.41241540903,0.7014095898523897,1.1940270079791786
internal_basis,bayes_equal_grid,11,0.6,0.5,0.005,0.12,0.012345679012345678,0.005312868949232585,7610.102624156569,0.030842548987066083,4963.623868198365,0.6522413840310709,1.2382143263402996
internal_basis,bayes_equal_grid,12,0.6,0.5,0.02,0.01,0.012345679012345678,0.007305194805194804,8833.109989032002,0.03322858330758325,6466.707141679322,0.7320985643458507,1.1687327728093535
internal_basis,bayes_equal_grid,13,0.6,0.5,0.02,0.04,0.012345679012345678,0.02678571428571428,9740.292975795186,0.034893217420788214,7030.417585594473,0.7217870759190914,1.1770514570498172
internal_basis,bayes_equal_grid,14,0.6,0.5,0.02,0.12,0.012345679012345678,0.019480519480519477,12806.915673960493,0.04001080428140706,8763.355775848431,0.6842674691507822,1.208890746252129
internal_basis,bayes_equal_grid,15,0.6,0.5,0.06,0.01,0.012345679012345678,0.005312868949232584,21341.333928230266,0.05164946022011056,15364.065412734171,0.7199205759303837,1.1785763088584331
internal_basis,bayes_equal_grid,16,0.6,0.5,0.06,0.04,0.012345679012345678,0.019480519480519477,23872.689136543424,0.054626789600597324,17216.371271611555,0.7211743584118211,1.1775513686914962
internal_basis,bayes_equal_grid,17,0.6,0.5,0.06,0.12,0.012345679012345678,0.01416765053128689,32757.718748577456,0.06398995892772695,23649.277370701733,0.7219451864830707,1.1769225591335968
internal_basis,bayes_equal_grid,18,0.6,0.9,0.005,0.01,0.012345679012345678,0.001138471917692697,426.55582576216204,0.007302018777041747,162.05443168275912,0.3799137695358005,1.6223983009077831
internal_basis,bayes_equal_grid,19,0.6,0.9,0.005,0.04,0.012345679012345678,0.004174397031539889,459.7817766773724,0.007581076578209163,174.34512641310653,0.3791910320435427,1.6239437091374356
internal_basis,bayes_equal_grid,20,0.6,0.9,0.005,0.12,0.012345679012345678,0.0030359251138471917,568.6840601726537,0.008431222184332572,214.58905953852732,0.3773431938172799,1.6279150548394117
internal_basis,bayes_equal_grid,21,0.6,0.9,0.02,0.01,0.012345679012345678,0.004174397031539889,978.097530950608,0.011057223492759201,376.13122998071503,0.3845539100943799,1.6125804272018078
internal_basis,bayes_equal_grid,22,0.6,0.9,0.02,0.04,0.012345679012345678,0.01530612244897959,1073.2724868093005,0.011582705247530153,411.5868368730515,0.3834877367411566,1.61482052092781
internal_basis,bayes_equal_grid,23,0.6,0.9,0.02,0.12,0.012345679012345678,0.011131725417439701,1396.0189935724313,0.013209934677982095,531.7938371850481,0.38093596121080026,1.6202200921969452
internal_basis,bayes_equal_grid,24,0.6,0.9,0.06,0.01,0.012345679012345678,0.0030359251138471917,3090.409636409438,0.019654546663588547,1301.082058101052,0.421006342580753,1.541188219390435
internal_basis,bayes_equal_grid,25,0.6,0.9,0.06,0.04,0.012345679012345678,0.011131725417439701,3453.6430390725004,0.02077752102355001,1447.6067563490476,0.4191535546585649,1.544590727015721
internal_basis,bayes_equal_grid,26,0.6,0.9,0.06,0.12,0.012345679012345678,0.00809580030359251,4720.425215680477,0.02429100969412469,1959.2527788913267,0.41505853590964875,1.5521915866623308
internal_basis,bayes_equal_grid,27,0.9,0.2,0.005,0.01,0.012345679012345678,0.00199232585596222,407340.8622728928,0.22564930264485994,407334.0553485708,0.9999832893653634,1.0000083554220367
internal_basis,bayes_equal_grid,28,0.9,0.2,0.005,0.04,0.012345679012345678,0.007305194805194805,451864.93475685705,0.23766176984236892,451837.8485636945,0.9999400568818708,1.0000299729065734
internal_basis,bayes_equal_grid,29,0.9,0.2,0.005,0.12,0.012345679012345678,0.005312868949232586,598967.7454507371,0.2736255985490797,598883.9055662894,0.999860026044667,1.0000699943257891
internal_basis,bayes_equal_grid,30,0.9,0.2,0.02,0.01,0.012345679012345678,0.007305194805194805,488613.51334974397,0.24713698462334202,487546.7986318469,0.9978168538348764,1.0010933636380874
internal_basis,bayes_equal_grid,31,0.9,0.2,0.02,0.04,0.012345679012345678,0.026785714285714284,544737.0530534979,0.2609446907520581,543781.1771583187,0.9982452526593866,1.000878530038211
internal_basis,bayes_equal_grid,32,0.9,0.2,0.02,0.12,0.012345679012345678,0.01948051948051948,733755.1256207376,0.30285209377283856,732917.1020184418,0.9988578974469352,1.0005715408918876
internal_basis,bayes_equal_grid,33,0.9,0.2,0.06,0.01,0.012345679012345678,0.005312868949232586,763308.9920961534,0.30889095812603384,745565.8238386471,0.9767549335312019,1.0118291647166164
internal_basis,bayes_equal_grid,34,0.9,0.2,0.06,0.04,0.012345679012345678,0.01948051948051948,860073.82990976,0.3278859996076685,841891.8968217253,0.9788600321789324,1.0107405787372918
internal_basis,bayes_equal_grid,35,0.9,0.2,0.06,0.12,0.012345679012345678,0.014167650531286893,1197916.0835403348,0.3869618979208959,1177678.0533832766,0.9831056361667283,1.0085557437287354
internal_basis,bayes_equal_grid,36,0.9,0.5,0.005,0.01,0.012345679012345678,0.0046487603305785125,11144.322046064388,0.03732345449925621,10067.274970470578,0.903354634661319,1.0521335307426927
internal_basis,bayes_equal_grid,37,0.9,0.5,0.005,0.04,0.012345679012345678,0.017045454545454544,12245.789395805825,0.03912446388739056,10705.85246744914,0.8742476390387611,1.0695048686519912
internal_basis,bayes_equal_grid,38,0.9,0.5,0.005,0.12,0.012345679012345678,0.012396694214876032,15803.837935809988,0.044446369277773956,12542.412609517474,0.7936308041414145,1.1225113523454546
internal_basis,bayes_equal_grid,39,0.9,0.5,0.02,0.01,0.012345679012345678,0.017045454545454544,14311.489434439107,0.04229581751550487,13307.49279401824,0.9298468097943144,1.0370371089619344
internal_basis,bayes_equal_grid,40,0.9,0.5,0.02,0.04,0.012345679012345678,0.062499999999999986,15870.286919265218,0.04453971110041187,14577.183434324974,0.9185204721553885,1.0434114058224846
internal_basis,bayes_equal_grid,41,0.9,0.5,0.02,0.12,0.012345679012345678,0.04545454545454544,21064.719025803905,0.05131364222334532,18214.60109000392,0.8646970827235511,1.0753949757314172
internal_basis,bayes_equal_grid,42,0.9,0.5,0.06,0.01,0.012345679012345678,0.012396694214876032,24378.24334947041,0.055202177662514375,22863.35904648872,0.9378591688800006,1.0325977768703405
internal_basis,bayes_equal_grid,43,0.9,0.5,0.06,0.04,0.012345679012345678,0.04545454545454544,27452.49384193946,0.05857953337337566,25705.94139860729,0.9363790971636995,1.0334135337136627
internal_basis,bayes_equal_grid,44,0.9,0.5,0.06,0.12,0.012345679012345678,0.033057851239669415,38175.44940411189,0.06907916600187054,35469.471740308596,0.9291173331017334,1.037444132889525
internal_basis,bayes_equal_grid,45,0.9,0.9,0.005,0.01,0.012345679012345678,0.0026564344746162934,840.1557158470621,0.010247900491363232,346.8745643188996,0.4128693738269383,1.5563012479397158
internal_basis,bayes_equal_grid,46,0.9,0.9,0.005,0.04,0.012345679012345678,0.009740259740259742,904.5408009398961,0.010633324979397884,372.0843931897836,0.41135169668759636,1.55916958207605
internal_basis,bayes_equal_grid,47,0.9,0.9,0.005,0.12,0.012345679012345678,0.0070838252656434475,1113.6056024476618,0.01179833464120923,453.88155439041304,0.40757836831352057,1.5663702890598112
internal_basis,bayes_equal_grid,48,0.9,0.9,0.02,0.01,0.012345679012345678,0.009740259740259742,1523.7375908156082,0.013800985430466588,640.2883299825673,0.42020905295106714,1.5426496242206156
internal_basis,bayes_equal_grid,49,0.9,0.9,0.02,0.04,0.012345679012345678,0.03571428571428571,1668.4003046628836,0.01444126165135375,697.5557207717258,0.41809853356066945,1.5465382931508547
internal_basis,bayes_equal_grid,50,0.9,0.9,0.02,0.12,0.012345679012345678,0.025974025974025972,2154.7846636232744,0.016411827532389844,890.0489228901706,0.41305701581964654,1.5559477124360768
internal_basis,bayes_equal_grid,51,0.9,0.9,0.06,0.01,0.012345679012345678,0.0070838252656434475,3842.2401454928786,0.021915291880023176,1796.2535748831726,0.46750164145524825,1.4625422806653894
internal_basis,bayes_equal_grid,52,0.9,0.9,0.06,0.04,0.012345679012345678,0.025974025974025972,4298.862184184504,0.023180978689931603,1995.2894307427307,0.4641436141133791,1.4678234110185067
internal_basis,bayes_equal_grid,53,0.9,0.9,0.06,0.12,0.012345679012345678,0.018890200708382526,5891.082784579158,0.027136421062336036,2690.602085994509,0.4567245418851668,1.4796971099640153
internal_basis,bayes_equal_grid,54,1.3,0.2,0.005,0.01,0.012345679012345678,0.001138471917692697,1554792.3862380164,0.4408503694903204,1491802.811838323,0.9594868260500662,1.0208936251418246
internal_basis,bayes_equal_grid,55,1.3,0.2,0.005,0.04,0.012345679012345678,0.004174397031539889,1732494.2083954383,0.46536198388934796,1665017.1369505057,0.9610520652144476,1.0200619356297056
internal_basis,bayes_equal_grid,56,1.3,0.2,0.005,0.12,0.012345679012345678,0.0030359251138471917,2314875.631989851,0.5379214199106886,2239627.595967388,0.9674937024768883,1.016660444311971
internal_basis,bayes_equal_grid,57,1.3,0.2,0.02,0.01,0.012345679012345678,0.004174397031539889,1737240.7401512791,0.465999026306826,1679386.0249261023,0.9666973529413437,1.0170791122650142
internal_basis,bayes_equal_grid,58,1.3,0.2,0.02,0.04,0.012345679012345678,0.015306122448979588,1946225.178868533,0.4932323462208928,1882992.5441019463,0.9675101137046495,1.0166518218094127
internal_basis,bayes_equal_grid,59,1.3,0.2,0.02,0.12,0.012345679012345678,0.011131725417439701,2643388.3946899963,0.5748247988180829,2568134.434272102,0.9715312511135089,1.0145456952331067
internal_basis,bayes_equal_grid,60,1.3,0.2,0.06,0.01,0.012345679012345678,0.0030359251138471917,2299805.5003518257,0.5361675927767159,2259562.8765049395,0.9825017272805331,1.0088656577947357
internal_basis,bayes_equal_grid,61,1.3,0.2,0.06,0.04,0.012345679012345678,0.011131725417439701,2608935.142947971,0.5710664522351986,2562679.781008988,0.9822704055852012,1.0089844431999482
internal_basis,bayes_equal_grid,62,1.3,0.2,0.06,0.12,0.012345679012345678,0.00809580030359251,3679742.276159214,0.6782092483296742,3616486.5097692832,0.9828097291487613,1.0087075616510788
internal_basis,bayes_equal_grid,63,1.3,0.5,0.005,0.01,0.012345679012345678,0.002656434474616293,38815.15453656539,0.06965554046212458,32289.911259210603,0.831889287695409,1.0963954739583184
internal_basis,bayes_equal_grid,64,1.3,0.5,0.005,0.04,0.012345679012345678,0.00974025974025974,42608.68546213019,0.07298003619323762,34084.95646088229,0.7999532511083067,1.1180666569628104
internal_basis,bayes_equal_grid,65,1.3,0.5,0.005,0.12,0.012345679012345678,0.007083825265643447,54680.261004855376,0.08267425612369864,39685.52516631237,0.7257742453494958,1.1738138339302484
internal_basis,bayes_equal_grid,66,1.3,0.5,0.02,0.01,0.012345679012345678,0.00974025974025974,46273.885698356375,0.07605416301751369,41781.71034458221,0.9029220199259443,1.052385553592433
internal_basis,bayes_equal_grid,67,1.3,0.5,0.02,0.04,0.012345679012345678,0.035714285714285705,51257.195930638765,0.08004467184847375,44535.7944860356,0.8688691153979908,1.072810016931562
internal_basis,bayes_equal_grid,68,1.3,0.5,0.02,0.12,0.012345679012345678,0.02597402597402597,67573.96792504135,0.09190618037232408,53322.9198293586,0.7891044653247062,1.125726136782086
internal_basis,bayes_equal_grid,69,1.3,0.5,0.06,0.01,0.012345679012345678,0.007083825265643447,68170.50686306188,0.09231096011786864,67379.44642769294,0.9883958551612652,1.0058530617993493
internal_basis,bayes_equal_grid,70,1.3,0.5,0.06,0.04,0.012345679012345678,0.02597402597402597,76875.26919511936,0.09802759126587739,75503.12395594442,0.9821510187406011,1.009045765647408
internal_basis,bayes_equal_grid,71,1.3,0.5,0.06,0.12,0.012345679012345678,0.018890200708382526,106816.53693489937,0.11555114502618492,100607.08700575517,0.9418680842187513,1.0303978874041866
internal_basis,bayes_equal_grid,72,1.3,0.9,0.005,0.01,0.012345679012345678,0.001517962556923596,2324.2102995085497,0.017044831692878893,1010.1940016853807,0.434639671762484,1.5168244410747684
internal_basis,bayes_equal_grid,73,1.3,0.9,0.005,0.04,0.012345679012345678,0.0055658627087198514,2500.9955225541057,0.017681188883083152,1082.3442673367504,0.4327653758577792,1.520105556464364
internal_basis,bayes_equal_grid,74,1.3,0.9,0.005,0.12,0.012345679012345678,0.004047900151796256,3072.280878611212,0.01959681376720209,1315.1985334034287,0.4280853819582891,1.5283921589903133
internal_basis,bayes_equal_grid,75,1.3,0.9,0.02,0.01,0.012345679012345678,0.0055658627087198514,3779.6816824461207,0.021736149850094547,1658.231106183515,0.43872242307726483,1.5097501593924856
internal_basis,bayes_equal_grid,76,1.3,0.9,0.02,0.04,0.012345679012345678,0.020408163265306117,4130.9426197535095,0.022723728291571977,1801.9161249658637,0.436199746844555,1.5141095384935799
internal_basis,bayes_equal_grid,77,1.3,0.9,0.02,0.12,0.012345679012345678,0.014842300556586268,5305.372137299516,0.025752116751102998,2281.76007076717,0.43008482943641485,1.5248353026975958
internal_basis,bayes_equal_grid,78,1.3,0.9,0.06,0.01,0.012345679012345678,0.004047900151796255,8569.57459118446,0.03272914334195225,4075.862713239245,0.47562019209589396,1.4500061959755415
internal_basis,bayes_equal_grid,79,1.3,0.9,0.06,0.04,0.012345679012345678,0.014842300556586268,9576.828258121302,0.03459918398264853,4518.605679152905,0.4718269511955648,1.4558231721823318
internal_basis,bayes_equal_grid,80,1.3,0.9,0.06,0.12,0.012345679012345678,0.010794400404790013,13081.043689259903,0.04043674642150983,6060.145228340484,0.4632768892375249,1.4691958133803669
internal_basis,bayes_uniform_volume,0,0.6,0.2,0.005,0.01,0.012345679012345678,0.0008538539382695229,199135.1634813276,0.15777165599424361,183704.96287611796,0.9225139330721143,1.0411505500590423
internal_basis,bayes_uniform_volume,1,0.6,0.2,0.005,0.04,0.012345679012345678,0.0031307977736549164,218232.42317846,0.1651637154380692,202006.40525162997,0.9256479963403,1.039386489427374
internal_basis,bayes_uniform_volume,2,0.6,0.2,0.005,0.12,0.012345679012345678,0.002276943835385394,281307.26470893127,0.18751908726478062,261948.41306772342,0.9311825392734224,1.0362930560593315
internal_basis,bayes_uniform_volume,3,0.6,0.2,0.02,0.01,0.012345679012345678,0.0031307977736549164,292680.2219852026,0.19127213008734523,255758.0829635702,0.8738481925044491,1.0697492825028874
internal_basis,bayes_uniform_volume,4,0.6,0.2,0.02,0.04,0.012345679012345678,0.011479591836734691,323002.12869100366,0.20093597509250416,283606.5399738605,0.8780330368818389,1.0671969404852077
internal_basis,bayes_uniform_volume,5,0.6,0.2,0.02,0.12,0.012345679012345678,0.008348794063079775,425671.6525995239,0.23067066691484742,377423.79997409467,0.886654767046888,1.0619956144529081
internal_basis,bayes_uniform_volume,6,0.6,0.2,0.06,0.01,0.012345679012345678,0.0022769438353853937,655186.47659846,0.2861788069980157,511256.35307197773,0.7803218951133941,1.1320434689696315
internal_basis,bayes_uniform_volume,7,0.6,0.2,0.06,0.04,0.012345679012345678,0.008348794063079775,731598.9410318882,0.3024067916383262,575366.6259714339,0.7864508731517633,1.1276237139795466
internal_basis,bayes_uniform_volume,8,0.6,0.2,0.06,0.12,0.012345679012345678,0.006071850227694383,998945.7580932219,0.35336697604848805,800495.1560910228,0.801339962260814,1.1170988362437904
internal_basis,bayes_uniform_volume,9,0.6,0.5,0.005,0.01,0.012345679012345678,0.0019923258559622196,5435.7781733679285,0.02606668892803593,3961.4465960821126,0.7287726742586441,1.1713966020949942
internal_basis,bayes_uniform_volume,10,0.6,0.5,0.005,0.04,0.012345679012345678,0.007305194805194804,5926.99043386651,0.027218997120270868,4202.41241540903,0.7090297280381401,1.1875934064525102
internal_basis,bayes_uniform_volume,11,0.6,0.5,0.005,0.12,0.012345679012345678,0.005312868949232585,7527.233221873568,0.03067416099478837,4963.623868198365,0.6594220906792753,1.2314541709293645
internal_basis,bayes_uniform_volume,12,0.6,0.5,0.02,0.01,0.012345679012345678,0.007305194805194804,8727.725251099304,0.03302976924514328,6466.707141679322,0.7409384410748729,1.1617399826467971
internal_basis,bayes_uniform_volume,13,0.6,0.5,0.02,0.04,0.012345679012345678,0.02678571428571428,9624.849359413158,0.03468582087722078,7030.417585594473,0.7304444280697946,1.1700553580415407
internal_basis,bayes_uniform_volume,14,0.6,0.5,0.02,0.12,0.012345679012345678,0.019480519480519477,12656.742456017146,0.039775530254192004,8763.355775848431,0.69238635504369,1.2017821514752447
internal_basis,bayes_uniform_volume,15,0.6,0.5,0.06,0.01,0.012345679012345678,0.005312868949232584,21049.541502545184,0.05129515267369957,15364.065412734171,0.7299002408616093,1.1704914522409544
internal_basis,bayes_uniform_volume,16,0.6,0.5,0.06,0.04,0.012345679012345678,0.019480519480519477,23550.814899036235,0.0542572747415453,17216.371271611555,0.7310308091426635,1.1695859961845276
internal_basis,bayes_uniform_volume,17,0.6,0.5,0.06,0.12,0.012345679012345678,0.01416765053128689,32332.045485254148,0.06357283764043233,23649.277370701733,0.7314500835243346,1.1692507390365352
internal_basis,bayes_uniform_volume,18,0.6,0.9,0.005,0.01,0.012345679012345678,0.001138471917692697,418.2801208705947,0.007230837787478318,162.05443168275912,0.3874303931668191,1.606582959965668
internal_basis,bayes_uniform_volume,19,0.6,0.9,0.005,0.04,0.012345679012345678,0.004174397031539889,450.84277274390774,0.007507019821006766,174.34512641310653,0.38670937398422,1.6080799985236116
internal_basis,bayes_uniform_volume,20,0.6,0.9,0.005,0.12,0.012345679012345678,0.0030359251138471917,557.5740973708345,0.008348458670398646,214.58905953852732,0.3848619592452252,1.611934931509864
internal_basis,bayes_uniform_volume,21,0.6,0.9,0.02,0.01,0.012345679012345678,0.004174397031539889,960.0373040586455,0.01095466398422748,376.13122998071503,0.3917881403051588,1.5976231952900182
internal_basis,bayes_uniform_volume,22,0.6,0.9,0.02,0.04,0.012345679012345678,0.01530612244897959,1053.398948658764,0.011474967040577742,411.5868368730515,0.3907226577329536,1.5998000344562386
internal_basis,bayes_uniform_volume,23,0.6,0.9,0.02,0.12,0.012345679012345678,0.011131725417439701,1370.006605051338,0.013086283874019288,531.7938371850481,0.3881688126351189,1.6050541188684952
internal_basis,bayes_uniform_volume,24,0.6,0.9,0.06,0.01,0.012345679012345678,0.0030359251138471917,3041.6852506369664,0.019498991161842727,1301.082058101052,0.42775039193440195,1.5289905172070435
internal_basis,bayes_uniform_volume,25,0.6,0.9,0.06,0.04,0.012345679012345678,0.011131725417439701,3398.953887258421,0.020612356389003723,1447.6067563490476,0.42589773335132824,1.5323124690530903
internal_basis,bayes_uniform_volume,26,0.6,0.9,0.06,0.12,0.012345679012345678,0.00809580030359251,4644.98444767844,0.024096121180800137,1959.2527788913267,0.4217996423799782,1.539738242213966
internal_basis,bayes_uniform_volume,27,0.9,0.2,0.005,0.01,0.012345679012345678,0.00199232585596222,407446.2153460366,0.22567848129198,407334.0553485708,0.9997247244096487,1.0001376662179398
internal_basis,bayes_uniform_volume,28,0.9,0.2,0.005,0.04,0.012345679012345678,0.007305194805194805,452018.9361598915,0.23770226549190993,451837.8485636945,0.9995993805088447,1.000200369951669
internal_basis,bayes_uniform_volume,29,0.9,0.2,0.005,0.12,0.012345679012345678,0.005312868949232586,599213.4837769694,0.2736817229413049,598883.9055662894,0.999449981985381,1.000275122504263
internal_basis,bayes_uniform_volume,30,0.9,0.2,0.02,0.01,0.012345679012345678,0.007305194805194805,488097.46300524555,0.24700644298409646,487546.7986318469,0.9988718147191175,1.0005645703903816
internal_basis,bayes_uniform_volume,31,0.9,0.2,0.02,0.04,0.012345679012345678,0.026785714285714284,544236.9960239972,0.2608248924144313,543781.1771583187,0.999162462550307,1.0004190319594444
internal_basis,bayes_uniform_volume,32,0.9,0.2,0.02,0.12,0.012345679012345678,0.01948051948051948,733252.1516103741,0.30274827654554326,732917.1020184418,0.9995430636088874,1.0002285465219567
internal_basis,bayes_uniform_volume,33,0.9,0.2,0.06,0.01,0.012345679012345678,0.005312868949232586,760168.3385420847,0.3082548334053508,745565.8238386471,0.9807904197490735,1.0097454211564645
internal_basis,bayes_uniform_volume,34,0.9,0.2,0.06,0.04,0.012345679012345678,0.01948051948051948,856737.285378352,0.32724938605334924,841891.8968217253,0.9826721810641511,1.0087781553550963
internal_basis,bayes_uniform_volume,35,0.9,0.2,0.06,0.12,0.012345679012345678,0.014167650531286893,1193891.862150696,0.38631138058415654,1177678.0533832766,0.986419365705189,1.006860271900918
internal_basis,bayes_uniform_volume,36,0.9,0.5,0.005,0.01,0.012345679012345678,0.0046487603305785125,11092.722508300569,0.037236948230723356,10067.274970470578,0.9075567303641953,1.0496949529914112
internal_basis,bayes_uniform_volume,37,0.9,0.5,0.005,0.04,0.012345679012345678,0.017045454545454544,12186.303180454457,0.03902932099789602,10705.85246744914,0.8785151911057159,1.0669040462145285
internal_basis,bayes_uniform_volume,38,0.9,0.5,0.005,0.12,0.012345679012345678,0.012396694214876032,15715.776709608916,0.04432236555849783,12542.412609517474,0.7980778068607205,1.1193795873693193
internal_basis,bayes_uniform_volume,39,0.9,0.5,0.02,0.01,0.012345679012345678,0.017045454545454544,14243.28695249653,0.0421949152038734,13307.49279401824,0.9342992834730283,1.0345631186790059
internal_basis,bayes_uniform_volume,40,0.9,0.5,0.02,0.04,0.012345679012345678,0.062499999999999986,15792.718194695977,0.04443073006756695,14577.183434324974,0.9230319476745147,1.0408583570963186
internal_basis,bayes_uniform_volume,41,0.9,0.5,0.02,0.12,0.012345679012345678,0.04545454545454544,20952.734914500157,0.051177063850054154,18214.60109000392,0.8693185478807668,1.0725326629025673
internal_basis,bayes_uniform_volume,42,0.9,0.5,0.06,0.01,0.012345679012345678,0.012396694214876032,24243.450462284567,0.05504935338208407,22863.35904648872,0.9430736388806186,1.0297390850776198
internal_basis,bayes_uniform_volume,43,0.9,0.5,0.06,0.04,0.012345679012345678,0.04545454545454544,27302.84578186443,0.05841965185391859,25705.94139860729,0.9415114308590549,1.0305930311168847
internal_basis,bayes_uniform_volume,44,0.9,0.5,0.06,0.12,0.012345679012345678,0.033057851239669415,37971.92241783984,0.06889477703157171,35469.471740308596,0.9340973403981371,1.0346749440518819
internal_basis,bayes_uniform_volume,45,0.9,0.9,0.005,0.01,0.012345679012345678,0.0026564344746162934,824.7522113013113,0.010153522857248312,346.8745643188996,0.4205803386347927,1.5419685531721936
internal_basis,bayes_uniform_volume,46,0.9,0.9,0.005,0.04,0.012345679012345678,0.009740259740259742,887.8753569025148,0.010534914314450514,372.0843931897836,0.4190727789628663,1.5447395787012728
internal_basis,bayes_uniform_volume,47,0.9,0.9,0.005,0.12,0.012345679012345678,0.0070838252656434475,1092.8557574656288,0.011687898428853821,453.88155439041304,0.4153169814861757,1.5517085586435868
internal_basis,bayes_uniform_volume,48,0.9,0.9,0.02,0.01,0.012345679012345678,0.009740259740259742,1497.74031446111,0.01368274604411113,640.2883299825673,0.42750290140446967,1.5294330357495733
internal_basis,bayes_uniform_volume,49,0.9,0.9,0.02,0.04,0.012345679012345678,0.03571428571428571,1639.7568514638492,0.01431675963453257,697.5557207717258,0.42540192477256705,1.533205168854861
internal_basis,bayes_uniform_volume,50,0.9,0.9,0.02,0.12,0.012345679012345678,0.025974025974025972,2117.2732840528997,0.01626834842590398,890.0489228901706,0.4203750784529962,1.5423449624023913
internal_basis,bayes_uniform_volume,51,0.9,0.9,0.06,0.01,0.012345679012345678,0.0070838252656434475,3789.812539819614,0.02176526056534706,1796.2535748831726,0.4739689776235397,1.4525297678346727
internal_basis,bayes_uniform_volume,52,0.9,0.9,0.06,0.04,0.012345679012345678,0.025974025974025972,4239.642583222675,0.023020758521448297,1995.2894307427307,0.47062680204189605,1.4576782434066118
internal_basis,bayes_uniform_volume,53,0.9,0.9,0.06,0.12,0.012345679012345678,0.018890200708382526,5808.279097904337,0.026945034556259937,2690.602085994509,0.4632356745675832,1.4692611700411942
internal_basis,bayes_uniform_volume,54,1.3,0.2,0.005,0.01,0.012345679012345678,0.001138471917692697,1561158.497323023,0.4417519803751624,1491802.811838323,0.9555742190151566,1.0229815190586604
internal_basis,bayes_uniform_volume,55,1.3,0.2,0.005,0.04,0.012345679012345678,0.004174397031539889,1739256.9486060836,0.46626936268187347,1665017.1369505057,0.9573152134219863,1.0220508874553729
internal_basis,bayes_uniform_volume,56,1.3,0.2,0.005,0.12,0.012345679012345678,0.0030359251138471917,2322470.1766786636,0.538803092126273,2239627.595967388,0.9643299700710267,1.018326786705591
internal_basis,bayes_uniform_volume,57,1.3,0.2,0.02,0.01,0.012345679012345678,0.004174397031539889,1744089.7749249625,0.4669167183402414,1679386.0249261023,0.9629011356358396,1.0190820464901693
internal_basis,bayes_uniform_volume,58,1.3,0.2,0.02,0.04,0.012345679012345678,0.015306122448979588,1953623.8648149755,0.4941689823348608,1882992.5441019463,0.9638459982061498,1.0185824186547616
internal_basis,bayes_uniform_volume,59,1.3,0.2,0.02,0.12,0.012345679012345678,0.011131725417439701,2652162.817270104,0.5757780407055856,2568134.434272102,0.9683170345158172,1.016228133874359
internal_basis,bayes_uniform_volume,60,1.3,0.2,0.06,0.01,0.012345679012345678,0.0030359251138471917,2307174.0533959786,0.5370258435815704,2259562.8765049395,0.9793638556133383,1.0104805628625864
internal_basis,bayes_uniform_volume,61,1.3,0.2,0.06,0.04,0.012345679012345678,0.011131725417439701,2617189.7589913276,0.571969159897556,2562679.781008988,0.9791723248973174,1.0105793854076561
internal_basis,bayes_uniform_volume,62,1.3,0.2,0.06,0.12,0.012345679012345678,0.00809580030359251,3690615.673771703,0.6792105411589715,3616486.5097692832,0.9799141469730274,1.0101967947319115
internal_basis,bayes_uniform_volume,63,1.3,0.5,0.005,0.01,0.012345679012345678,0.002656434474616293,38681.52380039082,0.06953553390209105,32289.911259210603,0.8347631656352783,1.094506540954667
internal_basis,bayes_uniform_volume,64,1.3,0.5,0.005,0.04,0.012345679012345678,0.00974025974025974,42442.60829458802,0.07283766907873633,34084.95646088229,0.8030834538797316,1.1158855683792086
internal_basis,bayes_uniform_volume,65,1.3,0.5,0.005,0.12,0.012345679012345678,0.007083825265643447,54399.484351747786,0.08246172168932973,39685.52516631237,0.7295202452601433,1.170796257831644
internal_basis,bayes_uniform_volume,66,1.3,0.5,0.02,0.01,0.012345679012345678,0.00974025974025974,46149.818326027016,0.07595213815787794,41781.71034458221,0.9053494002817919,1.050973803280182
internal_basis,bayes_uniform_volume,67,1.3,0.5,0.02,0.04,0.012345679012345678,0.035714285714285705,51099.77310498107,0.07992165938043724,44535.7944860356,0.871545836310071,1.0711613249590737
internal_basis,bayes_uniform_volume,68,1.3,0.5,0.02,0.12,0.012345679012345678,0.02597402597402597,67294.31498129711,0.09171580764874798,53322.9198293586,0.7923837228178705,1.1233943289559767
internal_basis,bayes_uniform_volume,69,1.3,0.5,0.06,0.01,0.012345679012345678,0.007083825265643447,68067.8632334531,0.09224143810772703,67379.44642769294,0.9898863167865415,1.0050955252438407
internal_basis,bayes_uniform_volume,70,1.3,0.5,0.06,0.04,0.012345679012345678,0.02597402597402597,76740.20184376657,0.09794143775987169,75503.12395594442,0.9838796633563633,1.0081589456275737
internal_basis,bayes_uniform_volume,71,1.3,0.5,0.06,0.12,0.012345679012345678,0.018890200708382526,106553.52344475548,0.1154087970242929,100607.08700575517,0.9441929628720035,1.0291285353748967
internal_basis,bayes_uniform_volume,72,1.3,0.9,0.005,0.01,0.012345679012345678,0.001517962556923596,2282.532001046358,0.016891314339943907,1010.1940016853807,0.44257605204320805,1.5031628879860295
internal_basis,bayes_uniform_volume,73,1.3,0.9,0.005,0.04,0.012345679012345678,0.0055658627087198514,2455.870388798028,0.017520953130459357,1082.3442673367504,0.4407171780211414,1.5063296017184291
internal_basis,bayes_uniform_volume,74,1.3,0.9,0.005,0.12,0.012345679012345678,0.004047900151796256,3016.061538089667,0.019416685923741166,1315.1985334034287,0.4360648868711272,1.5143436515731397
internal_basis,bayes_uniform_volume,75,1.3,0.9,0.02,0.01,0.012345679012345678,0.0055658627087198514,3716.2593169766747,0.02155301404959604,1658.231106183515,0.44620974069499336,1.4970299073745377
internal_basis,bayes_uniform_volume,76,1.3,0.9,0.02,0.04,0.012345679012345678,0.020408163265306117,4061.096424100771,0.022530802316220264,1801.9161249658637,0.44370188165745245,1.5012546470886536
internal_basis,bayes_uniform_volume,77,1.3,0.9,0.02,0.12,0.012345679012345678,0.014842300556586268,5214.13307773048,0.025529720615711994,2281.76007076717,0.4376106318637222,1.5116667743896002
internal_basis,bayes_uniform_volume,78,1.3,0.9,0.06,0.01,0.012345679012345678,0.004047900151796255,8452.528594098092,0.03250486231723281,4075.862713239245,0.4822063206133585,1.4400698260533231
internal_basis,bayes_uniform_volume,79,1.3,0.9,0.06,0.04,0.012345679012345678,0.014842300556586268,9444.475760232308,0.03435927051072299,4518.605679152905,0.47843901491910446,1.4457283794287488
internal_basis,bayes_uniform_volume,80,1.3,0.9,0.06,0.12,0.012345679012345678,0.010794400404790013,12895.694394665454,0.040149244069262145,6060.145228340484,0.4699355492518012,1.4587499370515382
internal_basis,minimax_absolute,0,0.6,0.2,0.005,0.01,0.012345679012345678,0.0008538539382695229,227478.4621870431,0.16862623690689532,183704.96287611796,0.8075707964170578,1.1127809884711235
internal_basis,minimax_absolute,1,0.6,0.2,0.005,0.04,0.012345679012345678,0.0031307977736549164,248387.39730638498,0.17620563175817658,202006.40525162997,0.8132715566178899,1.108874019482428
internal_basis,minimax_absolute,2,0.6,0.2,0.005,0.12,0.012345679012345678,0.002276943835385394,317487.32567136094,0.1992132418011416,261948.41306772342,0.825067307848606,1.1009188566606536
internal_basis,minimax_absolute,3,0.6,0.2,0.02,0.01,0.012345679012345678,0.0031307977736549164,345321.87757788756,0.207762447755209,255758.0829635702,0.7406367785252291,1.1619765478414723
internal_basis,minimax_absolute,4,0.6,0.2,0.02,0.04,0.012345679012345678,0.011479591836734691,379846.0089303395,0.2179007827344648,283606.5399738605,0.7466355662719929,1.1572992270622413
internal_basis,minimax_absolute,5,0.6,0.2,0.02,0.12,0.012345679012345678,0.008348794063079775,496618.8190993606,0.24915327087441594,377423.79997409467,0.7599869063733203,1.147088550677771
internal_basis,minimax_absolute,6,0.6,0.2,0.06,0.01,0.012345679012345678,0.0022769438353853937,807889.7589190695,0.3177832907263749,511256.35307197773,0.6328293525542671,1.2570619836882775
internal_basis,minimax_absolute,7,0.6,0.2,0.06,0.04,0.012345679012345678,0.008348794063079775,899598.6330722092,0.33533539797347095,575366.6259714339,0.639581480917224,1.25040891060375
internal_basis,minimax_absolute,8,0.6,0.2,0.06,0.12,0.012345679012345678,0.006071850227694383,1219377.4532150794,0.3904128348964528,800495.1560910228,0.6564785612366311,1.234211890410557
internal_basis,minimax_absolute,9,0.6,0.5,0.005,0.01,0.012345679012345678,0.0019923258559622196,6381.85379175574,0.028244144950227604,3961.4465960821126,0.6207360314646541,1.2692481010962058
internal_basis,minimax_absolute,10,0.6,0.5,0.005,0.04,0.012345679012345678,0.007305194805194804,6954.307844925899,0.02948369855726614,4202.41241540903,0.6042890980840392,1.2864047065997932
internal_basis,minimax_absolute,11,0.6,0.5,0.005,0.12,0.012345679012345678,0.005312868949232585,8830.892336253086,0.03322441183876151,4963.623868198365,0.5620750066017011,1.333837314815857
internal_basis,minimax_absolute,12,0.6,0.5,0.02,0.01,0.012345679012345678,0.007305194805194804,10430.017657119639,0.03610750901322265,6466.707141679322,0.6200092228285999,1.269991824136293
internal_basis,minimax_absolute,13,0.6,0.5,0.02,0.04,0.012345679012345678,0.02678571428571428,11484.799007977459,0.0378893108408847,7030.417585594473,0.6121498147865777,1.278118552212011
internal_basis,minimax_absolute,14,0.6,0.5,0.02,0.12,0.012345679012345678,0.019480519480519477,15056.629786543808,0.04338293124395787,8763.355775848431,0.582026383067497,1.3107765531842663
internal_basis,minimax_absolute,15,0.6,0.5,0.06,0.01,0.012345679012345678,0.005312868949232584,25764.00565822179,0.05674945556811734,15364.065412734171,0.5963383806287592,1.2949518463148464
internal_basis,minimax_absolute,16,0.6,0.5,0.06,0.04,0.012345679012345678,0.019480519480519477,28751.438908710985,0.059949394188672775,17216.371271611555,0.5988003357423414,1.2922870206219432
internal_basis,minimax_absolute,17,0.6,0.5,0.06,0.12,0.012345679012345678,0.01416765053128689,39204.94366661952,0.07000441384889555,23649.277370701733,0.6032218174270091,1.287542221909287
internal_basis,minimax_absolute,18,0.6,0.9,0.005,0.01,0.012345679012345678,0.001138471917692697,546.9831859586478,0.008268790615611872,162.05443168275912,0.29626949391276264,1.8372004037444871
internal_basis,minimax_absolute,19,0.6,0.9,0.005,0.04,0.012345679012345678,0.004174397031539889,589.923817835566,0.00858722756362295,174.34512641310653,0.29553837485792633,1.8394714836360708
internal_basis,minimax_absolute,20,0.6,0.9,0.005,0.12,0.012345679012345678,0.0030359251138471917,730.6177475942474,0.009556527530922565,214.58905953852732,0.29370907050248735,1.8451909698792601
internal_basis,minimax_absolute,21,0.6,0.9,0.02,0.01,0.012345679012345678,0.004174397031539889,1237.579253882447,0.012437741223200693,376.13122998071503,0.3039249638362493,1.8139145028829977
internal_basis,minimax_absolute,22,0.6,0.9,0.02,0.04,0.012345679012345678,0.01530612244897959,1358.9447540913197,0.013033345474643682,411.5868368730515,0.30287238361523067,1.8170637410706874
internal_basis,minimax_absolute,23,0.6,0.9,0.02,0.12,0.012345679012345678,0.011131725417439701,1770.3436212304111,0.014875918548237664,531.7938371850481,0.30039017895036935,1.8245557384861846
internal_basis,minimax_absolute,24,0.6,0.9,0.06,0.01,0.012345679012345678,0.0030359251138471917,3768.6280524055665,0.021704343034302968,1301.082058101052,0.345240241278402,1.7019205971331806
internal_basis,minimax_absolute,25,0.6,0.9,0.06,0.04,0.012345679012345678,0.011131725417439701,4214.95809917092,0.02295364377166216,1447.6067563490476,0.34344511197722016,1.7063626252981132
internal_basis,minimax_absolute,26,0.6,0.9,0.06,0.12,0.012345679012345678,0.00809580030359251,5770.684095484962,0.02685768999626774,1959.2527788913267,0.3395182869955166,1.7162020424155136
internal_basis,minimax_absolute,27,0.9,0.2,0.005,0.01,0.012345679012345678,0.00199232585596222,416370.2046628287,0.22813652838345197,407334.0553485708,0.9782978003395434,1.0110309754401776
internal_basis,minimax_absolute,28,0.9,0.2,0.005,0.04,0.012345679012345678,0.007305194805194805,461030.6160747214,0.24006004875726442,451837.8485636945,0.9800603968792889,1.010121418408625
internal_basis,minimax_absolute,29,0.9,0.2,0.005,0.12,0.012345679012345678,0.005312868949232586,609177.9091159187,0.27594789116695534,598883.9055662894,0.9831018108247415,1.0085577059196484
internal_basis,minimax_absolute,30,0.9,0.2,0.02,0.01,0.012345679012345678,0.007305194805194805,508713.42111856735,0.25216894662075445,487546.7986318469,0.9583918536291436,1.0214766493262502
internal_basis,minimax_absolute,31,0.9,0.2,0.02,0.04,0.012345679012345678,0.026785714285714284,565803.8503579019,0.26594262782551004,543781.1771583187,0.9610771945336664,1.020048599744872
internal_basis,minimax_absolute,32,0.9,0.2,0.02,0.12,0.012345679012345678,0.01948051948051948,758514.8595601041,0.30791940089090364,732917.1020184418,0.9662527935754515,1.0173130572807352
internal_basis,minimax_absolute,33,0.9,0.2,0.06,0.01,0.012345679012345678,0.005312868949232586,827302.9414886012,0.32157871149389716,745565.8238386471,0.9012004991752103,1.0533902352323077
internal_basis,minimax_absolute,34,0.9,0.2,0.06,0.04,0.012345679012345678,0.01948051948051948,929162.752279148,0.34080103291347796,841891.8968217253,0.906075813689953,1.0505524287508474
internal_basis,minimax_absolute,35,0.9,0.2,0.06,0.12,0.012345679012345678,0.014167650531286893,1284494.4337494033,0.4007016399001574,1177678.0533832766,0.9168416946313012,1.0443662350587315
internal_basis,minimax_absolute,36,0.9,0.5,0.005,0.01,0.012345679012345678,0.0046487603305785125,11939.469138636494,0.03863202871102632,10067.274970470578,0.8431928466478098,1.0890217240822442
internal_basis,minimax_absolute,37,0.9,0.5,0.005,0.04,0.012345679012345678,0.017045454545454544,13142.569510790128,0.0405317306421619,10705.85246744914,0.8145935586385578,1.1079738595639692
internal_basis,minimax_absolute,38,0.9,0.5,0.005,0.12,0.012345679012345678,0.012396694214876032,17066.603915044416,0.04618793662181232,12542.412609517474,0.7349096909937183,1.1664953525309274
internal_basis,minimax_absolute,39,0.9,0.5,0.02,0.01,0.012345679012345678,0.017045454545454544,15410.712957042948,0.043890079968375184,13307.49279401824,0.8635222024518014,1.0761263008056696
internal_basis,minimax_absolute,40,0.9,0.5,0.02,0.04,0.012345679012345678,0.062499999999999986,17097.937529958966,0.04623031679801547,14577.183434324974,0.8525696978821491,1.0830164509394422
internal_basis,minimax_absolute,41,0.9,0.5,0.02,0.12,0.012345679012345678,0.04545454545454544,22756.344000079735,0.05333425728375682,18214.60109000392,0.8004186037062938,1.1177415952599206
internal_basis,minimax_absolute,42,0.9,0.5,0.06,0.01,0.012345679012345678,0.012396694214876032,26646.786177196464,0.05771350164519181,22863.35904648872,0.8580156306449636,1.0795739591754603
internal_basis,minimax_absolute,43,0.9,0.5,0.06,0.04,0.012345679012345678,0.04545454545454544,29954.35371051662,0.06119063828572617,25705.94139860729,0.8581704565230608,1.0794765697090236
internal_basis,minimax_absolute,44,0.9,0.5,0.06,0.12,0.012345679012345678,0.033057851239669415,41503.3924971119,0.07202724527662423,35469.471740308596,0.8546162037904929,1.0817189515346082
internal_basis,minimax_absolute,45,0.9,0.9,0.005,0.01,0.012345679012345678,0.0026564344746162934,1060.809559149969,0.011515259219563671,346.8745643188996,0.3269904209732533,1.748769156068599
internal_basis,minimax_absolute,46,0.9,0.9,0.005,0.04,0.012345679012345678,0.009740259740259742,1143.5604340904113,0.011955963125624861,372.0843931897836,0.325373615681046,1.7531086528451758
internal_basis,minimax_absolute,47,0.9,0.9,0.005,0.12,0.012345679012345678,0.0070838252656434475,1412.0498233882452,0.01328556464451288,453.88155439041304,0.3214345180124835,1.7638178917101461
internal_basis,minimax_absolute,48,0.9,0.9,0.02,0.01,0.012345679012345678,0.009740259740259742,1889.3098476235696,0.01536761956039211,640.2883299825673,0.33890064712674906,1.717765203031794
internal_basis,minimax_absolute,49,0.9,0.9,0.02,0.04,0.012345679012345678,0.03571428571428571,2071.6950830043825,0.016092292732098425,697.5557207717258,0.3367077165429804,1.7233499077589538
internal_basis,minimax_absolute,50,0.9,0.9,0.02,0.12,0.012345679012345678,0.025974025974025972,2684.4782514517415,0.018318290898210667,890.0489228901706,0.33155378420698334,1.736692806609031
internal_basis,minimax_absolute,51,0.9,0.9,0.06,0.01,0.012345679012345678,0.0070838252656434475,4547.934087633505,0.02384306525919409,1796.2535748831726,0.3949603358956867,1.5911944606141637
internal_basis,minimax_absolute,52,0.9,0.9,0.06,0.04,0.012345679012345678,0.025974025974025972,5096.660872874691,0.02524049542123404,1995.2894307427307,0.3914895419787503,1.5982323516428747
internal_basis,minimax_absolute,53,0.9,0.9,0.06,0.12,0.012345679012345678,0.018890200708382526,7008.6998936665495,0.02959877508797144,2690.602085994509,0.38389460624871186,1.6139645628116572
internal_basis,minimax_absolute,54,1.3,0.2,0.005,0.01,0.012345679012345678,0.001138471917692697,1502257.7638487974,0.4333384594991537,1491802.811838323,0.9930405072537694,1.0034980153082942
internal_basis,minimax_absolute,55,1.3,0.2,0.005,0.04,0.012345679012345678,0.004174397031539889,1676414.3095223615,0.4577682696411965,1665017.1369505057,0.9932014583106827,1.0034167021926097
internal_basis,minimax_absolute,56,1.3,0.2,0.005,0.12,0.012345679012345678,0.0030359251138471917,2251837.2624584045,0.5305465651639831,2239627.595967388,0.9945779090280764,1.0027221201887806
internal_basis,minimax_absolute,57,1.3,0.2,0.02,0.01,0.012345679012345678,0.004174397031539889,1684882.1920343225,0.4589229499646867,1679386.0249261023,0.9967379516893201,1.0016350253933737
internal_basis,minimax_absolute,58,1.3,0.2,0.02,0.04,0.012345679012345678,0.015306122448979588,1889260.3905617422,0.48596043956295226,1882992.5441019463,0.9966823808453782,1.0016629484955115
internal_basis,minimax_absolute,59,1.3,0.2,0.02,0.12,0.012345679012345678,0.011131725417439701,2575519.0179210114,0.5673974596701384,2568134.434272102,0.9971327784428979,1.0014367010229106
internal_basis,minimax_absolute,60,1.3,0.2,0.06,0.01,0.012345679012345678,0.0030359251138471917,2259695.4193457207,0.5314714737577315,2259562.8765049395,0.9999413448203477,1.0000293288800506
internal_basis,minimax_absolute,61,1.3,0.2,0.06,0.04,0.012345679012345678,0.011131725417439701,2562729.4827839816,0.5659869127002829,2562679.781008988,0.9999806059221906,1.000009697179956
internal_basis,minimax_absolute,62,1.3,0.2,0.06,0.12,0.012345679012345678,0.00809580030359251,3616486.5097639435,0.6723546785146163,3616486.5097692832,1.0000000000014766,0.9999999999992617
internal_basis,minimax_absolute,63,1.3,0.5,0.005,0.01,0.012345679012345678,0.002656434474616293,40599.849832787055,0.07123890249785142,32289.911259210603,0.7953209529640766,1.1213179849041963
internal_basis,minimax_absolute,64,1.3,0.5,0.005,0.04,0.012345679012345678,0.00974025974025974,44785.389982305154,0.07482094457963054,34084.95646088229,0.7610731194782353,1.1462696888152368
internal_basis,minimax_absolute,65,1.3,0.5,0.005,0.12,0.012345679012345678,0.007083825265643447,58259.85822302047,0.08533746116376768,39685.52516631237,0.6811812863394724,1.2116261719565922
internal_basis,minimax_absolute,66,1.3,0.5,0.02,0.01,0.012345679012345678,0.00974025974025974,48054.19771175163,0.07750338517748082,41781.71034458221,0.8694705631172053,1.0724388998470518
internal_basis,minimax_absolute,67,1.3,0.5,0.02,0.04,0.012345679012345678,0.035714285714285705,53442.423328602716,0.08173312006815438,44535.7944860356,0.8333415985311386,1.0954396826084059
internal_basis,minimax_absolute,68,1.3,0.5,0.02,0.12,0.012345679012345678,0.02597402597402597,71252.63203385458,0.09437467353178935,53322.9198293586,0.7483642120619916,1.1559618321055167
internal_basis,minimax_absolute,69,1.3,0.5,0.06,0.01,0.012345679012345678,0.007083825265643447,70117.04046075523,0.09361960295576137,67379.44642769294,0.9609567943102998,1.020112499721081
internal_basis,minimax_absolute,70,1.3,0.5,0.06,0.04,0.012345679012345678,0.02597402597402597,79243.40597528793,0.09952600538005628,75503.12395594442,0.9528000850883427,1.024469672300359
internal_basis,minimax_absolute,71,1.3,0.5,0.06,0.12,0.012345679012345678,0.018890200708382526,110822.20362572158,0.11769781413949537,100607.08700575517,0.9078242781160912,1.049540262140583
internal_basis,minimax_absolute,72,1.3,0.9,0.005,0.01,0.012345679012345678,0.001517962556923596,2917.6484627950067,0.019097278807447302,1010.1940016853807,0.3462356807432687,1.6994722960659918
internal_basis,minimax_absolute,73,1.3,0.9,0.005,0.04,0.012345679012345678,0.0055658627087198514,3144.5604062385746,0.01982599432007943,1082.3442673367504,0.34419573088481925,1.7045009997726137
internal_basis,minimax_absolute,74,1.3,0.9,0.005,0.12,0.012345679012345678,0.004047900151796256,3877.0962111976273,0.022014473112016635,1315.1985334034287,0.3392225680665186,1.7169499332091258
internal_basis,minimax_absolute,75,1.3,0.9,0.02,0.01,0.012345679012345678,0.0055658627087198514,4666.383728894587,0.024151562394839454,1658.231106183515,0.35535678215137506,1.6775199576123567
internal_basis,minimax_absolute,76,1.3,0.9,0.02,0.04,0.012345679012345678,0.020408163265306117,5109.229580995107,0.025271598636105088,1801.9161249658637,0.3526786370431431,1.6838772254683139
internal_basis,minimax_absolute,77,1.3,0.9,0.02,0.12,0.012345679012345678,0.014842300556586268,6588.544576691485,0.028697875741706663,2281.76007076717,0.3463223241805829,1.6992596945068215
internal_basis,minimax_absolute,78,1.3,0.9,0.06,0.01,0.012345679012345678,0.004047900151796255,10133.230582384896,0.03559008039887115,4075.862713239245,0.4022273726134804,1.5767548986680138
internal_basis,minimax_absolute,79,1.3,0.9,0.06,0.04,0.012345679012345678,0.014842300556586268,11348.58484232492,0.03766394967725258,4518.605679152905,0.3981646823752524,1.584778725519995
internal_basis,minimax_absolute,80,1.3,0.9,0.06,0.12,0.012345679012345678,0.010794400404790013,15573.290376376577,0.04412098476968836,6060.145228340484,0.3891371111613789,1.603055929132904
internal_basis,minimax_relative,0,0.6,0.2,0.005,0.01,0.012345679012345678,0.0008538539382695229,195281.1826004243,0.15623747253797035,183704.96287611796,0.9407202497949171,1.0310263237566406
internal_basis,minimax_relative,1,0.6,0.2,0.005,0.04,0.012345679012345678,0.0031307977736549164,214333.32818254194,0.1636815995242524,202006.40525162997,0.942487138909104,1.030059433224378
internal_basis,minimax_relative,2,0.6,0.2,0.005,0.12,0.012345679012345678,0.002276943835385394,275655.54092548694,0.18562581344114257,261948.41306772342,0.9502744337670733,1.0258301930768308
internal_basis,minimax_relative,3,0.6,0.2,0.02,0.01,0.012345679012345678,0.0031307977736549164,265343.49874682305,0.1821206669858006,255758.0829635702,0.9638754451172789,1.0185668594166881
internal_basis,minimax_relative,4,0.6,0.2,0.02,0.04,0.012345679012345678,0.011479591836734691,294191.02524245385,0.19176516408176625,283606.5399738605,0.9640217261560909,1.0184895776154084
internal_basis,minimax_relative,5,0.6,0.2,0.02,0.12,0.012345679012345678,0.008348794063079775,390555.78898135264,0.2209512924213594,377423.79997409467,0.9663761506608087,1.01724812563969
internal_basis,minimax_relative,6,0.6,0.2,0.06,0.01,0.012345679012345678,0.0022769438353853937,514763.29118144535,0.2536639733933076,511256.35307197773,0.9931872801158397,1.0034238642792699
internal_basis,minimax_relative,7,0.6,0.2,0.06,0.04,0.012345679012345678,0.008348794063079775,579799.3984819918,0.2692116728714581,575366.6259714339,0.9923546445164247,1.0038447376308424
internal_basis,minimax_relative,8,0.6,0.2,0.06,0.12,0.012345679012345678,0.006071850227694383,808175.3854330451,0.31783946133092195,800495.1560910228,0.9904968284354428,1.0047857225809522
internal_basis,minimax_relative,9,0.6,0.5,0.005,0.01,0.012345679012345678,0.0019923258559622196,4199.099714499296,0.022910422613134224,3961.4465960821126,0.943403792580448,1.0295588855062103
internal_basis,minimax_relative,10,0.6,0.5,0.005,0.04,0.012345679012345678,0.007305194805194804,4539.680333624204,0.023821419808714706,4202.41241540903,0.925706681213406,1.039353543121477
internal_basis,minimax_relative,11,0.6,0.5,0.005,0.12,0.012345679012345678,0.005312868949232585,5620.759914984079,0.026506508434213094,4963.623868198365,0.8830876862336905,1.0641383271618086
internal_basis,minimax_relative,12,0.6,0.5,0.02,0.01,0.012345679012345678,0.007305194805194804,6642.536118142908,0.02881522192813832,6466.707141679322,0.9735298426178911,1.0135037630540311
internal_basis,minimax_relative,13,0.6,0.5,0.02,0.04,0.012345679012345678,0.02678571428571428,7294.678973710513,0.03019660364534088,7030.417585594473,0.9637734040019557,1.0186207792213793
internal_basis,minimax_relative,14,0.6,0.5,0.02,0.12,0.012345679012345678,0.019480519480519477,9461.137867551266,0.03438956576410799,8763.355775848431,0.9262475506148147,1.0390500407705667
internal_basis,minimax_relative,15,0.6,0.5,0.06,0.01,0.012345679012345678,0.005312868949232584,15517.703463178455,0.044042172209114605,15364.065412734171,0.9900991760276353,1.0049874777997174
internal_basis,minimax_relative,16,0.6,0.5,0.06,0.04,0.012345679012345678,0.019480519480519477,17417.064700739054,0.04665975876054635,17216.371271611555,0.988477195636818,1.0058116757916813
internal_basis,minimax_relative,17,0.6,0.5,0.06,0.12,0.012345679012345678,0.01416765053128689,24073.372591259184,0.05485591648954011,23649.277370701733,0.9823832236654936,1.0089265050381828
internal_basis,minimax_relative,18,0.6,0.9,0.005,0.01,0.012345679012345678,0.001138471917692697,224.2868423530585,0.005294889545036073,162.05443168275912,0.7225320486150634,1.1764444961946716
internal_basis,minimax_relative,19,0.6,0.9,0.005,0.04,0.012345679012345678,0.004174397031539889,241.4847513952541,0.005494141782335688,174.34512641310653,0.7219715754546517,1.176901049935155
internal_basis,minimax_relative,20,0.6,0.9,0.005,0.12,0.012345679012345678,0.0030359251138471917,297.9016464357312,0.0061022705450075225,214.58905953852732,0.7203352586533032,1.1782370185168158
internal_basis,minimax_relative,21,0.6,0.9,0.02,0.01,0.012345679012345678,0.004174397031539889,526.9117099838609,0.00811566163340874,376.13122998071503,0.7138410911236643,1.1835843882867778
internal_basis,minimax_relative,22,0.6,0.9,0.02,0.04,0.012345679012345678,0.01530612244897959,577.2838958278506,0.008494732896241136,411.5868368730515,0.712971277819586,1.1843061450239156
internal_basis,minimax_relative,23,0.6,0.9,0.02,0.12,0.012345679012345678,0.011131725417439701,748.2824447434699,0.009671365239351358,531.7938371850481,0.7106859728178715,1.1862087634611866
internal_basis,minimax_relative,24,0.6,0.9,0.06,0.01,0.012345679012345678,0.0030359251138471917,1797.588529612619,0.014989948839191459,1301.082058101052,0.7237930353179522,1.1754192531454273
internal_basis,minimax_relative,25,0.6,0.9,0.06,0.04,0.012345679012345678,0.011131725417439701,2003.7812296957245,0.015826327865678936,1447.6067563490476,0.7224375270592127,1.1765214549094238
internal_basis,minimax_relative,26,0.6,0.9,0.06,0.12,0.012345679012345678,0.00809580030359251,2723.8960525973584,0.018452290008957418,1959.2527788913267,0.7192832402775026,1.179098344087552
internal_basis,minimax_relative,27,0.9,0.2,0.005,0.01,0.012345679012345678,0.00199232585596222,516083.6896927589,0.253989096639196,407334.0553485708,0.7892790713674167,1.1256016120955508
internal_basis,minimax_relative,28,0.9,0.2,0.005,0.04,0.012345679012345678,0.007305194805194805,568101.4067139005,0.2664820366164248,451837.8485636945,0.7953471743315765,1.1212995006911017
internal_basis,minimax_relative,29,0.9,0.2,0.005,0.12,0.012345679012345678,0.005312868949232586,733558.6093541427,0.3028115357268739,598883.9055662894,0.8164090747889569,1.1067412275092374
internal_basis,minimax_relative,30,0.9,0.2,0.02,0.01,0.012345679012345678,0.007305194805194805,606035.1378827861,0.27523515806551363,487546.7986318469,0.8044860242511942,1.114912406166994
internal_basis,minimax_relative,31,0.9,0.2,0.02,0.04,0.012345679012345678,0.026785714285714284,672626.5714609935,0.2899626207507171,543781.1771583187,0.8084443883582932,1.1121795993878294
internal_basis,minimax_relative,32,0.9,0.2,0.02,0.12,0.012345679012345678,0.01948051948051948,890485.3258689706,0.3336325309882436,732917.1020184418,0.8230535425198977,1.102264843091887
internal_basis,minimax_relative,33,0.9,0.2,0.06,0.01,0.012345679012345678,0.005312868949232586,882655.015120238,0.33216242546385305,745565.8238386471,0.8446854218996126,1.0880591375879753
internal_basis,minimax_relative,34,0.9,0.2,0.06,0.04,0.012345679012345678,0.01948051948051948,996133.6589608861,0.3528692496805449,841891.8968217253,0.8451595719593918,1.0877538841776349
internal_basis,minimax_relative,35,0.9,0.2,0.06,0.12,0.012345679012345678,0.014167650531286893,1386541.803433921,0.4163144549847388,1177678.0533832766,0.8493635391782847,1.085058598864917
internal_basis,minimax_relative,36,0.9,0.5,0.005,0.01,0.012345679012345678,0.0046487603305785125,10128.115457740225,0.03558109655726659,10067.274970470578,0.9939929113640633,1.003017144333186
internal_basis,minimax_relative,37,0.9,0.5,0.005,0.04,0.012345679012345678,0.017045454545454544,10942.947473572924,0.03698470540908249,10705.85246744914,0.9783335333833627,1.01101251162247
internal_basis,minimax_relative,38,0.9,0.5,0.005,0.12,0.012345679012345678,0.012396694214876032,13489.944502870423,0.041063890011283674,12542.412609517474,0.9297601340649452,1.0370854460812247
internal_basis,minimax_relative,39,0.9,0.5,0.02,0.01,0.012345679012345678,0.017045454545454544,13326.309768327881,0.04081407503596015,13307.49279401824,0.9985879831223523,1.0007067569915569
internal_basis,minimax_relative,40,0.9,0.5,0.02,0.04,0.012345679012345678,0.062499999999999986,14577.457595275657,0.04268702612515256,14577.183434324974,0.9999811928143922,1.0000094037254472
internal_basis,minimax_relative,41,0.9,0.5,0.02,0.12,0.012345679012345678,0.04545454545454544,18634.885902590406,0.04826345136667912,18214.60109000392,0.9774463436597665,1.0114712357637168
internal_basis,minimax_relative,42,0.9,0.5,0.06,0.01,0.012345679012345678,0.012396694214876032,23393.155414233886,0.05407535877624147,22863.35904648872,0.9773525051082761,1.011519791794925
internal_basis,minimax_relative,43,0.9,0.5,0.06,0.04,0.012345679012345678,0.04545454545454544,26170.946585923233,0.057195876802794136,25705.94139860729,0.9822320073219645,1.0090041650535042
internal_basis,minimax_relative,44,0.9,0.5,0.06,0.12,0.012345679012345678,0.033057851239669415,35698.87146862838,0.06680089021546455,35469.471740308596,0.9935740341674001,1.0032285511952241
internal_basis,minimax_relative,45,0.9,0.9,0.005,0.01,0.012345679012345678,0.0026564344746162934,455.10942204934827,0.0075424583363893054,346.8745643188996,0.7621783850506338,1.1454382613637664
internal_basis,minimax_relative,46,0.9,0.9,0.005,0.04,0.012345679012345678,0.009740259740259742,488.79312110038603,0.007816593896163997,372.0843931897836,0.761230829828652,1.1461509416813045
internal_basis,minimax_relative,47,0.9,0.9,0.005,0.12,0.012345679012345678,0.0070838252656434475,598.3679432584025,0.008648467662383917,453.88155439041304,0.7585325375534135,1.1481877065036614
internal_basis,minimax_relative,48,0.9,0.9,0.02,0.01,0.012345679012345678,0.009740259740259742,852.3243612789219,0.010321847952758518,640.2883299825673,0.7512261283037925,1.1537578201071204
internal_basis,minimax_relative,49,0.9,0.9,0.02,0.04,0.012345679012345678,0.03571428571428571,930.4034320954908,0.010784267662291045,697.5557207717258,0.7497346814388504,1.1549048349081117
internal_basis,minimax_relative,50,0.9,0.9,0.02,0.12,0.012345679012345678,0.025974025974025972,1193.439409747995,0.012213923457206507,890.0489228901706,0.7457847592598875,1.1579591746015907
internal_basis,minimax_relative,51,0.9,0.9,0.06,0.01,0.012345679012345678,0.0070838252656434475,2366.9868220773333,0.01720096952964183,1796.2535748831726,0.7588777251014565,1.147926541123103
internal_basis,minimax_relative,52,0.9,0.9,0.06,0.04,0.012345679012345678,0.025974025974025972,2636.9044990290517,0.018155248893326457,1995.2894307427307,0.7566786857383067,1.1495933676893018
internal_basis,minimax_relative,53,0.9,0.9,0.06,0.12,0.012345679012345678,0.018890200708382526,3580.47419665831,0.021155596767340048,2690.602085994509,0.7514652915263773,1.1535742065723367
internal_basis,minimax_relative,54,1.3,0.2,0.005,0.01,0.012345679012345678,0.001138471917692697,2087373.9632851393,0.5108049974409435,1491802.811838323,0.7146792276217253,1.1828901633471245
internal_basis,minimax_relative,55,1.3,0.2,0.005,0.04,0.012345679012345678,0.004174397031539889,2286381.8311098767,0.5346005320692588,1665017.1369505057,0.7282323163590998,1.1718311173026632
internal_basis,minimax_relative,56,1.3,0.2,0.005,0.12,0.012345679012345678,0.0030359251138471917,2908177.089105719,0.6029279692784328,2239627.595967388,0.7701138986195941,1.1395214885410179
internal_basis,minimax_relative,57,1.3,0.2,0.02,0.01,0.012345679012345678,0.004174397031539889,2363049.323162703,0.5434898024759415,1679386.0249261023,0.7106859803833522,1.1862087571473998
internal_basis,minimax_relative,58,1.3,0.2,0.02,0.04,0.012345679012345678,0.015306122448979588,2607856.5425599623,0.5709483933071318,1882992.5441019463,0.7220460609591414,1.1768403444385969
internal_basis,minimax_relative,59,1.3,0.2,0.02,0.12,0.012345679012345678,0.011131725417439701,3391749.6112337825,0.6511287901822671,2568134.434272102,0.7571709968702311,1.1492195752167302
internal_basis,minimax_relative,60,1.3,0.2,0.06,0.01,0.012345679012345678,0.0030359251138471917,3166230.4408906563,0.6291095334767485,2259562.8765049395,0.7136444799859001,1.1837474175360523
internal_basis,minimax_relative,61,1.3,0.2,0.06,0.04,0.012345679012345678,0.011131725417439701,3553034.5863283873,0.6664302838940083,2562679.781008988,0.7212650816487531,1.1774773081039582
internal_basis,minimax_relative,62,1.3,0.2,0.06,0.12,0.012345679012345678,0.00809580030359251,4852443.853964577,0.7788167189689575,3616486.5097692832,0.7452917784539673,1.1583420832126359
internal_basis,minimax_relative,63,1.3,0.5,0.005,0.01,0.012345679012345678,0.002656434474616293,34593.84346403869,0.06575888102001765,32289.911259210603,0.9334005136716569,1.0350610883869933
internal_basis,minimax_relative,64,1.3,0.5,0.005,0.04,0.012345679012345678,0.00974025974025974,37178.91604310437,0.06817158136194323,34084.95646088229,0.9167818777009256,1.0444003051930348
internal_basis,minimax_relative,65,1.3,0.5,0.005,0.12,0.012345679012345678,0.007083825265643447,45186.425609945145,0.07515519410688222,39685.52516631237,0.8782621026253054,1.0670577598228137
internal_basis,minimax_relative,66,1.3,0.5,0.02,0.01,0.012345679012345678,0.00974025974025974,43015.32924720629,0.07332745840338929,41781.71034458221,0.9713214120590695,1.0146552778130842
internal_basis,minimax_relative,67,1.3,0.5,0.02,0.04,0.012345679012345678,0.035714285714285705,46710.26832326824,0.0764119332330267,44535.7944860356,0.9534476269289712,1.0241217246874106
internal_basis,minimax_relative,68,1.3,0.5,0.02,0.12,0.012345679012345678,0.02597402597402597,58512.239423721854,0.08552210198518996,53322.9198293586,0.9113122374827545,1.0475298297377922
internal_basis,minimax_relative,69,1.3,0.5,0.06,0.01,0.012345679012345678,0.007083825265643447,68628.10600604117,0.09262026371564241,67379.44642769294,0.9818054198051405,1.0092233438378966
internal_basis,minimax_relative,70,1.3,0.5,0.06,0.04,0.012345679012345678,0.02597402597402597,76111.17834090402,0.09753920900137032,75503.12395594442,0.9920109713420004,1.004018609010645
internal_basis,minimax_relative,71,1.3,0.5,0.06,0.12,0.012345679012345678,0.018890200708382526,101300.95556109925,0.11252830508426494,100607.08700575517,0.9931504243814799,1.0034424825969948
internal_basis,minimax_relative,72,1.3,0.9,0.005,0.01,0.012345679012345678,0.001517962556923596,1276.0042388974093,0.012629351917742103,1010.1940016853807,0.7916854591002658,1.1238896346374052
internal_basis,minimax_relative,73,1.3,0.9,0.005,0.04,0.012345679012345678,0.0055658627087198514,1369.0280308706324,0.013081609375716317,1082.3442673367504,0.7905932113372685,1.1246657241781117
internal_basis,minimax_relative,74,1.3,0.9,0.005,0.12,0.012345679012345678,0.004047900151796256,1670.2306890318455,0.014449181157732803,1315.1985334034287,0.7874352579198431,1.1269186638018662
internal_basis,minimax_relative,75,1.3,0.9,0.02,0.01,0.012345679012345678,0.0055658627087198514,2132.577226649538,0.016327037494021757,1658.231106183515,0.7775714217809306,1.1340438683486174
internal_basis,minimax_relative,76,1.3,0.9,0.02,0.04,0.012345679012345678,0.020408163265306117,2322.51500356529,0.017038614246635823,1801.9161249658637,0.7758469255095206,1.1353035040078465
internal_basis,minimax_relative,77,1.3,0.9,0.02,0.12,0.012345679012345678,0.014842300556586268,2958.9009762783917,0.019231812759976607,2281.76007076717,0.7711512108921917,1.1387548182821272
internal_basis,minimax_relative,78,1.3,0.9,0.06,0.01,0.012345679012345678,0.004047900151796255,5261.053145903502,0.02564432965078124,4075.862713239245,0.7747237292998834,1.1361261887233398
internal_basis,minimax_relative,79,1.3,0.9,0.06,0.04,0.012345679012345678,0.014842300556586268,5851.01760008239,0.027043986392732467,4518.605679152905,0.7722768906197235,1.137924584535527
internal_basis,minimax_relative,80,1.3,0.9,0.06,0.12,0.012345679012345678,0.010794400404790013,7908.993435023291,0.03144239461901576,6060.145228340484,0.7662347020677023,1.1424023598579744
external_references,center_local,0,0.6,0.2,0.005,0.01,0.012345679012345678,0.0008538539382695229,21.48075006544131,0.0016386255698542494,21.129616537329145,0.9836535722894949,1.0082748007628863
external_references,center_local,1,0.6,0.2,0.005,0.04,0.012345679012345678,0.0031307977736549164,22.946368005407457,0.0016936044404393643,22.706121375595604,0.9895300803266452,1.00527642901803
external_references,center_local,2,0.6,0.2,0.005,0.12,0.012345679012345678,0.002276943835385394,27.502586192986808,0.0018541368002721243,27.091013441076985,0.9850351254597731,1.0075674787677602
external_references,center_local,3,0.6,0.2,0.02,0.01,0.012345679012345678,0.0031307977736549164,38.57911569164767,0.002195993957518089,37.99365492838793,0.984824412048758,1.0076752627658627
external_references,center_local,4,0.6,0.2,0.02,0.04,0.012345679012345678,0.011479591836734691,41.35911865954119,0.002273739174233194,40.99778934178603,0.9912636117628729,1.004397025778954
external_references,center_local,5,0.6,0.2,0.02,0.12,0.012345679012345678,0.008348794063079775,50.19177083495817,0.0025047896826619538,49.82083295504935,0.9926095877125246,1.0037158149285
external_references,center_local,6,0.6,0.2,0.06,0.01,0.012345679012345678,0.0022769438353853937,91.17870179782808,0.0033759943312642736,87.39140951360635,0.9584629720587671,1.0214387515853076
external_references,center_local,7,0.6,0.2,0.06,0.04,0.012345679012345678,0.008348794063079775,98.22206551033499,0.003503963211677867,94.78244514999722,0.9649811848033694,1.0179831212874646
external_references,center_local,8,0.6,0.2,0.06,0.12,0.012345679012345678,0.006071850227694383,121.02717397001244,0.0038895239742482057,117.54758787420728,0.971249546844188,1.0146928155761663
external_references,center_local,9,0.6,0.5,0.005,0.01,0.012345679012345678,0.0019923258559622196,25.460338354254155,0.0017839681315207875,24.75367350774656,0.972244483294955,1.0141734949230021
external_references,center_local,10,0.6,0.5,0.005,0.04,0.012345679012345678,0.007305194805194804,27.08598818797969,0.0018400403592034227,26.51376139877502,0.9788736971590863,1.010733523793333
external_references,center_local,11,0.6,0.5,0.005,0.12,0.012345679012345678,0.005312868949232585,32.11231547380144,0.002003506784172487,31.396745416223943,0.977716647117481,1.0113314084055414
external_references,center_local,12,0.6,0.5,0.02,0.01,0.012345679012345678,0.007305194805194804,44.142986989337125,0.002349015405157476,43.718213242625154,0.9903773220689716,1.0048463432484207
external_references,center_local,13,0.6,0.5,0.02,0.04,0.012345679012345678,0.02678571428571428,47.159589184756825,0.0024279515333083986,47.00868140945842,0.9968000617073403,1.0016038192663939
external_references,center_local,14,0.6,0.5,0.02,0.12,0.012345679012345678,0.019480519480519477,56.675026846567256,0.0026616495554112503,56.609370086175545,0.9988415222004312,1.0005797426626941
external_references,center_local,15,0.6,0.5,0.06,0.01,0.012345679012345678,0.005312868949232584,99.77163881073257,0.003531494704985634,96.96554665682032,0.9718748515373651,1.0143663361587345
external_references,center_local,16,0.6,0.5,0.06,0.04,0.012345679012345678,0.019480519480519477,107.07393795464456,0.003658448065003871,104.6797775871991,0.9776401203394648,1.011370989647196
external_references,center_local,17,0.6,0.5,0.06,0.12,0.012345679012345678,0.01416765053128689,130.51844941029753,0.004039159092718086,128.19765720031086,0.982218665480073,1.0090110178698866
external_references,center_local,18,0.6,0.9,0.005,0.01,0.012345679012345678,0.001138471917692697,26.287456765773126,0.0018127140137709646,25.421005876518247,0.967039379390135,1.0168992340053467
external_references,center_local,19,0.6,0.9,0.005,0.04,0.012345679012345678,0.004174397031539889,27.787909999296033,0.001863729795306177,27.075752169076875,0.9743716663024603,1.013065852211926
external_references,center_local,20,0.6,0.9,0.005,0.12,0.012345679012345678,0.0030359251138471917,32.37938002425111,0.0020118206935587947,31.57168529682578,0.9750552750911106,1.012710660991
external_references,center_local,21,0.6,0.9,0.02,0.01,0.012345679012345678,0.004174397031539889,43.76315571074411,0.0023388874414650685,43.349041833463,0.9905373853746237,1.0047651522061323
external_references,center_local,22,0.6,0.9,0.02,0.04,0.012345679012345678,0.01530612244897959,46.49370023243458,0.002410749370850135,46.34681575146595,0.9968407659481969,1.001583369691752
external_references,center_local,23,0.6,0.9,0.02,0.12,0.012345679012345678,0.011131725417439701,55.03272772022859,0.0026228021208296623,54.93356570849678,0.9981981265359783,1.0009021560935871
external_references,center_local,24,0.6,0.9,0.06,0.01,0.012345679012345678,0.0030359251138471917,94.25682204157259,0.0034325067742389925,90.84386858847486,0.9637909131755744,1.0186115265459106
external_references,center_local,25,0.6,0.9,0.06,0.04,0.012345679012345678,0.011131725417439701,100.69762556036432,0.0035478448662597324,97.55490818565949,0.9687905513440246,1.0159797520462668
external_references,center_local,26,0.6,0.9,0.06,0.12,0.012345679012345678,0.00809580030359251,121.2648541202423,0.0038933413368250013,117.74709647018793,0.9709911195987068,1.0148278357729312
external_references,center_local,27,0.9,0.2,0.005,0.01,0.012345679012345678,0.00199232585596222,63.304677754907516,0.002813020568599426,62.06896722366254,0.9804799491116724,1.0099052773021449
external_references,center_local,28,0.9,0.2,0.005,0.04,0.012345679012345678,0.007305194805194805,68.58221853365856,0.0029279305518928075,67.25544815779207,0.9806543094663037,1.0098154927224117
external_references,center_local,29,0.9,0.2,0.005,0.12,0.012345679012345678,0.005312868949232586,84.88912692643197,0.003257474614759721,81.12406899077521,0.9556473476406502,1.0229423777039635
external_references,center_local,30,0.9,0.2,0.02,0.01,0.012345679012345678,0.007305194805194805,100.84544031230409,0.003550447864571174,99.98650532896596,0.9914826591992842,1.004286069351917
external_references,center_local,31,0.9,0.2,0.02,0.04,0.012345679012345678,0.026785714285714284,109.10567528302373,0.0036929946399064766,108.59480218664847,0.9953176304069422,1.002349438728841
external_references,center_local,32,0.9,0.2,0.02,0.12,0.012345679012345678,0.01948051948051948,135.17620349943348,0.00411059915796094,132.9427619462325,0.9834775537751337,1.0083650250347067
external_references,center_local,33,0.9,0.2,0.06,0.01,0.012345679012345678,0.005312868949232586,215.40248425345237,0.005188960448074503,206.1241179534376,0.9569254443272928,1.022259014062814
external_references,center_local,34,0.9,0.2,0.06,0.04,0.012345679012345678,0.01948051948051948,233.44919780302433,0.005401957952944288,225.05390544856158,0.9640380329704693,1.0184809636447174
external_references,center_local,35,0.9,0.2,0.06,0.12,0.012345679012345678,0.014167650531286893,291.9385642372525,0.006040887395876251,282.08996351001076,0.9662648175551142,1.0173067276548693
external_references,center_local,36,0.9,0.5,0.005,0.01,0.012345679012345678,0.0046487603305785125,76.58043790183565,0.0030939545468105147,73.95183861808913,0.9656753166243841,1.0176171900626216
external_references,center_local,37,0.9,0.5,0.005,0.04,0.012345679012345678,0.017045454545454544,82.52675549669091,0.0032118288306020237,79.91265856344053,0.9683242492993052,1.0162243480146005
external_references,center_local,38,0.9,0.5,0.005,0.12,0.012345679012345678,0.012396694214876032,100.85606371977491,0.003550634867875302,95.9186151481016,0.951044603670119,1.0254147427639013
external_references,center_local,39,0.9,0.5,0.02,0.01,0.012345679012345678,0.017045454545454544,118.36823108882686,0.003846560656756027,117.79988081251153,0.9951984559447473,1.0024094523264513
external_references,center_local,40,0.9,0.5,0.02,0.04,0.012345679012345678,0.062499999999999986,127.63504648676746,0.0039942935308820175,127.63504648676746,1.0,1.0
external_references,center_local,41,0.9,0.5,0.02,0.12,0.012345679012345678,0.04545454545454544,156.77534569946377,0.0044268406581254955,155.47374490825197,0.9916976691366578,1.0041771938362785
external_references,center_local,42,0.9,0.5,0.06,0.01,0.012345679012345678,0.012396694214876032,244.79485915523486,0.005531668590434929,239.4012487663253,0.9779668151221703,1.0112020487286744
external_references,center_local,43,0.9,0.5,0.06,0.04,0.012345679012345678,0.04545454545454544,264.60022961617267,0.0057510893491599996,260.5000485458059,0.9845042422060084,1.0078391020824042
external_references,center_local,44,0.9,0.5,0.06,0.12,0.012345679012345678,0.033057851239669415,328.3117527459146,0.006406166489659734,323.62249449305466,0.985717056384244,1.0072188948138432
external_references,center_local,45,0.9,0.9,0.005,0.01,0.012345679012345678,0.0026564344746162934,85.91385358967149,0.003277076700156549,81.607829767594,0.9498797499802155,1.0260432918908275
external_references,center_local,46,0.9,0.9,0.005,0.04,0.012345679012345678,0.009740259740259742,91.89463846381467,0.003389222596404201,87.70206322042888,0.9543762801239302,1.023623344017652
external_references,center_local,47,0.9,0.9,0.005,0.12,0.012345679012345678,0.0070838252656434475,110.12864012094023,0.0037102668388025043,103.78404461301496,0.9423892322564066,1.0301129392750117
external_references,center_local,48,0.9,0.9,0.02,0.01,0.012345679012345678,0.009740259740259742,127.22963274667849,0.003987944845824076,126.31240857961266,0.9927907976525243,1.0036242087293965
external_references,center_local,49,0.9,0.9,0.02,0.04,0.012345679012345678,0.03571428571428571,136.33136513470842,0.004128125560328629,136.09855141374862,0.9982922952415993,1.00085494753364
external_references,center_local,50,0.9,0.9,0.02,0.12,0.012345679012345678,0.025974025974025972,164.6188721674923,0.004536227399606036,163.27985115405932,0.9918659325276473,1.004092014266715
external_references,center_local,51,0.9,0.9,0.06,0.01,0.012345679012345678,0.0070838252656434475,248.6082469445088,0.005574587955002917,244.0093762401275,0.98150153600734,1.0093795651358675
external_references,center_local,52,0.9,0.9,0.06,0.04,0.012345679012345678,0.025974025974025972,267.21105121971317,0.005779392822993099,263.80083296171813,0.9872377349573352,1.006442867718859
external_references,center_local,53,0.9,0.9,0.06,0.12,0.012345679012345678,0.018890200708382526,326.38260913618683,0.006387317601468033,321.84072344859896,0.9860841675982414,1.007031387608784
external_references,center_local,54,1.3,0.2,0.005,0.01,0.012345679012345678,0.001138471917692697,219.7042672759762,0.005240518429458771,214.6966487526421,0.9772074589837442,1.01159485854788
external_references,center_local,55,1.3,0.2,0.005,0.04,0.012345679012345678,0.004174397031539889,241.25594027527737,0.005491538266679899,234.03792026053054,0.9700814827336026,1.0153035218505841
external_references,center_local,56,1.3,0.2,0.005,0.12,0.012345679012345678,0.0030359251138471917,307.5416942930075,0.006200218688613002,284.46283031795673,0.9249569589967123,1.0397746808828123
external_references,center_local,57,1.3,0.2,0.02,0.01,0.012345679012345678,0.004174397031539889,328.74679673251495,0.006410409471442864,327.21911736614,0.9953530212870242,1.0023316187477074
external_references,center_local,58,1.3,0.2,0.02,0.04,0.012345679012345678,0.015306122448979588,359.14318331121507,0.006700216258741346,357.0941328131321,0.9942946139776586,1.0028649581255458
external_references,center_local,59,1.3,0.2,0.02,0.12,0.012345679012345678,0.011131725417439701,454.45131313222106,0.007537002994660917,439.347051773484,0.9667637414123996,1.0170441898307332
external_references,center_local,60,1.3,0.2,0.06,0.01,0.012345679012345678,0.0030359251138471917,657.6871545905608,0.00906702235156725,629.7541996638105,0.9575285076927802,1.021937047638402
external_references,center_local,61,1.3,0.2,0.06,0.04,0.012345679012345678,0.011131725417439701,716.8931868571161,0.009466342924125426,690.4333728360231,0.9630909952749115,1.0189815928014725
external_references,center_local,62,1.3,0.2,0.06,0.12,0.012345679012345678,0.00809580030359251,908.0755015469316,0.010654080800020546,869.5725852468124,0.9575994328285166,1.0218992017691013
external_references,center_local,63,1.3,0.5,0.005,0.01,0.012345679012345678,0.002656434474616293,266.02752638750235,0.005766579644680006,255.75444878587385,0.9613834036607758,1.0198861395518182
external_references,center_local,64,1.3,0.5,0.005,0.04,0.012345679012345678,0.00974025974025974,290.1796370460412,0.006022661756296393,278.14492998469336,0.9585267002748427,1.0214047955403442
external_references,center_local,65,1.3,0.5,0.005,0.12,0.012345679012345678,0.007083825265643447,364.4180597605233,0.006749241251434521,337.0192449474109,0.9248148820310457,1.0398545467895857
external_references,center_local,66,1.3,0.5,0.02,0.01,0.012345679012345678,0.00974025974025974,386.9172470221268,0.006954470208273658,385.84287067700154,0.9972232399734204,1.0013912781187784
external_references,center_local,67,1.3,0.5,0.02,0.04,0.012345679012345678,0.035714285714285705,421.0658852009771,0.007254876680559232,420.35352065252914,0.9983081874512157,1.0008469811260094
external_references,center_local,68,1.3,0.5,0.02,0.12,0.012345679012345678,0.02597402597402597,528.0225582918173,0.008124211948643214,515.9399619805664,0.9771172725075634,1.011641541823844
external_references,center_local,69,1.3,0.5,0.06,0.01,0.012345679012345678,0.007083825265643447,753.1369704909058,0.0097026862935665,739.2986783744449,0.9816257962911568,1.0093156763499056
external_references,center_local,70,1.3,0.5,0.06,0.04,0.012345679012345678,0.02597402597402597,819.3407626955591,0.010120157871147312,808.785128457522,0.9871169179923259,1.006504457004847
external_references,center_local,71,1.3,0.5,0.06,0.12,0.012345679012345678,0.018890200708382526,1032.1924999286243,0.011358875934311372,1013.5914584157842,0.9819790964242364,1.0091340923203733
external_references,center_local,72,1.3,0.9,0.005,0.01,0.012345679012345678,0.001517962556923596,309.17501062228627,0.0062166611881126176,290.5026448016035,0.9396058375380975,1.0316375629811614
external_references,center_local,73,1.3,0.9,0.005,0.04,0.012345679012345678,0.0055658627087198514,334.46224199909426,0.006465893615726042,314.4250791822827,0.9400914055438705,1.0313711022455656
external_references,center_local,74,1.3,0.9,0.005,0.12,0.012345679012345678,0.004047900151796256,411.4425548895749,0.007171493523750605,376.57365131941106,0.9152520730882537,1.045272775944569
external_references,center_local,75,1.3,0.9,0.02,0.01,0.012345679012345678,0.0055658627087198514,431.67930778159104,0.007345741179261551,427.3350198466971,0.9899363072156057,1.0050701469490277
external_references,center_local,76,1.3,0.9,0.02,0.04,0.012345679012345678,0.020408163265306117,466.8037652714667,0.007638747977184045,463.4367298818094,0.9927870432071189,1.003626106441883
external_references,center_local,77,1.3,0.9,0.02,0.12,0.012345679012345678,0.014842300556586268,575.599831192201,0.008482333340480385,561.9712865220156,0.9763228827882775,1.0120530215966597
external_references,center_local,78,1.3,0.9,0.06,0.01,0.012345679012345678,0.004047900151796255,795.720341613151,0.009973216266663622,787.7445034396444,0.9899765812730923,1.00504970269543
external_references,center_local,79,1.3,0.9,0.06,0.04,0.012345679012345678,0.014842300556586268,861.0521014723284,0.010374560842948537,856.7243064576032,0.994973829101253,1.0025225987014816
external_references,center_local,80,1.3,0.9,0.06,0.12,0.012345679012345678,0.010794400404790013,1068.3518740628938,0.011556123236529702,1055.9275228584872,0.9883705439134418,1.0058659411962931
external_references,bayes_equal_grid,0,0.6,0.2,0.005,0.01,0.012345679012345678,0.0008538539382695229,21.812066244575572,0.0016512141837363033,21.129616537329145,0.9687122852280836,1.0160207937385346
external_references,bayes_equal_grid,1,0.6,0.2,0.005,0.04,0.012345679012345678,0.0031307977736549164,23.22660601870403,0.0017039148313040776,22.706121375595604,0.9775910159801529,1.0113963898912848
external_references,bayes_equal_grid,2,0.6,0.2,0.005,0.12,0.012345679012345678,0.002276943835385394,27.63065842354609,0.001858448897049166,27.091013441076985,0.9804693404624323,1.0099107408599686
external_references,bayes_equal_grid,3,0.6,0.2,0.02,0.01,0.012345679012345678,0.0031307977736549164,38.57129834448258,0.00219577145738356,37.99365492838793,0.9850240090199797,1.0075731641782233
external_references,bayes_equal_grid,4,0.6,0.2,0.02,0.04,0.012345679012345678,0.011479591836734691,41.28131424864151,0.002271599498388787,40.99778934178603,0.9931318827412379,1.00345184962216
external_references,bayes_equal_grid,5,0.6,0.2,0.02,0.12,0.012345679012345678,0.008348794063079775,49.902812177385755,0.0024975691226016587,49.82083295504935,0.9983572223937,1.000822402209929
external_references,bayes_equal_grid,6,0.6,0.2,0.06,0.01,0.012345679012345678,0.0022769438353853937,90.32881469320829,0.003360223480164829,87.39140951360635,0.967480972826019,1.0166671326553607
external_references,bayes_equal_grid,7,0.6,0.2,0.06,0.04,0.012345679012345678,0.008348794063079775,97.25437814757832,0.0034866599014597467,94.78244514999722,0.9745828101041366,1.0129561056824654
external_references,bayes_equal_grid,8,0.6,0.2,0.06,0.12,0.012345679012345678,0.006071850227694383,119.69723888347102,0.003868094474083315,117.54758787420728,0.9820409306905025,1.0091023217258472
external_references,bayes_equal_grid,9,0.6,0.5,0.005,0.01,0.012345679012345678,0.0019923258559622196,25.931029737641417,0.0018003829362680532,24.75367350774656,0.9545966264430367,1.0235051974376776
external_references,bayes_equal_grid,10,0.6,0.5,0.005,0.04,0.012345679012345678,0.007305194805194804,27.51128930692102,0.0018544301451834545,26.51376139877502,0.96374114288075,1.0186378281839856
external_references,bayes_equal_grid,11,0.6,0.5,0.005,0.12,0.012345679012345678,0.005312868949232585,32.402228944247454,0.002012530401765631,31.396745416223943,0.9689686925626757,1.0158863557416227
external_references,bayes_equal_grid,12,0.6,0.5,0.02,0.01,0.012345679012345678,0.007305194805194804,44.37413360230999,0.0023551574682574303,43.718213242625154,0.9852184075172413,1.007473754559747
external_references,bayes_equal_grid,13,0.6,0.5,0.02,0.04,0.012345679012345678,0.02678571428571428,47.33034350330153,0.0024323430962577405,47.00868140945842,0.9932038926820662,1.0034154724902191
external_references,bayes_equal_grid,14,0.6,0.5,0.02,0.12,0.012345679012345678,0.019480519480519477,56.66233061370334,0.0026613514098504385,56.609370086175545,0.9990653309358407,1.0004676623898023
external_references,bayes_equal_grid,15,0.6,0.5,0.06,0.01,0.012345679012345678,0.005312868949232584,99.32979727994788,0.0035236663661580513,96.96554665682032,0.9761979719291661,1.0121177688980971
external_references,bayes_equal_grid,16,0.6,0.5,0.06,0.04,0.012345679012345678,0.019480519480519477,106.52504145807433,0.0036490588077282738,104.6797775871991,0.9826776516993755,1.0087753473819112
external_references,bayes_equal_grid,17,0.6,0.5,0.06,0.12,0.012345679012345678,0.01416765053128689,129.634314632266,0.004025455170416539,128.19765720031086,0.9889176146298106,1.0055876794291647
external_references,bayes_equal_grid,18,0.6,0.9,0.005,0.01,0.012345679012345678,0.001138471917692697,26.799426039757154,0.0018302809224186446,25.421005876518247,0.9485653102721674,1.0267539467796503
external_references,bayes_equal_grid,19,0.6,0.9,0.005,0.04,0.012345679012345678,0.004174397031539889,28.250395498650658,0.0018791752013400272,27.075752169076875,0.958420287261823,1.0214614970451255
external_references,bayes_equal_grid,20,0.6,0.9,0.005,0.12,0.012345679012345678,0.0030359251138471917,32.6920128856907,0.002021509735497541,31.57168529682578,0.9657308470793095,1.017587932657194
external_references,bayes_equal_grid,21,0.6,0.9,0.02,0.01,0.012345679012345678,0.004174397031539889,44.000742442782155,0.002345227665994875,43.349041833463,0.9851888724339909,1.007488856028631
external_references,bayes_equal_grid,22,0.6,0.9,0.02,0.04,0.012345679012345678,0.01530612244897959,46.65812851317452,0.0024150085018787852,46.34681575146595,0.9933277914989525,1.0033528920067696
external_references,bayes_equal_grid,23,0.6,0.9,0.02,0.12,0.012345679012345678,0.011131725417439701,54.97024591762107,0.0026213127893676925,54.93356570849678,0.9993327261227963,1.000333804001912
external_references,bayes_equal_grid,24,0.6,0.9,0.06,0.01,0.012345679012345678,0.0030359251138471917,93.55982980011525,0.0034197922049467285,90.84386858847486,0.9709708619880683,1.0148384220226023
external_references,bayes_equal_grid,25,0.6,0.9,0.06,0.04,0.012345679012345678,0.011131725417439701,99.8501491935538,0.0035328838997615284,97.55490818565949,0.9770131439318621,1.0116954499963742
external_references,bayes_equal_grid,26,0.6,0.9,0.06,0.12,0.012345679012345678,0.00809580030359251,119.93866326143772,0.0038719934023290527,117.74709647018793,0.9817276036629431,1.0092633408343978
external_references,bayes_equal_grid,27,0.9,0.2,0.005,0.01,0.012345679012345678,0.00199232585596222,64.3296683861597,0.002835702478799559,62.06896722366254,0.9648575654249208,1.0180483321614315
external_references,bayes_equal_grid,28,0.9,0.2,0.005,0.04,0.012345679012345678,0.007305194805194805,69.23450265392788,0.002941821345993156,67.25544815779207,0.9714151987769999,1.0146062959331235
external_references,bayes_equal_grid,29,0.9,0.2,0.005,0.12,0.012345679012345678,0.005312868949232586,84.42719093783424,0.003248599523984032,81.12406899077521,0.9608760884927322,1.0201553394199854
external_references,bayes_equal_grid,30,0.9,0.2,0.02,0.01,0.012345679012345678,0.007305194805194805,100.89666585388497,0.0035513494944507534,99.98650532896596,0.9909792804626758,1.0045411060014644
external_references,bayes_equal_grid,31,0.9,0.2,0.02,0.04,0.012345679012345678,0.026785714285714284,108.7205590495622,0.003686471196306201,108.59480218664847,0.99884330191076,1.0005788512601625
external_references,bayes_equal_grid,32,0.9,0.2,0.02,0.12,0.012345679012345678,0.01948051948051948,133.47664320593447,0.004084676290814464,132.9427619462325,0.9960001896445788,1.0020059246761854
external_references,bayes_equal_grid,33,0.9,0.2,0.06,0.01,0.012345679012345678,0.005312868949232586,212.93396393565394,0.005159141933689821,206.1241179534376,0.9680189770746287,1.0163845724630491
external_references,bayes_equal_grid,34,0.9,0.2,0.06,0.04,0.012345679012345678,0.01948051948051948,230.3778781982275,0.005366305505166328,225.05390544856158,0.9768902605089325,1.0117590787863953
external_references,bayes_equal_grid,35,0.9,0.2,0.06,0.12,0.012345679012345678,0.014167650531286893,287.0271483903258,0.005989857556636112,282.08996351001076,0.9827988923417063,1.0087131228799187
external_references,bayes_equal_grid,36,0.9,0.5,0.005,0.01,0.012345679012345678,0.0046487603305785125,78.06682790930475,0.0031238363415299294,73.95183861808913,0.9472888882330883,1.027445462429372
external_references,bayes_equal_grid,37,0.9,0.5,0.005,0.04,0.012345679012345678,0.017045454545454544,83.66364007016745,0.003233876158539614,79.91265856344053,0.9551659298641438,1.0232001342848303
external_references,bayes_equal_grid,38,0.9,0.5,0.005,0.12,0.012345679012345678,0.012396694214876032,100.94901904684224,0.0035522707358611166,95.9186151481016,0.9501688679470334,1.025887177472704
external_references,bayes_equal_grid,39,0.9,0.5,0.02,0.01,0.012345679012345678,0.017045454545454544,119.19973095838607,0.003860047456936023,117.79988081251153,0.9882562642162066,1.0059240975351058
external_references,bayes_equal_grid,40,0.9,0.5,0.02,0.04,0.012345679012345678,0.062499999999999986,128.0716747100925,0.004001119760612217,127.63504648676746,0.9965907510437931,1.0017089955150824
external_references,bayes_equal_grid,41,0.9,0.5,0.02,0.12,0.012345679012345678,0.04545454545454544,156.02336125029768,0.004416211063376298,155.47374490825197,0.9964773458433318,1.0017659941904826
external_references,bayes_equal_grid,42,0.9,0.5,0.06,0.01,0.012345679012345678,0.012396694214876032,243.84767637001028,0.005520956397785739,239.4012487663253,0.9817655527012772,1.009243834678764
external_references,bayes_equal_grid,43,0.9,0.5,0.06,0.04,0.012345679012345678,0.04545454545454544,263.1247842895151,0.005735032522679308,260.5000485458059,0.9900247490908297,1.005025252983545
external_references,bayes_equal_grid,44,0.9,0.5,0.06,0.12,0.012345679012345678,0.033057851239669415,325.21495155736517,0.00637588181702505,323.62249449305466,0.9951033706885718,1.0024573428700807
external_references,bayes_equal_grid,45,0.9,0.9,0.005,0.01,0.012345679012345678,0.0026564344746162934,87.77469956481278,0.0033123764045774745,81.607829767594,0.9297420574744871,1.037095527844014
external_references,bayes_equal_grid,46,0.9,0.9,0.005,0.04,0.012345679012345678,0.009740259740259742,93.40879944306336,0.0034170308647103144,87.70206322042888,0.9389057962776518,1.0320220820129211
external_references,bayes_equal_grid,47,0.9,0.9,0.005,0.12,0.012345679012345678,0.0070838252656434475,110.60035868830973,0.0037182045177798807,103.78404461301496,0.9383698736953984,1.0323167446015973
external_references,bayes_equal_grid,48,0.9,0.9,0.02,0.01,0.012345679012345678,0.009740259740259742,128.5960848829134,0.0040093030080506735,126.31240857961266,0.982241478771457,1.008999300284895
external_references,bayes_equal_grid,49,0.9,0.9,0.02,0.04,0.012345679012345678,0.03571428571428571,137.29550252522637,0.004142696925392117,136.09855141374862,0.9912819350272758,1.0043877428914803
external_references,bayes_equal_grid,50,0.9,0.9,0.02,0.12,0.012345679012345678,0.025974025974025972,164.35585689446202,0.004532602134735384,163.27985115405932,0.993453195032206,1.0032895634225312
external_references,bayes_equal_grid,51,0.9,0.9,0.06,0.01,0.012345679012345678,0.0070838252656434475,248.08685453317665,0.005568739248397889,244.0093762401275,0.9835643113750556,1.0083205514514044
external_references,bayes_equal_grid,52,0.9,0.9,0.06,0.04,0.012345679012345678,0.025974025974025972,266.0897810053456,0.005767254340296447,263.80083296171813,0.9913978355915084,1.0043290315929652
external_references,bayes_equal_grid,53,0.9,0.9,0.06,0.12,0.012345679012345678,0.018890200708382526,323.38150760633386,0.006357883960154647,321.84072344859896,0.9952353980623698,1.0023908479482249
external_references,bayes_equal_grid,54,1.3,0.2,0.005,0.01,0.012345679012345678,0.001138471917692697,223.23582822183943,0.005282468980290365,214.6966487526421,0.9617481676789285,1.0196927141523824
external_references,bayes_equal_grid,55,1.3,0.2,0.005,0.04,0.012345679012345678,0.004174397031539889,242.73077422891305,0.0055082979929025385,234.03792026053054,0.9641872605729651,1.0184021452658745
external_references,bayes_equal_grid,56,1.3,0.2,0.005,0.12,0.012345679012345678,0.0030359251138471917,302.8591909080092,0.006152836651781124,284.46283031795673,0.9392577107041132,1.0318287285381111
external_references,bayes_equal_grid,57,1.3,0.2,0.02,0.01,0.012345679012345678,0.004174397031539889,329.0482656356459,0.006413348049533547,327.21911736614,0.9944410943301207,1.002791094815121
external_references,bayes_equal_grid,58,1.3,0.2,0.02,0.04,0.012345679012345678,0.015306122448979588,357.14577288527096,0.006681558322027794,357.0941328131321,0.9998554089784637,1.0000723033516743
external_references,bayes_equal_grid,59,1.3,0.2,0.02,0.12,0.012345679012345678,0.011131725417439701,445.52749040816735,0.007462636015579275,439.347051773484,0.9861278175471929,1.007009099749991
external_references,bayes_equal_grid,60,1.3,0.2,0.06,0.01,0.012345679012345678,0.0030359251138471917,649.4313379530425,0.009009934364030091,629.7541996638105,0.9697009720053656,1.0155027048986096
external_references,bayes_equal_grid,61,1.3,0.2,0.06,0.04,0.012345679012345678,0.011131725417439701,705.6821351554977,0.009392032096114089,690.4333728360231,0.9783914576268612,1.0109825834167177
external_references,bayes_equal_grid,62,1.3,0.2,0.06,0.12,0.012345679012345678,0.00809580030359251,887.8462335512725,0.010534741534271691,869.5725852468124,0.9794180032376014,1.0104526300096464
external_references,bayes_equal_grid,63,1.3,0.5,0.005,0.01,0.012345679012345678,0.002656434474616293,271.1676524995093,0.005822023407926033,255.75444878587385,0.9431598733419602,1.0296920087400434
external_references,bayes_equal_grid,64,1.3,0.5,0.005,0.04,0.012345679012345678,0.00974025974025974,293.35241955993394,0.0060554977041521315,278.14492998469336,0.9481596586179389,1.0269735616379758
external_references,bayes_equal_grid,65,1.3,0.5,0.005,0.12,0.012345679012345678,0.007083825265643447,361.7071934649593,0.006724090955892842,337.0192449474109,0.9317460394385548,1.0359796446786915
external_references,bayes_equal_grid,66,1.3,0.5,0.02,0.01,0.012345679012345678,0.00974025974025974,389.88229473690984,0.0069810663112531545,385.84287067700154,0.9896393754873273,1.0052209164316914
external_references,bayes_equal_grid,67,1.3,0.5,0.02,0.04,0.012345679012345678,0.035714285714285705,421.8892484372391,0.007261966404126012,420.35352065252914,0.9963598793038728,1.0018250443986554
external_references,bayes_equal_grid,68,1.3,0.5,0.02,0.12,0.012345679012345678,0.02597402597402597,522.4044853561808,0.008080876231543372,515.9399619805664,0.9876254443504504,1.006245300078791
external_references,bayes_equal_grid,69,1.3,0.5,0.06,0.01,0.012345679012345678,0.007083825265643447,750.2366198005096,0.00968398561931314,739.2986783744449,0.9854206777736694,1.00737035078633
external_references,bayes_equal_grid,70,1.3,0.5,0.06,0.04,0.012345679012345678,0.02597402597402597,813.7977491796793,0.010085867272944846,808.785128457522,0.9938404588520795,1.0030940714788916
external_references,bayes_equal_grid,71,1.3,0.5,0.06,0.12,0.012345679012345678,0.018890200708382526,1018.582414990982,0.011283740597597623,1013.5914584157842,0.995100095483936,1.0024589925786125
external_references,bayes_equal_grid,72,1.3,0.9,0.005,0.01,0.012345679012345678,0.001517962556923596,316.0082341026703,0.006284984428209332,290.5026448016035,0.9192882129369447,1.042975613869817
external_references,bayes_equal_grid,73,1.3,0.9,0.005,0.04,0.012345679012345678,0.0055658627087198514,339.37377858621375,0.006513196014498314,314.4250791822827,0.9264860723540161,1.0389162816221582
external_references,bayes_equal_grid,74,1.3,0.9,0.005,0.12,0.012345679012345678,0.004047900151796256,410.5847622319561,0.007164013908347367,376.57365131941106,0.9171642154286018,1.0441825932190811
external_references,bayes_equal_grid,75,1.3,0.9,0.02,0.01,0.012345679012345678,0.0055658627087198514,437.32205187999784,0.007393595639808802,427.3350198466971,0.9771632096063585,1.011617762570196
external_references,bayes_equal_grid,76,1.3,0.9,0.02,0.04,0.012345679012345678,0.020408163265306117,470.3506243967357,0.0076677133520751785,463.4367298818094,0.9853005520641246,1.0074317571205607
external_references,bayes_equal_grid,77,1.3,0.9,0.02,0.12,0.012345679012345678,0.014842300556586268,572.7913609026162,0.008461614509821812,561.9712865220156,0.9811099204367361,1.0095809948169656
external_references,bayes_equal_grid,78,1.3,0.9,0.06,0.01,0.012345679012345678,0.004047900151796255,796.5136872834366,0.009978186754637818,787.7445034396444,0.9889905421792561,1.0055506030396262
external_references,bayes_equal_grid,79,1.3,0.9,0.06,0.04,0.012345679012345678,0.014842300556586268,859.1096743219935,0.010362852372307982,856.7243064576032,0.9972234419705811,1.0013911766980754
external_references,bayes_equal_grid,80,1.3,0.9,0.06,0.12,0.012345679012345678,0.010794400404790013,1057.9120857993275,0.011499522195505166,1055.9275228584872,0.9981240757455372,1.0009392838530358
external_references,bayes_uniform_volume,0,0.6,0.2,0.005,0.01,0.012345679012345678,0.0008538539382695229,21.879624498287043,0.001653769349784268,21.129616537329145,0.9657211685229509,1.0175930318296056
external_references,bayes_uniform_volume,1,0.6,0.2,0.005,0.04,0.012345679012345678,0.0031307977736549164,23.29618714653118,0.0017064651749497842,22.706121375595604,0.9746711439419631,1.0129102028523913
external_references,bayes_uniform_volume,2,0.6,0.2,0.005,0.12,0.012345679012345678,0.002276943835385394,27.70650866978104,0.0018609980074472488,27.091013441076985,0.9777851754604013,1.0112959680646278
external_references,bayes_uniform_volume,3,0.6,0.2,0.02,0.01,0.012345679012345678,0.0031307977736549164,38.549279366462066,0.0021951446241210986,37.99365492838793,0.9855866452705332,1.007285529337381
external_references,bayes_uniform_volume,4,0.6,0.2,0.02,0.04,0.012345679012345678,0.011479591836734691,41.25656189927968,0.0022709183687244154,40.99778934178603,0.9937277236497458,1.0031509687573636
external_references,bayes_uniform_volume,5,0.6,0.2,0.02,0.12,0.012345679012345678,0.008348794063079775,49.86950011233029,0.0024967353712480795,49.82083295504935,0.9990241097831074,1.0004883025347755
external_references,bayes_uniform_volume,6,0.6,0.2,0.06,0.01,0.012345679012345678,0.0022769438353853937,90.07783902824504,0.0033555520974245996,87.39140951360635,0.9701765767960272,1.015253761989963
external_references,bayes_uniform_volume,7,0.6,0.2,0.06,0.04,0.012345679012345678,0.008348794063079775,96.98821853981369,0.003481885597988066,94.78244514999722,0.9772573058560613,1.0115690590565543
external_references,bayes_uniform_volume,8,0.6,0.2,0.06,0.12,0.012345679012345678,0.006071850227694383,119.38320433874837,0.0038630170258935627,117.54758787420728,0.984624164892303,1.007777725134153
external_references,bayes_uniform_volume,9,0.6,0.5,0.005,0.01,0.012345679012345678,0.0019923258559622196,26.02830037179935,0.0018037565097526105,24.75367350774656,0.9510291933839138,1.0254230505376072
external_references,bayes_uniform_volume,10,0.6,0.5,0.005,0.04,0.012345679012345678,0.007305194805194804,27.611796824218967,0.0018578144694848758,26.51376139877502,0.9602331049864588,1.0204968363354785
external_references,bayes_uniform_volume,11,0.6,0.5,0.005,0.12,0.012345679012345678,0.005312868949232585,32.51258786819032,0.0020159547325085923,31.396745416223943,0.965679679006478,1.0176148915571657
external_references,bayes_uniform_volume,12,0.6,0.5,0.02,0.01,0.012345679012345678,0.007305194805194804,44.403850530279605,0.0023559459493555767,43.718213242625154,0.9845590578414611,1.0078110458122667
external_references,bayes_uniform_volume,13,0.6,0.5,0.02,0.04,0.012345679012345678,0.02678571428571428,47.35939516210244,0.0024330894753918945,47.00868140945842,0.9925946319321944,1.0037233765736135
external_references,bayes_uniform_volume,14,0.6,0.5,0.02,0.12,0.012345679012345678,0.019480519480519477,56.68879382057683,0.0026619728074441526,56.609370086175545,0.9985989517672106,1.0007012610779338
external_references,bayes_uniform_volume,15,0.6,0.5,0.06,0.01,0.012345679012345678,0.005312868949232584,99.16768308127314,0.003520789738845412,96.96554665682032,0.9777938098780825,1.0112915029253642
external_references,bayes_uniform_volume,16,0.6,0.5,0.06,0.04,0.012345679012345678,0.019480519480519477,106.35006040323698,0.0036460605522131173,104.6797775871991,0.984294481736025,1.0079464853634543
external_references,bayes_uniform_volume,17,0.6,0.5,0.06,0.12,0.012345679012345678,0.01416765053128689,129.41728828550708,0.004022084165664411,128.19765720031086,0.9905759802159847,1.004745578175386
external_references,bayes_uniform_volume,18,0.6,0.9,0.005,0.01,0.012345679012345678,0.001138471917692697,26.90564823414346,0.0018339045856499549,25.421005876518247,0.9448204204297449,1.0287867552294219
external_references,bayes_uniform_volume,19,0.6,0.9,0.005,0.04,0.012345679012345678,0.004174397031539889,28.358982251897864,0.0018827832539852357,27.075752169076875,0.9547504888778189,1.0234227228285246
external_references,bayes_uniform_volume,20,0.6,0.9,0.005,0.12,0.012345679012345678,0.0030359251138471917,32.807365644158644,0.0020250730123923507,31.57168529682578,0.9623352767565817,1.0193816156185982
external_references,bayes_uniform_volume,21,0.6,0.9,0.02,0.01,0.012345679012345678,0.004174397031539889,44.031611119653185,0.0023460501678260522,43.349041833463,0.9844981987069392,1.007842195468119
external_references,bayes_uniform_volume,22,0.6,0.9,0.02,0.04,0.012345679012345678,0.01530612244897959,46.685531549165525,0.0024157175835858155,46.34681575146595,0.9927447372567051,1.0036474910447706
external_references,bayes_uniform_volume,23,0.6,0.9,0.02,0.12,0.012345679012345678,0.011131725417439701,54.98553987504216,0.0026216774180627695,54.93356570849678,0.9990547666411298,1.0004729519933588
external_references,bayes_uniform_volume,24,0.6,0.9,0.06,0.01,0.012345679012345678,0.0030359251138471917,93.3403757162315,0.0034157791153013595,90.84386858847486,0.9732537274614537,1.0136475199680126
external_references,bayes_uniform_volume,25,0.6,0.9,0.06,0.04,0.012345679012345678,0.011131725417439701,99.60826416553189,0.0035286021340881556,97.55490818565949,0.9793856865484567,1.010469300773074
external_references,bayes_uniform_volume,26,0.6,0.9,0.06,0.12,0.012345679012345678,0.00809580030359251,119.62317648913698,0.0038668976015847796,117.74709647018793,0.9843167513686663,1.0079350831776834
external_references,bayes_uniform_volume,27,0.9,0.2,0.005,0.01,0.012345679012345678,0.00199232585596222,64.55604870558432,0.002840687608343804,62.06896722366254,0.9614740751364073,1.0198380484155414
external_references,bayes_uniform_volume,28,0.9,0.2,0.005,0.04,0.012345679012345678,0.007305194805194805,69.46481463494761,0.0029467103402554605,67.25544815779207,0.968194452273914,1.016292463710127
external_references,bayes_uniform_volume,29,0.9,0.2,0.005,0.12,0.012345679012345678,0.005312868949232586,84.67025042037349,0.0032532723990693875,81.12406899077521,0.9581177401508548,1.0216227589752653
external_references,bayes_uniform_volume,30,0.9,0.2,0.02,0.01,0.012345679012345678,0.007305194805194805,100.8738662578034,0.0035509482229716368,99.98650532896596,0.991203262433011,1.0044276016290932
external_references,bayes_uniform_volume,31,0.9,0.2,0.02,0.04,0.012345679012345678,0.026785714285714284,108.68804776914861,0.003685919962661096,108.59480218664847,0.9991420806205095,1.000429235896845
external_references,bayes_uniform_volume,32,0.9,0.2,0.02,0.12,0.012345679012345678,0.01948051948051948,133.41440397231048,0.004083723851650453,132.9427619462325,0.9964648342904874,1.0017722832276872
external_references,bayes_uniform_volume,33,0.9,0.2,0.06,0.01,0.012345679012345678,0.005312868949232586,212.25534714755167,0.005150914325966213,206.1241179534376,0.9711138999487637,1.0147636801390862
external_references,bayes_uniform_volume,34,0.9,0.2,0.06,0.04,0.012345679012345678,0.01948051948051948,229.65349078137652,0.005357862106071046,225.05390544856158,0.979971628921619,1.0101671668681782
external_references,bayes_uniform_volume,35,0.9,0.2,0.06,0.12,0.012345679012345678,0.014167650531286893,286.16044253121515,0.00598080724621701,282.08996351001076,0.9857755356219077,1.0071890187088988
external_references,bayes_uniform_volume,36,0.9,0.5,0.005,0.01,0.012345679012345678,0.0046487603305785125,78.39150827850851,0.0031303256276006756,73.95183861808913,0.9433654262060354,1.029579821210962
external_references,bayes_uniform_volume,37,0.9,0.5,0.005,0.04,0.012345679012345678,0.017045454545454544,83.99719407356903,0.0032403162282709586,79.91265856344053,0.951372952928034,1.0252377757685693
external_references,bayes_uniform_volume,38,0.9,0.5,0.005,0.12,0.012345679012345678,0.012396694214876032,101.3102952712141,0.003558621489973577,95.9186151481016,0.946780530955135,1.0277212598655474
external_references,bayes_uniform_volume,39,0.9,0.5,0.02,0.01,0.012345679012345678,0.017045454545454544,119.34630469077312,0.003862419977986164,117.79988081251153,0.9870425491407683,1.0065423738964385
external_references,bayes_uniform_volume,40,0.9,0.5,0.02,0.04,0.012345679012345678,0.062499999999999986,128.21748853813676,0.004003396816113424,127.63504648676746,0.9954573899550679,1.002279072672307
external_references,bayes_uniform_volume,41,0.9,0.5,0.02,0.12,0.012345679012345678,0.04545454545454544,156.16659840447937,0.004418237748306435,155.47374490825197,0.9955633694829359,1.002225724039173
external_references,bayes_uniform_volume,42,0.9,0.5,0.06,0.01,0.012345679012345678,0.012396694214876032,243.50214956893345,0.005517043474191289,239.4012487663253,0.9831586669363376,1.0085285430284165
external_references,bayes_uniform_volume,43,0.9,0.5,0.06,0.04,0.012345679012345678,0.04545454545454544,262.74959762534877,0.005730942304993883,260.5000485458059,0.9914384299733525,1.0043084702891494
external_references,bayes_uniform_volume,44,0.9,0.5,0.06,0.12,0.012345679012345678,0.033057851239669415,324.7446844158574,0.006371270324823941,323.62249449305466,0.9965443932521287,1.001732294264844
external_references,bayes_uniform_volume,45,0.9,0.9,0.005,0.01,0.012345679012345678,0.0026564344746162934,88.17991900745177,0.003320013535504256,81.607829767594,0.9254695477855633,1.0394866915773322
external_references,bayes_uniform_volume,46,0.9,0.9,0.005,0.04,0.012345679012345678,0.009740259740259742,93.82351092531006,0.0034246078411496635,87.70206322042888,0.9347557169358727,1.0343105035431615
external_references,bayes_uniform_volume,47,0.9,0.9,0.005,0.12,0.012345679012345678,0.0070838252656434475,111.04315786767297,0.003725640177668681,103.78404461301496,0.934628000553546,1.034381170098814
external_references,bayes_uniform_volume,48,0.9,0.9,0.02,0.01,0.012345679012345678,0.009740259740259742,128.85917108417158,0.004013402096167471,126.31240857961266,0.9802360787894921,1.0100308953111004
external_references,bayes_uniform_volume,49,0.9,0.9,0.02,0.04,0.012345679012345678,0.03571428571428571,137.55611278525427,0.004146626833723621,136.09855141374862,0.9894038778648745,1.005340540508573
external_references,bayes_uniform_volume,50,0.9,0.9,0.02,0.12,0.012345679012345678,0.025974025974025972,164.60521079702343,0.00453603916976341,163.27985115405932,0.9919482522057067,1.0040503496707462
external_references,bayes_uniform_volume,51,0.9,0.9,0.06,0.01,0.012345679012345678,0.0070838252656434475,247.83093944570157,0.005565866278551138,244.0093762401275,0.9845799591684501,1.0078003485094167
external_references,bayes_uniform_volume,52,0.9,0.9,0.06,0.04,0.012345679012345678,0.025974025974025972,265.7881184313692,0.005763984282067496,263.80083296171813,0.9925230462468388,1.003759572675333
external_references,bayes_uniform_volume,53,0.9,0.9,0.06,0.12,0.012345679012345678,0.018890200708382526,322.92700873859525,0.0063534145223119514,321.84072344859896,0.9966361274820601,1.001686191553571
external_references,bayes_uniform_volume,54,1.3,0.2,0.005,0.01,0.012345679012345678,0.001138471917692697,224.06968100434787,0.005292325587635693,214.6966487526421,0.9581691185987634,1.0215953681450123
external_references,bayes_uniform_volume,55,1.3,0.2,0.005,0.04,0.012345679012345678,0.004174397031539889,243.568562284532,0.005517795781429981,234.03792026053054,0.9608708039551183,1.0201581447096397
external_references,bayes_uniform_volume,56,1.3,0.2,0.005,0.12,0.012345679012345678,0.0030359251138471917,303.71258574530844,0.006161499267074821,284.46283031795673,0.936618512597649,1.0332814463380748
external_references,bayes_uniform_volume,57,1.3,0.2,0.02,0.01,0.012345679012345678,0.004174397031539889,329.0674629108696,0.006413535130008933,327.21911736614,0.9943830802098163,1.0028203467180714
external_references,bayes_uniform_volume,58,1.3,0.2,0.02,0.04,0.012345679012345678,0.015306122448979588,357.1230985392478,0.006681346220441355,357.0941328131321,0.999918891479621,1.0000405567273283
external_references,bayes_uniform_volume,59,1.3,0.2,0.02,0.12,0.012345679012345678,0.011131725417439701,445.3775461251371,0.007461380118023886,439.347051773484,0.9864598150398028,1.0068396287662806
external_references,bayes_uniform_volume,60,1.3,0.2,0.06,0.01,0.012345679012345678,0.0030359251138471917,647.2675252950934,0.008994911931858293,629.7541996638105,0.9729426783410794,1.0138095382352075
external_references,bayes_uniform_volume,61,1.3,0.2,0.06,0.04,0.012345679012345678,0.011131725417439701,703.3524782280613,0.009376516398882245,690.4333728360231,0.9816321036863551,1.009312433707854
external_references,bayes_uniform_volume,62,1.3,0.2,0.06,0.12,0.012345679012345678,0.00809580030359251,885.002147646478,0.010517854745898033,869.5725852468124,0.9825655085236821,1.0088329130313922
external_references,bayes_uniform_volume,63,1.3,0.5,0.005,0.01,0.012345679012345678,0.002656434474616293,272.3441845436499,0.005834639926161359,255.75444878587385,0.9390854047955002,1.0319233855475212
external_references,bayes_uniform_volume,64,1.3,0.5,0.005,0.04,0.012345679012345678,0.00974025974025974,294.5519110309811,0.0060678652653855655,278.14492998469336,0.9442985075572569,1.0290710206791982
external_references,bayes_uniform_volume,65,1.3,0.5,0.005,0.12,0.012345679012345678,0.007083825265643447,362.98054902018833,0.006735916316843875,337.0192449474109,0.9284774235345226,1.0378015761957708
external_references,bayes_uniform_volume,66,1.3,0.5,0.02,0.01,0.012345679012345678,0.00974025974025974,390.48077639753893,0.006986422335479896,385.84287067700154,0.9881225760629618,1.0059921435396415
external_references,bayes_uniform_volume,67,1.3,0.5,0.02,0.04,0.012345679012345678,0.035714285714285705,422.47983537799576,0.007267047503783739,420.35352065252914,0.9949670622183324,1.002526007830172
external_references,bayes_uniform_volume,68,1.3,0.5,0.02,0.12,0.012345679012345678,0.02597402597402597,522.972578740561,0.008085268847884412,515.9399619805664,0.986552608978217,1.006792276597373
external_references,bayes_uniform_volume,69,1.3,0.5,0.06,0.01,0.012345679012345678,0.007083825265643447,749.2506442263075,0.009677620085965786,739.2986783744449,0.986717441047863,1.0067081802903022
external_references,bayes_uniform_volume,70,1.3,0.5,0.06,0.04,0.012345679012345678,0.02597402597402597,812.7137453404677,0.010079147690532095,808.785128457522,0.9951660508937253,1.0024257726505772
external_references,bayes_uniform_volume,71,1.3,0.5,0.06,0.12,0.012345679012345678,0.018890200708382526,1017.1900955493969,0.011276025981864116,1013.5914584157842,0.9964621783584424,1.0017736182694947
external_references,bayes_uniform_volume,72,1.3,0.9,0.005,0.01,0.012345679012345678,0.001517962556923596,317.5486057008247,0.00630028378032316,290.5026448016035,0.9148289099253603,1.0455144986268117
external_references,bayes_uniform_volume,73,1.3,0.9,0.005,0.04,0.012345679012345678,0.0055658627087198514,340.94691483593056,0.006528274224823228,314.4250791822827,0.9222112460926339,1.0413213985830798
external_references,bayes_uniform_volume,74,1.3,0.9,0.005,0.12,0.012345679012345678,0.004047900151796256,412.2563513173274,0.007178582305348733,376.57365131941106,0.9134453601893687,1.0463059931390906
external_references,bayes_uniform_volume,75,1.3,0.9,0.02,0.01,0.012345679012345678,0.0055658627087198514,438.5066027092152,0.007403602186682635,427.3350198466971,0.9745235697855016,1.0129868935117177
external_references,bayes_uniform_volume,76,1.3,0.9,0.02,0.04,0.012345679012345678,0.020408163265306117,471.5369163182612,0.007677376800690627,463.4367298818094,0.9828217342987742,1.0087014009597988
external_references,bayes_uniform_volume,77,1.3,0.9,0.02,0.12,0.012345679012345678,0.014842300556586268,573.9728458875321,0.008470336813606736,561.9712865220156,0.9790903708224061,1.0106216794430565
external_references,bayes_uniform_volume,78,1.3,0.9,0.06,0.01,0.012345679012345678,0.004047900151796255,796.3321435344435,0.00997704956095766,787.7445034396444,0.9892160072093992,1.005436002479527
external_references,bayes_uniform_volume,79,1.3,0.9,0.06,0.04,0.012345679012345678,0.014842300556586268,858.8079370556345,0.010361032387361519,856.7243064576032,0.9975738107344759,1.0012153065031102
external_references,bayes_uniform_volume,80,1.3,0.9,0.06,0.12,0.012345679012345678,0.010794400404790013,1057.2024737493098,0.011495664801074522,1055.9275228584872,0.9987940333829328,1.000603529240513
external_references,minimax_absolute,0,0.6,0.2,0.005,0.01,0.012345679012345678,0.0008538539382695229,22.110467272311627,0.0016624705738866338,21.129616537329145,0.955638624778827,1.0229470462912416
external_references,minimax_absolute,1,0.6,0.2,0.005,0.04,0.012345679012345678,0.0031307977736549164,23.507664532444693,0.0017141931240544593,22.706121375595604,0.9659029013391432,1.0174972982178034
external_references,minimax_absolute,2,0.6,0.2,0.005,0.12,0.012345679012345678,0.002276943835385394,27.86095382939191,0.0018661777055452111,27.091013441076985,0.9723648948621897,1.0141106985379005
external_references,minimax_absolute,3,0.6,0.2,0.02,0.01,0.012345679012345678,0.0031307977736549164,38.68307862074616,0.0021989508470162014,37.99365492838793,0.9821776415699116,1.0090320899974583
external_references,minimax_absolute,4,0.6,0.2,0.02,0.04,0.012345679012345678,0.011479591836734691,41.36684841961978,0.0022739516381076515,40.99778934178603,0.9910783854237563,1.0044908791487728
external_references,minimax_absolute,5,0.6,0.2,0.02,0.12,0.012345679012345678,0.008348794063079775,49.91043814173791,0.0024977599499786283,49.82083295504935,0.998204680423079,1.0008988702892696
external_references,minimax_absolute,6,0.6,0.2,0.06,0.01,0.012345679012345678,0.0022769438353853937,90.00688287079541,0.0033542302185224893,87.39140951360635,0.9709414072150064,1.0148538151289703
external_references,minimax_absolute,7,0.6,0.2,0.06,0.04,0.012345679012345678,0.008348794063079775,96.88660715736223,0.0034800611912249877,94.78244514999722,0.9782822201220499,1.011039026296796
external_references,minimax_absolute,8,0.6,0.2,0.06,0.12,0.012345679012345678,0.006071850227694383,119.19143911669156,0.0038599131971569574,117.54758787420728,0.9862083111449397,1.0069680032399924
external_references,minimax_absolute,9,0.6,0.5,0.005,0.01,0.012345679012345678,0.0019923258559622196,26.338299462565416,0.0018144661564274702,24.75367350774656,0.9398356770500281,1.0315114103046474
external_references,minimax_absolute,10,0.6,0.5,0.005,0.04,0.012345679012345678,0.007305194805194804,27.905652119172576,0.0018676740922592924,26.51376139877502,0.9501215483353189,1.025912723666544
external_references,minimax_absolute,11,0.6,0.5,0.005,0.12,0.012345679012345678,0.005312868949232585,32.75890682662301,0.002023576871119028,31.396745416223943,0.958418593831341,1.0214623994552428
external_references,minimax_absolute,12,0.6,0.5,0.02,0.01,0.012345679012345678,0.007305194805194804,44.668791471798166,0.0023629640145323354,43.718213242625154,0.9787194101776144,1.0108131875240924
external_references,minimax_absolute,13,0.6,0.5,0.02,0.04,0.012345679012345678,0.02678571428571428,47.60613423684013,0.002439419352961892,47.00868140945842,0.9874500873267847,1.0063346435048606
external_references,minimax_absolute,14,0.6,0.5,0.02,0.12,0.012345679012345678,0.019480519480519477,56.88151646596272,0.0026664938699058243,56.609370086175545,0.9952155568856884,1.0024008400120819
external_references,minimax_absolute,15,0.6,0.5,0.06,0.01,0.012345679012345678,0.005312868949232584,99.3172020280597,0.003523442954484642,96.96554665682032,0.9763217718258417,1.012053597407116
external_references,minimax_absolute,16,0.6,0.5,0.06,0.04,0.012345679012345678,0.019480519480519477,106.47484133791754,0.0036481988935966325,104.6797775871991,0.9831409586700254,1.008537625760372
external_references,minimax_absolute,17,0.6,0.5,0.06,0.12,0.012345679012345678,0.01416765053128689,129.4667417559331,0.00402285255999914,128.19765720031086,0.9901976018056075,1.0049375286116065
external_references,minimax_absolute,18,0.6,0.9,0.005,0.01,0.012345679012345678,0.001138471917692697,27.23760124899207,0.0018451829600676483,25.421005876518247,0.9333056036811962,1.0351137159187802
external_references,minimax_absolute,19,0.6,0.9,0.005,0.04,0.012345679012345678,0.004174397031539889,28.672421454782317,0.0018931594443806865,27.075752169076875,0.9443134132140371,1.0290628988841708
external_references,minimax_absolute,20,0.6,0.9,0.005,0.12,0.012345679012345678,0.0030359251138471917,33.06492671343938,0.002033006600869737,31.57168529682578,0.9548391130712333,1.0233752268070546
external_references,minimax_absolute,21,0.6,0.9,0.02,0.01,0.012345679012345678,0.004174397031539889,44.296399942998974,0.002353093706777287,43.349041833463,0.9786132030874959,1.0108680368835459
external_references,minimax_absolute,22,0.6,0.9,0.02,0.04,0.012345679012345678,0.01530612244897959,46.92506316522049,0.002421906871795974,46.34681575146595,0.9876772160813386,1.0062189272199622
external_references,minimax_absolute,23,0.6,0.9,0.02,0.12,0.012345679012345678,0.011131725417439701,55.14706089628929,0.0026255252068940723,54.93356570849678,0.9961286207402057,1.0019413281651097
external_references,minimax_absolute,24,0.6,0.9,0.06,0.01,0.012345679012345678,0.0030359251138471917,93.34581769157447,0.003415878688045992,90.84386858847486,0.973196987664018,1.0136770686192123
external_references,minimax_absolute,25,0.6,0.9,0.06,0.04,0.012345679012345678,0.011131725417439701,99.56547251948703,0.0035278441100672062,97.55490818565949,0.9798066108365625,1.01025222897713
external_references,minimax_absolute,26,0.6,0.9,0.06,0.12,0.012345679012345678,0.00809580030359251,119.42738509759543,0.0038637317631015004,117.74709647018793,0.985930457859105,1.0071098842705122
external_references,minimax_absolute,27,0.9,0.2,0.005,0.01,0.012345679012345678,0.00199232585596222,65.25814407759967,0.0028560931374344146,62.06896722366254,0.951129826031448,1.0253688025457846
external_references,minimax_absolute,28,0.9,0.2,0.005,0.04,0.012345679012345678,0.007305194805194805,70.00703555001564,0.002958188540940546,67.25544815779207,0.9606955590876615,1.0202511863215233
external_references,minimax_absolute,29,0.9,0.2,0.005,0.12,0.012345679012345678,0.005312868949232586,84.7363393023192,0.0032545418130345014,81.12406899077521,0.957370470080655,1.0220213921169885
external_references,minimax_absolute,30,0.9,0.2,0.02,0.01,0.012345679012345678,0.007305194805194805,101.25604881121025,0.003557668632883237,99.98650532896596,0.9874620479749183,1.006328548865047
external_references,minimax_absolute,31,0.9,0.2,0.02,0.04,0.012345679012345678,0.026785714285714284,108.89118017780285,0.0036893627528646945,108.59480218664847,0.9972782185786724,1.0013636750620005
external_references,minimax_absolute,32,0.9,0.2,0.02,0.12,0.012345679012345678,0.01948051948051948,133.08238411996905,0.00407863923570057,132.9427619462325,0.9989508590888282,1.0005249835780323
external_references,minimax_absolute,33,0.9,0.2,0.06,0.01,0.012345679012345678,0.005312868949232586,211.87185225461263,0.0051462589841385345,206.1241179534376,0.972871647460429,1.0138465474697376
external_references,minimax_absolute,34,0.9,0.2,0.06,0.04,0.012345679012345678,0.01948051948051948,229.04781935508777,0.005350792223529705,225.05390544856158,0.9825629690875402,1.0088342166959845
external_references,minimax_absolute,35,0.9,0.2,0.06,0.12,0.012345679012345678,0.014167650531286893,284.88871575682873,0.005967502783376275,282.08996351001076,0.9901759806829032,1.0049485002769623
external_references,minimax_absolute,36,0.9,0.5,0.005,0.01,0.012345679012345678,0.0046487603305785125,79.3560224203223,0.003149524218440031,73.95183861808913,0.9318995126342268,1.0358943341643752
external_references,minimax_absolute,37,0.9,0.5,0.005,0.04,0.012345679012345678,0.017045454545454544,84.8150330844473,0.003256052692380133,79.91265856344053,0.9421992264493295,1.0302168013713762
external_references,minimax_absolute,38,0.9,0.5,0.005,0.12,0.012345679012345678,0.012396694214876032,101.69197770471001,0.003565318669220011,95.9186151481016,0.9432269615861644,1.0296553889973146
external_references,minimax_absolute,39,0.9,0.5,0.02,0.01,0.012345679012345678,0.017045454545454544,120.15446867828545,0.0038754752721164,117.79988081251153,0.9804036596251917,1.0099445691058302
external_references,minimax_absolute,40,0.9,0.5,0.02,0.04,0.012345679012345678,0.062499999999999986,128.86950772939696,0.004013563063684763,127.63504648676746,0.9904208430343224,1.0048242655813255
external_references,minimax_absolute,41,0.9,0.5,0.02,0.12,0.012345679012345678,0.04545454545454544,156.3530195956776,0.0044208740594434155,155.47374490825197,0.9943763498159524,1.002823740485677
external_references,minimax_absolute,42,0.9,0.5,0.06,0.01,0.012345679012345678,0.012396694214876032,243.93141337912076,0.005521904261429212,239.4012487663253,0.9814285312824608,1.0094171063855784
external_references,minimax_absolute,43,0.9,0.5,0.06,0.04,0.012345679012345678,0.04545454545454544,262.99763804771607,0.005733646724028653,260.5000485458059,0.9905033766825806,1.0047824012413882
external_references,minimax_absolute,44,0.9,0.5,0.06,0.12,0.012345679012345678,0.033057851239669415,324.44706518790287,0.0063683501119589725,323.62249449305466,0.9974585355106521,1.0012731595265845
external_references,minimax_absolute,45,0.9,0.9,0.005,0.01,0.012345679012345678,0.0026564344746162934,89.35172582776178,0.003342000258598168,81.607829767594,0.9133324399900764,1.0463706713572658
external_references,minimax_absolute,46,0.9,0.9,0.005,0.04,0.012345679012345678,0.009740259740259742,94.85004082349838,0.0034432913183373402,87.70206322042888,0.9246391720972392,1.039953344298743
external_references,minimax_absolute,47,0.9,0.9,0.005,0.12,0.012345679012345678,0.0070838252656434475,111.6337582977747,0.003735534739126627,103.78404461301496,0.9296833341056097,1.0371282813522924
external_references,minimax_absolute,48,0.9,0.9,0.02,0.01,0.012345679012345678,0.009740259740259742,129.94305796456163,0.004030245928671128,126.31240857961266,0.9720596895146247,1.0142698902626366
external_references,minimax_absolute,49,0.9,0.9,0.02,0.04,0.012345679012345678,0.03571428571428571,138.4794960041685,0.004160521241445723,136.09855141374862,0.9828065189495764,1.0087092090503815
external_references,minimax_absolute,50,0.9,0.9,0.02,0.12,0.012345679012345678,0.025974025974025972,165.04106667862766,0.004542040657549033,163.27985115405932,0.9893286225058286,1.0053787764510673
external_references,minimax_absolute,51,0.9,0.9,0.06,0.01,0.012345679012345678,0.0070838252656434475,248.45208519671408,0.005572836858332501,244.0093762401275,0.9821184476955827,1.0090624975409237
external_references,minimax_absolute,52,0.9,0.9,0.06,0.04,0.012345679012345678,0.025974025974025972,266.1895413593477,0.00576833534652056,263.80083296171813,0.9910262875639998,1.004517281645789
external_references,minimax_absolute,53,0.9,0.9,0.06,0.12,0.012345679012345678,0.018890200708382526,322.6436508942449,0.006350626454278398,321.84072344859896,0.99751141098416,1.0012466217379208
external_references,minimax_absolute,54,1.3,0.2,0.005,0.01,0.012345679012345678,0.001138471917692697,226.49147094678636,0.005320848980035826,214.6966487526421,0.9479237688516958,1.0271013342986888
external_references,minimax_absolute,55,1.3,0.2,0.005,0.04,0.012345679012345678,0.004174397031539889,245.08229141861295,0.005534915214104604,234.03792026053054,0.9549360702719314,1.0233232724830528
external_references,minimax_absolute,56,1.3,0.2,0.005,0.12,0.012345679012345678,0.0030359251138471917,302.5138389478201,0.006149327594825105,284.46283031795673,0.9403299740182236,1.031240260814651
external_references,minimax_absolute,57,1.3,0.2,0.02,0.01,0.012345679012345678,0.004174397031539889,330.37269789016585,0.006426242077316317,327.21911736614,0.9904544759776902,1.00480720498675
external_references,minimax_absolute,58,1.3,0.2,0.02,0.04,0.012345679012345678,0.015306122448979588,357.43812167123343,0.006684292423952155,357.0941328131321,0.9990376268303643,1.0004815341743822
external_references,minimax_absolute,59,1.3,0.2,0.02,0.12,0.012345679012345678,0.011131725417439701,442.72233587171945,0.007439105590322329,439.347051773484,0.9923760699997448,1.003833901025939
external_references,minimax_absolute,60,1.3,0.2,0.06,0.01,0.012345679012345678,0.0030359251138471917,645.7576387408534,0.008984414552023224,629.7541996638105,0.9752175768168262,1.012626386706444
external_references,minimax_absolute,61,1.3,0.2,0.06,0.04,0.012345679012345678,0.011131725417439701,700.6467912479684,0.00935846402493465,690.4333728360231,0.9854228713532627,1.0073692295680499
external_references,minimax_absolute,62,1.3,0.2,0.06,0.12,0.012345679012345678,0.00809580030359251,878.6849373813401,0.010480248907953833,869.5725852468124,0.9896295569129883,1.005225903051051
external_references,minimax_absolute,63,1.3,0.5,0.005,0.01,0.012345679012345678,0.002656434474616293,275.6809960082881,0.00587027465294734,255.75444878587385,0.9277188217144456,1.0382257980996943
external_references,minimax_absolute,64,1.3,0.5,0.005,0.04,0.012345679012345678,0.00974025974025974,297.0315998041437,0.0060933529337728306,278.14492998469336,0.9364152843269746,1.0333935657217912
external_references,minimax_absolute,65,1.3,0.5,0.005,0.12,0.012345679012345678,0.007083825265643447,362.9036966784899,0.006735203195510232,337.0192449474109,0.9286740477763417,1.0376917057031367
external_references,minimax_absolute,66,1.3,0.5,0.02,0.01,0.012345679012345678,0.00974025974025974,393.23438681467917,0.007011012648101192,385.84287067700154,0.9812032813367335,1.0095329631632393
external_references,minimax_absolute,67,1.3,0.5,0.02,0.04,0.012345679012345678,0.035714285714285705,424.3298430047898,0.007282941052596727,420.35352065252914,0.9906291711087223,1.004718603383379
external_references,minimax_absolute,68,1.3,0.5,0.02,0.12,0.012345679012345678,0.02597402597402597,522.1198100246634,0.00807867416430957,515.9399619805664,0.9881639272721618,1.0059710946905411
external_references,minimax_absolute,69,1.3,0.5,0.06,0.01,0.012345679012345678,0.007083825265643447,750.5734425203483,0.009686159213797983,739.2986783744449,0.9849784664535373,1.0075964575490555
external_references,minimax_absolute,70,1.3,0.5,0.06,0.04,0.012345679012345678,0.02597402597402597,813.011164482591,0.01008099179447756,808.785128457522,0.9948019950897495,1.0026091787657705
external_references,minimax_absolute,71,1.3,0.5,0.06,0.12,0.012345679012345678,0.018890200708382526,1014.3959054024878,0.011260527881734097,1013.5914584157842,0.999206969406699,1.000396751289184
external_references,minimax_absolute,72,1.3,0.9,0.005,0.01,0.012345679012345678,0.001517962556923596,321.82698049096274,0.006342584060252599,290.5026448016035,0.9026671547501317,1.0525341119496792
external_references,minimax_absolute,73,1.3,0.9,0.005,0.04,0.012345679012345678,0.0055658627087198514,344.39338061832075,0.006561186826885064,314.4250791822827,0.9129823535451429,1.0465712694723448
external_references,minimax_absolute,74,1.3,0.9,0.005,0.12,0.012345679012345678,0.004047900151796256,413.20896543335573,0.007186871411064029,376.57365131941106,0.911339498465327,1.0475141621923612
external_references,minimax_absolute,75,1.3,0.9,0.02,0.01,0.012345679012345678,0.0055658627087198514,442.6513687746198,0.0074385093329797924,427.3350198466971,0.9653986183973121,1.0177630120547319
external_references,minimax_absolute,76,1.3,0.9,0.02,0.04,0.012345679012345678,0.020408163265306117,474.8018548344678,0.007703910166552338,463.4367298818094,0.9760634360693038,1.012187519201967
external_references,minimax_absolute,77,1.3,0.9,0.02,0.12,0.012345679012345678,0.014842300556586268,574.57842062202,0.008474803984621266,561.9712865220156,0.9780584622611543,1.0111546712204096
external_references,minimax_absolute,78,1.3,0.9,0.06,0.01,0.012345679012345678,0.004047900151796255,799.4550914777913,0.009996593741606384,787.7445034396444,0.9853517875325556,1.0074055649982987
external_references,minimax_absolute,79,1.3,0.9,0.06,0.04,0.012345679012345678,0.014842300556586268,860.8554755729122,0.01037337623180679,856.7243064576032,0.9952010886466632,1.0024081264401248
external_references,minimax_absolute,80,1.3,0.9,0.06,0.12,0.012345679012345678,0.010794400404790013,1055.9275228584866,0.011488731015969988,1055.9275228584872,1.0000000000000007,0.9999999999999998
external_references,minimax_relative,0,0.6,0.2,0.005,0.01,0.012345679012345678,0.0008538539382695229,21.5496359378058,0.0016412508925285386,21.129616537329145,0.9805092113069164,1.0098902074458131
external_references,minimax_relative,1,0.6,0.2,0.005,0.04,0.012345679012345678,0.0031307977736549164,22.939466795429592,0.0016933497422058738,22.706121375595604,0.9898277749036225,1.0051252472399674
external_references,minimax_relative,2,0.6,0.2,0.005,0.12,0.012345679012345678,0.002276943835385394,27.269310990532418,0.001846256719369371,27.091013441076985,0.9934616041631071,1.0032853172538374
external_references,minimax_relative,3,0.6,0.2,0.02,0.01,0.012345679012345678,0.0031307977736549164,39.011266987585955,0.002208259127332715,37.99365492838793,0.973914919002199,1.0133033785325336
external_references,minimax_relative,4,0.6,0.2,0.02,0.04,0.012345679012345678,0.011479591836734691,41.73636554161646,0.0022840853076673945,40.99778934178603,0.9823037729748181,1.0089673062083826
external_references,minimax_relative,5,0.6,0.2,0.02,0.12,0.012345679012345678,0.008348794063079775,50.40894569103041,0.0025102028227573167,49.82083295504935,0.9883331672995948,1.0058849608491127
external_references,minimax_relative,6,0.6,0.2,0.06,0.01,0.012345679012345678,0.0022769438353853937,92.63519268793178,0.00340285161092744,87.39140951360635,0.9433931854388147,1.029564673467365
external_references,minimax_relative,7,0.6,0.2,0.06,0.04,0.012345679012345678,0.008348794063079775,99.68635413750184,0.003529985023649212,94.78244514999722,0.9508066171149119,1.025543065205786
external_references,minimax_relative,8,0.6,0.2,0.06,0.12,0.012345679012345678,0.006071850227694383,122.53278121132288,0.00391364250429384,117.54758787420728,0.9593154314475404,1.0209848192562037
external_references,minimax_relative,9,0.6,0.5,0.005,0.01,0.012345679012345678,0.0019923258559622196,25.51273305771684,0.001785802797683609,24.75367350774656,0.9702478151496714,1.0152164898966733
external_references,minimax_relative,10,0.6,0.5,0.005,0.04,0.012345679012345678,0.007305194805194804,27.061893799559318,0.0018392217715503792,26.51376139877502,0.9797452312523219,1.0102838738826905
external_references,minimax_relative,11,0.6,0.5,0.005,0.12,0.012345679012345678,0.005312868949232585,31.859752529679568,0.0019956124539123187,31.396745416223943,0.9854673349071277,1.007346503436162
external_references,minimax_relative,12,0.6,0.5,0.02,0.01,0.012345679012345678,0.007305194805194804,44.53154877500024,0.0023593311757519396,43.718213242625154,0.9817357456736001,1.0092591556705435
external_references,minimax_relative,13,0.6,0.5,0.02,0.04,0.012345679012345678,0.02678571428571428,47.49165478182369,0.002436484526470045,47.00868140945842,0.9898303528360077,1.0051239383557704
external_references,minimax_relative,14,0.6,0.5,0.02,0.12,0.012345679012345678,0.019480519480519477,56.842419052149616,0.002665577307361147,56.609370086175545,0.995900087120496,1.0020562815358454
external_references,minimax_relative,15,0.6,0.5,0.06,0.01,0.012345679012345678,0.005312868949232584,101.14252899699493,0.0035556737933371174,96.96554665682032,0.9587020180175769,1.0213113991735896
external_references,minimax_relative,16,0.6,0.5,0.06,0.04,0.012345679012345678,0.019480519480519477,108.45076288029428,0.0036818942624737045,104.6797775871991,0.9652285959734787,1.0178526462177406
external_references,minimax_relative,17,0.6,0.5,0.06,0.12,0.012345679012345678,0.01416765053128689,131.93176624266067,0.004060969192241254,128.19765720031086,0.9716966645054861,1.0144593377341349
external_references,minimax_relative,18,0.6,0.9,0.005,0.01,0.012345679012345678,0.001138471917692697,26.33052070291552,0.001814198194207138,25.421005876518247,0.9654577728766084,1.0177318319425859
external_references,minimax_relative,19,0.6,0.9,0.005,0.04,0.012345679012345678,0.004174397031539889,27.754855962120327,0.0018626210015097115,27.075752169076875,0.9755320728750929,1.012463146210674
external_references,minimax_relative,20,0.6,0.9,0.005,0.12,0.012345679012345678,0.0030359251138471917,32.119265076954015,0.002003723567416237,31.57168529682578,0.9829516715648289,1.008634728183364
external_references,minimax_relative,21,0.6,0.9,0.02,0.01,0.012345679012345678,0.004174397031539889,44.142676119209874,0.0023490071338549048,43.349041833463,0.9820211560440146,1.009112481660338
external_references,minimax_relative,22,0.6,0.9,0.02,0.04,0.012345679012345678,0.01530612244897959,46.819116174380696,0.002419171246893776,46.34681575146595,0.9899122311246621,1.0050823692513542
external_references,minimax_relative,23,0.6,0.9,0.02,0.12,0.012345679012345678,0.011131725417439701,55.20160800557374,0.0026268233668628573,54.93356570849678,0.9951443027339005,1.0024367262362766
external_references,minimax_relative,24,0.6,0.9,0.06,0.01,0.012345679012345678,0.0030359251138471917,95.67490691450882,0.003458231247952283,90.84386858847486,0.9495056908667726,1.0262453775947533
external_references,minimax_relative,25,0.6,0.9,0.06,0.04,0.012345679012345678,0.011131725417439701,102.13122014019638,0.0035730102879119375,97.55490818565949,0.955191840964448,1.0231862562239147
external_references,minimax_relative,26,0.6,0.9,0.06,0.12,0.012345679012345678,0.00809580030359251,122.7662453701681,0.003917369100719386,117.74709647018793,0.9591162140306051,1.0210908478034373
external_references,minimax_relative,27,0.9,0.2,0.005,0.01,0.012345679012345678,0.00199232585596222,63.35835159840293,0.0028142128472808106,62.06896722366254,0.9796493383711565,1.0103333184426133
external_references,minimax_relative,28,0.9,0.2,0.005,0.04,0.012345679012345678,0.007305194805194805,68.1308690011971,0.0029182800799699873,67.25544815779207,0.9871508927415905,1.006487136435598
external_references,minimax_relative,29,0.9,0.2,0.005,0.12,0.012345679012345678,0.005312868949232586,82.92381452685348,0.0032195460574212455,81.12406899077521,0.9782963971647078,1.0110317005030105
external_references,minimax_relative,30,0.9,0.2,0.02,0.01,0.012345679012345678,0.007305194805194805,101.79820720995026,0.0035671803852964576,99.98650532896596,0.9822030079837475,1.0090190602619453
external_references,minimax_relative,31,0.9,0.2,0.02,0.04,0.012345679012345678,0.026785714285714284,109.59496473813381,0.0037012660796363625,108.59480218664847,0.9908740100069822,1.0045944658082577
external_references,minimax_relative,32,0.9,0.2,0.02,0.12,0.012345679012345678,0.01948051948051948,134.281308801757,0.004096970051174358,132.9427619462325,0.9900317708587378,1.005021688922881
external_references,minimax_relative,33,0.9,0.2,0.06,0.01,0.012345679012345678,0.005312868949232586,218.8903038145944,0.005230801848361712,206.1241179534376,0.941677700479734,1.0305020425138176
external_references,minimax_relative,34,0.9,0.2,0.06,0.04,0.012345679012345678,0.01948051948051948,236.5989641169761,0.005438278267487056,225.05390544856158,0.9512041030631623,1.0253287675849974
external_references,minimax_relative,35,0.9,0.2,0.06,0.12,0.012345679012345678,0.014167650531286893,294.1006419371625,0.00606321533859266,282.08996351001076,0.9591613321615329,1.0210668318997524
external_references,minimax_relative,36,0.9,0.5,0.005,0.01,0.012345679012345678,0.0046487603305785125,76.58075495447942,0.0030939609514843472,73.95183861808913,0.9656713186236809,1.0176192965920132
external_references,minimax_relative,37,0.9,0.5,0.005,0.04,0.012345679012345678,0.017045454545454544,82.01938048086036,0.0032019404366895312,79.91265856344053,0.9743143400368471,1.0130956549283157
external_references,minimax_relative,38,0.9,0.5,0.005,0.12,0.012345679012345678,0.012396694214876032,98.82659496134416,0.003514729629739394,95.9186151481016,0.970574926573358,1.0150453970279822
external_references,minimax_relative,39,0.9,0.5,0.02,0.01,0.012345679012345678,0.017045454545454544,119.17092154528424,0.003859580960824702,117.79988081251153,0.9884951738646098,1.0058025291645043
external_references,minimax_relative,40,0.9,0.5,0.02,0.04,0.012345679012345678,0.062499999999999986,127.96719200578187,0.003999487342238094,127.63504648676746,0.9974044478603594,1.0013003078807106
external_references,minimax_relative,41,0.9,0.5,0.02,0.12,0.012345679012345678,0.04545454545454544,155.7020488626435,0.004411661377285256,155.47374490825197,0.9985337125872189,1.0007339509423587
external_references,minimax_relative,42,0.9,0.5,0.06,0.01,0.012345679012345678,0.012396694214876032,247.9316522808315,0.005566997084165209,239.4012487663253,0.965593729416832,1.0176601806023606
external_references,minimax_relative,43,0.9,0.5,0.06,0.04,0.012345679012345678,0.04545454545454544,267.38562578648333,0.005781280413827927,260.5000485458059,0.9742485138442865,1.0131298798218042
external_references,minimax_relative,44,0.9,0.5,0.06,0.12,0.012345679012345678,0.033057851239669415,330.0710357928944,0.00642330751825816,323.62249449305466,0.9804631712553963,1.0099139181025365
external_references,minimax_relative,45,0.9,0.9,0.005,0.01,0.012345679012345678,0.0026564344746162934,85.85298761045348,0.003275915666085848,81.607829767594,0.9505531728013785,1.0256797754617362
external_references,minimax_relative,46,0.9,0.9,0.005,0.04,0.012345679012345678,0.009740259740259742,91.32515709824197,0.0033787045797583795,87.70206322042888,0.9603275374175859,1.0204466605555356
external_references,minimax_relative,47,0.9,0.9,0.005,0.12,0.012345679012345678,0.0070838252656434475,108.03511906571849,0.003674831953057828,103.78404461301496,0.9606509948851208,1.0202748505624748
external_references,minimax_relative,48,0.9,0.9,0.02,0.01,0.012345679012345678,0.009740259740259742,127.8871642643054,0.003998236552911568,126.31240857961266,0.9876863663859324,1.006214266210501
external_references,minimax_relative,49,0.9,0.9,0.02,0.04,0.012345679012345678,0.03571428571428571,136.519563526997,0.004130973909488491,136.09855141374862,0.9969161041657951,1.0015455235123232
external_references,minimax_relative,50,0.9,0.9,0.02,0.12,0.012345679012345678,0.025974025974025972,163.40843911914934,0.004519519320668257,163.27985115405932,0.9992130885908759,1.0003936880680289
external_references,minimax_relative,51,0.9,0.9,0.06,0.01,0.012345679012345678,0.0070838252656434475,251.57736571618588,0.0056077776983867,244.0093762401275,0.969917844339796,1.0153891660272891
external_references,minimax_relative,52,0.9,0.9,0.06,0.04,0.012345679012345678,0.025974025974025972,269.8467707484932,0.005807826301083879,263.80083296171813,0.9775949225925327,1.011394369045271
external_references,minimax_relative,53,0.9,0.9,0.06,0.12,0.012345679012345678,0.018890200708382526,328.05519665112354,0.006403662981559105,321.84072344859896,0.981056623196451,1.0096084178773779
external_references,minimax_relative,54,1.3,0.2,0.005,0.01,0.012345679012345678,0.001138471917692697,219.47397815389,0.005237771211998119,214.6966487526421,0.978232820849959,1.0110645539423497
external_references,minimax_relative,55,1.3,0.2,0.005,0.04,0.012345679012345678,0.004174397031539889,238.32658577238234,0.005458097032991241,234.03792026053054,0.9820050897890689,1.0091207365015076
external_references,minimax_relative,56,1.3,0.2,0.005,0.12,0.012345679012345678,0.0030359251138471917,296.5140163927741,0.006088041725308456,284.46283031795673,0.9593571116083298,1.0209626401984087
external_references,minimax_relative,57,1.3,0.2,0.02,0.01,0.012345679012345678,0.004174397031539889,331.29689593660726,0.006435224315598945,327.21911736614,0.9876914676216962,1.0062116677559245
external_references,minimax_relative,58,1.3,0.2,0.02,0.04,0.012345679012345678,0.015306122448979588,359.08651408095517,0.006699687624070199,357.0941328131321,0.9944515285601233,1.0027858339350912
external_references,minimax_relative,59,1.3,0.2,0.02,0.12,0.012345679012345678,0.011131725417439701,446.57532038192375,0.007471406497289548,439.347051773484,0.983813998941415,1.0081925897223005
external_references,minimax_relative,60,1.3,0.2,0.06,0.01,0.012345679012345678,0.0030359251138471917,668.0782126825602,0.009138368376538562,629.7541996638105,0.9426354395470168,1.0299784027043586
external_references,minimax_relative,61,1.3,0.2,0.06,0.04,0.012345679012345678,0.011131725417439701,724.959833008904,0.009519452669461255,690.4333728360231,0.9523746577385112,1.024698462909533
external_references,minimax_relative,62,1.3,0.2,0.06,0.12,0.012345679012345678,0.00809580030359251,909.1881033420011,0.010660605654358956,869.5725852468124,0.9564275885819781,1.0225250411601512
external_references,minimax_relative,63,1.3,0.5,0.005,0.01,0.012345679012345678,0.002656434474616293,265.6117199950243,0.0057620712421296945,255.75444878587385,0.962888417689795,1.019088776547073
external_references,minimax_relative,64,1.3,0.5,0.005,0.04,0.012345679012345678,0.00974025974025974,287.05477515767757,0.005990145815813643,278.14492998469336,0.9689611671915576,1.0158903006401678
external_references,minimax_relative,65,1.3,0.5,0.005,0.12,0.012345679012345678,0.007083825265643447,353.16416608369303,0.006644209566266076,337.0192449474109,0.9542849397340724,1.0236723314396503
external_references,minimax_relative,66,1.3,0.5,0.02,0.01,0.012345679012345678,0.00974025974025974,388.93518706953694,0.006972581902257737,385.84287067700154,0.9920492758296447,1.0039992255028993
external_references,minimax_relative,67,1.3,0.5,0.02,0.04,0.012345679012345678,0.035714285714285705,420.4495099197074,0.007249564727620785,420.35352065252914,0.9997716984681547,1.000114170315238
external_references,minimax_relative,68,1.3,0.5,0.02,0.12,0.012345679012345678,0.02597402597402597,519.5027407747249,0.008058401987791414,515.9399619805664,0.9931419441813812,1.0034467666648086
external_references,minimax_relative,69,1.3,0.5,0.06,0.01,0.012345679012345678,0.007083825265643447,762.1953970687211,0.009760861879649262,739.2986783744449,0.9699595159163473,1.0153673541263075
external_references,minimax_relative,70,1.3,0.5,0.06,0.04,0.012345679012345678,0.02597402597402597,826.0142757741087,0.010161288524186466,808.785128457522,0.979141828631908,1.0105951229935126
external_references,minimax_relative,71,1.3,0.5,0.06,0.12,0.012345679012345678,0.018890200708382526,1031.7324029677945,0.011356344058321513,1013.5914584157842,0.9824170060959339,1.0089091578819949
external_references,minimax_relative,72,1.3,0.9,0.005,0.01,0.012345679012345678,0.001517962556923596,308.4947691270678,0.0062098185272102336,290.5026448016035,0.9416777004797334,1.0305020425138178
external_references,minimax_relative,73,1.3,0.9,0.005,0.04,0.012345679012345678,0.0055658627087198514,331.06540897805303,0.006432975681770967,314.4250791822827,0.9497370327901775,1.026120380868969
external_references,minimax_relative,74,1.3,0.9,0.005,0.12,0.012345679012345678,0.004047900151796256,399.89653692294837,0.007070153259680341,376.57365131941106,0.941677700479734,1.0305020425138176
external_references,minimax_relative,75,1.3,0.9,0.02,0.01,0.012345679012345678,0.0055658627087198514,432.9833178135326,0.00735682776247287,427.3350198466971,0.9869549293599621,1.0065870522612952
external_references,minimax_relative,76,1.3,0.9,0.02,0.04,0.012345679012345678,0.020408163265306117,465.4631726315632,0.007627771403165239,463.4367298818094,0.9956463950986777,1.0021839360394205
external_references,minimax_relative,77,1.3,0.9,0.02,0.12,0.012345679012345678,0.014842300556586268,566.3354593654796,0.008413794175084446,561.9712865220156,0.992294014490363,1.0038754050550365
external_references,minimax_relative,78,1.3,0.9,0.06,0.01,0.012345679012345678,0.004047900151796255,803.5213562560924,0.010021984311103842,787.7445034396444,0.9803653596838318,1.0099642966694435
external_references,minimax_relative,79,1.3,0.9,0.06,0.04,0.012345679012345678,0.014842300556586268,866.4979994108446,0.010407317133937813,856.7243064576032,0.9887204667986692,1.0056879299828256
external_references,minimax_relative,80,1.3,0.9,0.06,0.12,0.012345679012345678,0.010794400404790013,1066.788086529436,0.011547662569376518,1055.9275228584872,0.9898193804298272,1.0051295093709312
hybrid,center_local,0,0.6,0.2,0.005,0.01,0.012345679012345678,0.0008538539382695229,21.480750143801682,0.001638625572843049,21.12961666628759,0.9836535747046332,1.0082747995250911
hybrid,center_local,1,0.6,0.2,0.005,0.04,0.012345679012345678,0.0031307977736549164,22.946368080739948,0.0016936044432193998,22.70612150898301,0.9895300828910442,1.0052764277154271
hybrid,center_local,2,0.6,0.2,0.005,0.12,0.012345679012345678,0.002276943835385394,27.502586219324506,0.001854136801159926,27.091013588592613,0.98503512988016,1.0075674765070093
hybrid,center_local,3,0.6,0.2,0.02,0.01,0.012345679012345678,0.0031307977736549164,38.57911596381289,0.0021959939652641605,37.993655071240106,0.9848244088039253,1.007675264425924
hybrid,center_local,4,0.6,0.2,0.02,0.04,0.012345679012345678,0.011479591836734691,41.35911893612899,0.002273739181835974,40.99778948435059,0.991263608580821,1.0043970273910598
hybrid,center_local,5,0.6,0.2,0.02,0.12,0.012345679012345678,0.008348794063079775,50.19177108562403,0.002504789688916617,49.820833107011,0.9926095857828918,1.0037158159041115
hybrid,center_local,6,0.6,0.2,0.06,0.01,0.012345679012345678,0.0022769438353853937,91.17870224573218,0.003375994339556351,84.91655785077624,0.9313200973394086,1.0362165218295118
hybrid,center_local,7,0.6,0.2,0.06,0.04,0.012345679012345678,0.008348794063079775,98.22206597533568,0.003503963219972059,91.94445395584246,0.9360875587663817,1.0335744461562608
hybrid,center_local,8,0.6,0.2,0.06,0.12,0.012345679012345678,0.006071850227694383,121.02717444613849,0.003889523981898982,114.51145947676602,0.9461632067410432,1.0280564735811264
hybrid,center_local,9,0.6,0.5,0.005,0.01,0.012345679012345678,0.0019923258559622196,25.460338466017753,0.0017839681354363422,24.753673696766793,0.9722444864511854,1.0141734932768292
hybrid,center_local,10,0.6,0.5,0.005,0.04,0.012345679012345678,0.007305194805194804,27.085988297829473,0.0018400403629346516,26.513761593415257,0.9788737003751836,1.0107335221329465
hybrid,center_local,11,0.6,0.5,0.005,0.12,0.012345679012345678,0.005312868949232585,32.11231553778518,0.002003506786168479,31.39674562816601,0.9777166517694064,1.01133140599961
hybrid,center_local,12,0.6,0.5,0.02,0.01,0.012345679012345678,0.007305194805194804,44.14298732703359,0.002349015414142529,43.7182135175921,0.9903773207215327,1.004846343931983
hybrid,center_local,13,0.6,0.5,0.02,0.04,0.012345679012345678,0.02678571428571428,47.15958953018785,0.002427951542200437,47.00868168738929,0.9968000602994654,1.0016038199737236
hybrid,center_local,14,0.6,0.5,0.02,0.12,0.012345679012345678,0.019480519480519477,56.675027176416215,0.002661649563156658,56.60937038387933,0.9988415216399895,1.0005797429434027
hybrid,center_local,15,0.6,0.5,0.06,0.01,0.012345679012345678,0.005312868949232584,99.77163961396741,0.0035314947192011947,96.96554694869202,0.9718748466384575,1.0143663387152813
hybrid,center_local,16,0.6,0.5,0.06,0.04,0.012345679012345678,0.019480519480519477,107.07393879312289,0.0036584480793282227,104.67977786140983,0.977640115244674,1.0113709922824825
hybrid,center_local,17,0.6,0.5,0.06,0.12,0.012345679012345678,0.01416765053128689,130.51845031854194,0.004039159106771822,128.1976574723201,0.9822186607291326,1.0090110203101532
hybrid,center_local,18,0.6,0.9,0.005,0.01,0.012345679012345678,0.001138471917692697,26.287456931776237,0.001812714019494534,25.42100611923478,0.9670393825165304,1.0168992323615516
hybrid,center_local,19,0.6,0.9,0.005,0.04,0.012345679012345678,0.004174397031539889,27.787910162370252,0.0018637298007748552,27.075752416394806,0.9743716694845288,1.0130658505577088
hybrid,center_local,20,0.6,0.9,0.005,0.12,0.012345679012345678,0.0030359251138471917,32.37938013899428,0.00201182069712345,31.57168555814307,0.9750552797062811,1.0127106585942987
hybrid,center_local,21,0.6,0.9,0.02,0.01,0.012345679012345678,0.004174397031539889,43.76315616849293,0.002338887453697081,43.34904223250518,0.990537384132137,1.0047651528362989
hybrid,center_local,22,0.6,0.9,0.02,0.04,0.012345679012345678,0.01530612244897959,46.49370069813778,0.002410749382923746,46.34681615283882,0.996840764596206,1.0015833703709636
hybrid,center_local,23,0.6,0.9,0.02,0.12,0.012345679012345678,0.011131725417439701,55.03272817250853,0.002622802131607256,54.9335661275661,0.9981981259473165,1.0009021563887153
hybrid,center_local,24,0.6,0.9,0.06,0.01,0.012345679012345678,0.0030359251138471917,94.25682332379198,0.0034325067975859856,90.84386936146439,0.9637909082655652,1.0186115291405562
hybrid,center_local,25,0.6,0.9,0.06,0.04,0.012345679012345678,0.011131725417439701,100.69762688200738,0.0035478448895422308,97.55490894531974,0.9687905461727501,1.015979754757849
hybrid,center_local,26,0.6,0.9,0.06,0.12,0.012345679012345678,0.00809580030359251,121.26485553020929,0.0038933413594592708,117.74709723974549,0.9709911146549177,1.0148278383564229
hybrid,center_local,27,0.9,0.2,0.005,0.01,0.012345679012345678,0.00199232585596222,63.30467812665292,0.0028130205768589064,62.06896776899514,0.9804799519683915,1.0099052758309184
hybrid,center_local,28,0.9,0.2,0.005,0.04,0.012345679012345678,0.007305194805194805,68.58221885645816,0.0029279305587833313,67.25544872327606,0.9806543130959497,1.009815490853622
hybrid,center_local,29,0.9,0.2,0.005,0.12,0.012345679012345678,0.005312868949232586,84.88912685224317,0.0032574746133362874,81.12406961011854,0.9556473557717464,1.0229423733521266
hybrid,center_local,30,0.9,0.2,0.02,0.01,0.012345679012345678,0.007305194805194805,100.84544136991808,0.00355044788318879,99.98650614211468,0.9914826568644518,1.0042860705344088
hybrid,center_local,31,0.9,0.2,0.02,0.04,0.012345679012345678,0.026785714285714284,109.1056762969702,0.00369299465706644,108.59480301544006,0.9953176287534334,1.0023494395614363
hybrid,center_local,32,0.9,0.2,0.02,0.12,0.012345679012345678,0.01948051948051948,135.17620413129035,0.004110599167568068,132.94276283721481,0.9834775557693106,1.0083650240123865
hybrid,center_local,33,0.9,0.2,0.06,0.01,0.012345679012345678,0.005312868949232586,215.40248701808167,0.005188960481373915,206.1241192844922,0.956925438224812,1.0222590173223762
hybrid,center_local,34,0.9,0.2,0.06,0.04,0.012345679012345678,0.01948051948051948,233.4492005350991,0.005401957984554062,225.05390675703515,0.9640380272932153,1.0184809666436525
hybrid,center_local,35,0.9,0.2,0.06,0.12,0.012345679012345678,0.014167650531286893,291.93856661739636,0.006040887420501606,282.0899648477501,0.9662648142595237,1.0173067293897076
hybrid,center_local,36,0.9,0.5,0.005,0.01,0.012345679012345678,0.0046487603305785125,76.58043832969473,0.0030939545554535606,73.95183930404627,0.9656753201864452,1.0176171881857927
hybrid,center_local,37,0.9,0.5,0.005,0.04,0.012345679012345678,0.017045454545454544,82.52675587848746,0.0032118288380315243,79.91265927287736,0.9683242534159576,1.0162243458544549
hybrid,center_local,38,0.9,0.5,0.005,0.12,0.012345679012345678,0.012396694214876032,100.85606371188037,0.0035506348677363385,95.91861592063746,0.9510446114043484,1.0254147385943846
hybrid,center_local,39,0.9,0.5,0.02,0.01,0.012345679012345678,0.017045454545454544,118.3682321887193,0.003846560674627389,117.79988185381697,0.9951984554944084,1.0024094525532523
hybrid,center_local,40,0.9,0.5,0.02,0.04,0.012345679012345678,0.062499999999999986,127.635047547787,0.003994293547484132,127.635047547787,1.0,1.0
hybrid,center_local,41,0.9,0.5,0.02,0.12,0.012345679012345678,0.04545454545454544,156.77534639186365,0.004426840667901089,155.47374604637974,0.9916976720164246,1.0041771923782756
hybrid,center_local,42,0.9,0.5,0.06,0.01,0.012345679012345678,0.012396694214876032,244.79486205290962,0.00553166862317454,239.40125064191545,0.9779668112077107,1.0112020507524186
hybrid,center_local,43,0.9,0.5,0.06,0.04,0.012345679012345678,0.04545454545454544,264.60023249798417,0.005751089380478104,260.50005040696215,0.9845042385174274,1.0078391039704084
hybrid,center_local,44,0.9,0.5,0.06,0.12,0.012345679012345678,0.033057851239669415,328.31175532772835,0.00640616651484849,323.6224964228155,0.9857170545104853,1.0072188957711592
hybrid,center_local,45,0.9,0.9,0.005,0.01,0.012345679012345678,0.0026564344746162934,85.91385406282512,0.0032770767091804764,81.6078305586713,0.9498797539567365,1.0260432897431437
hybrid,center_local,46,0.9,0.9,0.005,0.04,0.012345679012345678,0.009740259740259742,91.89463889009993,0.003389222604265245,87.70206403299994,0.9543762845391445,1.0236233416498668
hybrid,center_local,47,0.9,0.9,0.005,0.12,0.012345679012345678,0.0070838252656434475,110.12864015399204,0.0037102668393592672,103.7840454829655,0.94238923987298,1.030112935112225
hybrid,center_local,48,0.9,0.9,0.02,0.01,0.012345679012345678,0.009740259740259742,127.22963386660324,0.003987944863375797,126.31240976661687,0.9927907982432139,1.003624208430829
hybrid,center_local,49,0.9,0.9,0.02,0.04,0.012345679012345678,0.03571428571428571,136.3313662172915,0.004128125576718983,136.09855261601533,0.9982922961330476,1.0008549470867716
hybrid,center_local,50,0.9,0.9,0.02,0.12,0.012345679012345678,0.025974025974025972,164.6188728848031,0.004536227409489122,163.27985242280886,0.9918659359128813,1.0040920125532342
hybrid,center_local,51,0.9,0.9,0.06,0.01,0.012345679012345678,0.0070838252656434475,248.6082499615082,0.0055745879888282794,244.0093783898649,0.9815015327433609,1.009379566814211
hybrid,center_local,52,0.9,0.9,0.06,0.04,0.012345679012345678,0.025974025974025972,267.21105422963416,0.0057793928555432425,263.80083508798623,0.9872377317941448,1.0064428693312217
hybrid,center_local,53,0.9,0.9,0.06,0.12,0.012345679012345678,0.018890200708382526,326.3826118711621,0.0063873176282298084,321.84072562373706,0.9860841659995725,1.0070313884250985
hybrid,center_local,54,1.3,0.2,0.005,0.01,0.012345679012345678,0.001138471917692697,219.7042686427038,0.005240518445758776,214.69665079105897,0.9772074621827739,1.011594856892079
hybrid,center_local,55,1.3,0.2,0.005,0.04,0.012345679012345678,0.004174397031539889,241.2559413479134,0.005491538278887727,234.03792238601582,0.9700814872306563,1.0153035194972384
hybrid,center_local,56,1.3,0.2,0.005,0.12,0.012345679012345678,0.0030359251138471917,307.54169316097585,0.006200218677201796,284.4628326587269,0.9249569700126192,1.0397746746911398
hybrid,center_local,57,1.3,0.2,0.02,0.01,0.012345679012345678,0.004174397031539889,328.74680031983434,0.006410409506418392,327.21912035743986,0.9953530195247278,1.0023316196350334
hybrid,center_local,58,1.3,0.2,0.02,0.04,0.012345679012345678,0.015306122448979588,359.14318657914976,0.006700216289224828,357.09413588304847,0.9942946134782102,1.0028649583774225
hybrid,center_local,59,1.3,0.2,0.02,0.12,0.012345679012345678,0.011131725417439701,454.4513140983091,0.007537003002672126,439.3470550978497,0.9667637466723399,1.0170441870639808
hybrid,center_local,60,1.3,0.2,0.06,0.01,0.012345679012345678,0.0030359251138471917,657.6871640456104,0.009067022416741965,629.7542049326805,0.9575285019383581,1.0219370507091496
hybrid,center_local,61,1.3,0.2,0.06,0.04,0.012345679012345678,0.011131725417439701,716.8931959226643,0.009466342983979243,690.4333781128283,0.9630909904567007,1.0189815953503845
hybrid,center_local,62,1.3,0.2,0.06,0.12,0.012345679012345678,0.00809580030359251,908.0755080400642,0.01065408083811119,869.5725908000067,0.9575994320966107,1.021899202159627
hybrid,center_local,63,1.3,0.5,0.005,0.01,0.012345679012345678,0.002656434474616293,266.02752789458117,0.0057665796610142,255.75445125430986,0.9613834074932943,1.0198861375189494
hybrid,center_local,64,1.3,0.5,0.005,0.04,0.012345679012345678,0.00974025974025974,290.179638268661,0.006022661768984095,278.14493255243707,0.9585267050850699,1.0214047929774583
hybrid,center_local,65,1.3,0.5,0.005,0.12,0.012345679012345678,0.007083825265643447,364.4180588031573,0.006749241242569024,337.019247765331,0.9248148921932929,1.0398545410764104
hybrid,center_local,66,1.3,0.5,0.02,0.01,0.012345679012345678,0.00974025974025974,386.91725061615756,0.006954470240573303,385.8428742858589,0.9972232400375333,1.001391278086588
hybrid,center_local,67,1.3,0.5,0.02,0.04,0.012345679012345678,0.035714285714285705,421.0658884897293,0.007254876708891486,420.35352435140624,0.9983081884384457,1.0008469806311393
hybrid,center_local,68,1.3,0.5,0.02,0.12,0.012345679012345678,0.02597402597402597,528.02255931714,0.008124211956531076,515.9399659783242,0.9771172781813687,1.0116415388867057
hybrid,center_local,69,1.3,0.5,0.06,0.01,0.012345679012345678,0.007083825265643447,753.13697979647,0.009702686353508431,739.2986848345114,0.9816257927399896,1.0093156781755752
hybrid,center_local,70,1.3,0.5,0.06,0.04,0.012345679012345678,0.02597402597402597,819.3407716482396,0.010120157926437213,808.7851349280603,0.9871169151036572,1.0065044584775489
hybrid,center_local,71,1.3,0.5,0.06,0.12,0.012345679012345678,0.018890200708382526,1032.1925064165143,0.011358875970009721,1013.5914652195689,0.98197909684355,1.0091340921049188
hybrid,center_local,72,1.3,0.9,0.005,0.01,0.012345679012345678,0.001517962556923596,309.1750121673852,0.006216661203646468,290.5026476003163,0.9396058418946232,1.0316375605895438
hybrid,center_local,73,1.3,0.9,0.005,0.04,0.012345679012345678,0.0055658627087198514,334.46224326113224,0.006465893627925032,314.4250820776309,0.9400914106533177,1.031371099442787
hybrid,center_local,74,1.3,0.9,0.005,0.12,0.012345679012345678,0.004047900151796256,411.4425539692449,0.007171493515729873,376.57365445835256,0.9152520827646361,1.0452727704190643
hybrid,center_local,75,1.3,0.9,0.02,0.01,0.012345679012345678,0.0055658627087198514,431.6793111304198,0.007345741207754495,427.3350238265837,0.9899363087555438,1.0050701461672877
hybrid,center_local,76,1.3,0.9,0.02,0.04,0.012345679012345678,0.020408163265306117,466.80376832521034,0.007638748002169681,463.43673393885524,0.9927870454036065,1.0036261053316486
hybrid,center_local,77,1.3,0.9,0.02,0.12,0.012345679012345678,0.014842300556586268,575.5998320026189,0.00848233334645175,561.9712908516733,0.9763228889356528,1.0120530184104852
hybrid,center_local,78,1.3,0.9,0.06,0.01,0.012345679012345678,0.004047900151796255,795.7203503144679,0.009973216321192902,787.7445102761458,0.9899765790391436,1.005049703829411
hybrid,center_local,79,1.3,0.9,0.06,0.04,0.012345679012345678,0.014842300556586268,861.0521098552724,0.010374560893450336,856.7243132570555,0.9949738273111667,1.0025225996033154
hybrid,center_local,80,1.3,0.9,0.06,0.12,0.012345679012345678,0.010794400404790013,1068.3518800611296,0.01155612326897049,1055.9275298868379,0.9883705449429444,1.0058659406724302
hybrid,bayes_equal_grid,0,0.6,0.2,0.005,0.01,0.012345679012345678,0.0008538539382695229,21.812066369779757,0.0016512141884753987,21.12961666628759,0.9687122855797977,1.0160207935540895
hybrid,bayes_equal_grid,1,0.6,0.2,0.005,0.04,0.012345679012345678,0.0031307977736549164,23.22660615167162,0.0017039148361813606,22.70612150898301,0.9775910161265143,1.0113963898155733
hybrid,bayes_equal_grid,2,0.6,0.2,0.005,0.12,0.012345679012345678,0.002276943835385394,27.630658556162565,0.001858448901509084,27.091013588592613,0.9804693410953973,1.0099107405339829
hybrid,bayes_equal_grid,3,0.6,0.2,0.02,0.01,0.012345679012345678,0.0031307977736549164,38.57129850248977,0.002195771461881045,37.993655071240106,0.9850240086884196,1.0075731643477985
hybrid,bayes_equal_grid,4,0.6,0.2,0.02,0.04,0.012345679012345678,0.011479591836734691,41.28131441613164,0.0022715995029970524,40.99778948435059,0.9931318821653058,1.0034518499131184
hybrid,bayes_equal_grid,5,0.6,0.2,0.02,0.12,0.012345679012345678,0.008348794063079775,49.902812349703304,0.0024975691269137905,49.820833107011,0.9983572219914617,1.0008224024115446
hybrid,bayes_equal_grid,6,0.6,0.2,0.06,0.01,0.012345679012345678,0.0022769438353853937,90.32881458488457,0.003360223478150013,84.91655785077624,0.9400827215658601,1.0313758658600238
hybrid,bayes_equal_grid,7,0.6,0.2,0.06,0.04,0.012345679012345678,0.008348794063079775,97.25437804558099,0.003486659899631397,91.94445395584246,0.9454016960835441,1.028470434323081
hybrid,bayes_equal_grid,8,0.6,0.2,0.06,0.12,0.012345679012345678,0.006071850227694383,119.69723877309457,0.0038680944722998714,114.51145947676602,0.9566758652957815,1.0223923495979448
hybrid,bayes_equal_grid,9,0.6,0.5,0.005,0.01,0.012345679012345678,0.0019923258559622196,25.931029930092997,0.0018003829429489786,24.753673696766793,0.9545966266476797,1.0235051973279699
hybrid,bayes_equal_grid,10,0.6,0.5,0.005,0.04,0.012345679012345678,0.007305194805194804,27.51128950955353,0.0018544301520127932,26.513761593415257,0.9637411428573032,1.0186378281963766
hybrid,bayes_equal_grid,11,0.6,0.5,0.005,0.12,0.012345679012345678,0.005312868949232585,32.40222915366308,0.0020125304082691236,31.39674562816601,0.9689686928412022,1.0158863555956164
hybrid,bayes_equal_grid,12,0.6,0.5,0.02,0.01,0.012345679012345678,0.007305194805194804,44.374133888307995,0.002355157475847103,43.7182135175921,0.9852184073639187,1.00747375463814
hybrid,bayes_equal_grid,13,0.6,0.5,0.02,0.04,0.012345679012345678,0.02678571428571428,47.330343804436346,0.002432343103995516,47.00868168738929,0.9932038922350506,1.003415472716025
hybrid,bayes_equal_grid,14,0.6,0.5,0.02,0.12,0.012345679012345678,0.019480519480519477,56.66233093700076,0.002661351417442855,56.60937038387933,0.9990653304894866,1.0004676626132927
hybrid,bayes_equal_grid,15,0.6,0.5,0.06,0.01,0.012345679012345678,0.005312868949232584,99.32979764852097,0.003523666372695508,96.96554694869202,0.9761979712452968,1.0121177692526135
hybrid,bayes_equal_grid,16,0.6,0.5,0.06,0.04,0.012345679012345678,0.019480519480519477,106.52504185449483,0.003649058814518047,104.67977786140983,0.9826776506165987,1.0087753479376778
hybrid,bayes_equal_grid,17,0.6,0.5,0.06,0.12,0.012345679012345678,0.01416765053128689,129.63431508838008,0.0040254551774982555,128.1976574723201,0.9889176132486176,1.0055876801314023
hybrid,bayes_equal_grid,18,0.6,0.9,0.005,0.01,0.012345679012345678,0.001138471917692697,26.7994263006952,0.0018302809313290951,25.42100611923478,0.9485653100930499,1.0267539468765912
hybrid,bayes_equal_grid,19,0.6,0.9,0.005,0.04,0.012345679012345678,0.004174397031539889,28.250395767817896,0.0018791752102923337,27.075752416394806,0.9584202868845748,1.0214614972461564
hybrid,bayes_equal_grid,20,0.6,0.9,0.005,0.12,0.012345679012345678,0.0030359251138471917,32.69201315601584,0.0020215097438553145,31.57168555814307,0.9657308470871391,1.0175879326530688
hybrid,bayes_equal_grid,21,0.6,0.9,0.02,0.01,0.012345679012345678,0.004174397031539889,44.00074286107329,0.0023452276771422772,43.34904223250518,0.9851888721373233,1.0074888561803224
hybrid,bayes_equal_grid,22,0.6,0.9,0.02,0.04,0.012345679012345678,0.01530612244897959,46.65812894371987,0.002415008513021224,46.34681615283882,0.9933277909352823,1.003352892291449
hybrid,bayes_equal_grid,23,0.6,0.9,0.02,0.12,0.012345679012345678,0.011131725417439701,54.97024636217578,0.0026213127999672172,54.9335661275661,0.9993327256645712,1.0003338042312542
hybrid,bayes_equal_grid,24,0.6,0.9,0.06,0.01,0.012345679012345678,0.0030359251138471917,93.55983061823162,0.0034197922198985937,90.84386936146439,0.9709708617595767,1.0148384221420097
hybrid,bayes_equal_grid,25,0.6,0.9,0.06,0.04,0.012345679012345678,0.011131725417439701,99.85015003314554,0.0035328839146146866,97.55490894531974,0.9770131433246331,1.0116954503107665
hybrid,bayes_equal_grid,26,0.6,0.9,0.06,0.12,0.012345679012345678,0.00809580030359251,119.93866414497175,0.0038719934165906676,117.74709723974549,0.9817276028472579,1.0092633412536798
hybrid,bayes_equal_grid,27,0.9,0.2,0.005,0.01,0.012345679012345678,0.00199232585596222,64.32966895297601,0.0028357024912924137,62.06896776899514,0.9648575654006022,1.018048332174261
hybrid,bayes_equal_grid,28,0.9,0.2,0.005,0.04,0.012345679012345678,0.007305194805194805,69.23450323346158,0.002941821358305548,67.25544872327606,0.9714151988133422,1.0146062959141442
hybrid,bayes_equal_grid,29,0.9,0.2,0.005,0.12,0.012345679012345678,0.005312868949232586,84.42719140920022,0.00324859953305267,81.12406961011854,0.9608760904638866,1.020155338373605
hybrid,bayes_equal_grid,30,0.9,0.2,0.02,0.01,0.012345679012345678,0.007305194805194805,100.89666669614576,0.0035513495092736537,99.98650614211468,0.990979280249445,1.004541106109539
hybrid,bayes_equal_grid,31,0.9,0.2,0.02,0.04,0.012345679012345678,0.026785714285714284,108.72055989979411,0.003686471210720933,108.59480301544006,0.9988433017226,1.000578851354406
hybrid,bayes_equal_grid,32,0.9,0.2,0.02,0.12,0.012345679012345678,0.01948051948051948,133.47664393370587,0.00408467630195016,132.94276283721481,0.9960001908891549,1.002005924050145
hybrid,bayes_equal_grid,33,0.9,0.2,0.06,0.01,0.012345679012345678,0.005312868949232586,212.93396538814451,0.005159141951285898,206.1241192844922,0.9680189767224827,1.0163845726479195
hybrid,bayes_equal_grid,34,0.9,0.2,0.06,0.04,0.012345679012345678,0.01948051948051948,230.37787964364736,0.005366305522000766,225.05390675703515,0.9768902600594839,1.0117590790191409
hybrid,bayes_equal_grid,35,0.9,0.2,0.06,0.12,0.012345679012345678,0.014167650531286893,287.02714966760584,0.005989857569963641,282.0899648477501,0.9827988926288913,1.0087131227325399
hybrid,bayes_equal_grid,36,0.9,0.5,0.005,0.01,0.012345679012345678,0.0046487603305785125,78.06682864096865,0.0031238363561686584,73.95183930404627,0.947288888141629,1.027445462478971
hybrid,bayes_equal_grid,37,0.9,0.5,0.005,0.04,0.012345679012345678,0.017045454545454544,83.66364082263925,0.003233876173082375,79.91265927287736,0.9551659297530012,1.0232001343443597
hybrid,bayes_equal_grid,38,0.9,0.5,0.005,0.12,0.012345679012345678,0.012396694214876032,100.94901971484654,0.003552270747614238,95.91861592063746,0.9501688693122667,1.0258871767356903
hybrid,bayes_equal_grid,39,0.9,0.5,0.02,0.01,0.012345679012345678,0.017045454545454544,119.1997320405376,0.003860047474457691,117.79988185381697,0.9882562639801525,1.0059240976552428
hybrid,bayes_equal_grid,40,0.9,0.5,0.02,0.04,0.012345679012345678,0.062499999999999986,128.07167581451122,0.0040011197778639295,127.635047547787,0.9965907507343262,1.0017089956706104
hybrid,bayes_equal_grid,41,0.9,0.5,0.02,0.12,0.012345679012345678,0.04545454545454544,156.0233622752656,0.004416211077882057,155.47374604637974,0.9964773465917482,1.0017659938142884
hybrid,bayes_equal_grid,42,0.9,0.5,0.06,0.01,0.012345679012345678,0.012396694214876032,243.84767835617487,0.00552095642027012,239.40125064191545,0.9817655523963416,1.009243834835499
hybrid,bayes_equal_grid,43,0.9,0.5,0.06,0.04,0.012345679012345678,0.04545454545454544,263.12478630237956,0.0057350325446153694,260.50005040696215,0.9900247485905752,1.0050252532374622
hybrid,bayes_equal_grid,44,0.9,0.5,0.06,0.12,0.012345679012345678,0.033057851239669415,325.21495350521764,0.006375881836119001,323.6224964228155,0.9951033706622701,1.0024573428833288
hybrid,bayes_equal_grid,45,0.9,0.9,0.005,0.01,0.012345679012345678,0.0026564344746162934,87.77470043596604,0.0033123764210149418,81.6078305586713,0.9297420572594989,1.03709552796392
hybrid,bayes_equal_grid,46,0.9,0.9,0.005,0.04,0.012345679012345678,0.009740259740259742,93.40880033507752,0.0034170308810259073,87.70206403299994,0.938905796010587,1.0320220821596966
hybrid,bayes_equal_grid,47,0.9,0.9,0.005,0.12,0.012345679012345678,0.0070838252656434475,110.60035949392424,0.003718204531321607,103.7840454829655,0.9383698747260112,1.0323167440346999
hybrid,bayes_equal_grid,48,0.9,0.9,0.02,0.01,0.012345679012345678,0.009740259740259742,128.5960861354329,0.00400930302757588,126.31240976661687,0.9822414784349583,1.0089993004577276
hybrid,bayes_equal_grid,49,0.9,0.9,0.02,0.04,0.012345679012345678,0.03571428571428571,137.29550379947418,0.004142696944616426,136.09855261601533,0.99128193458391,1.004387743116094
hybrid,bayes_equal_grid,50,0.9,0.9,0.02,0.12,0.012345679012345678,0.025974025974025972,164.35585808340622,0.004532602151129722,163.27985242280886,0.9934531955651297,1.0032895631534309
hybrid,bayes_equal_grid,51,0.9,0.9,0.06,0.01,0.012345679012345678,0.0070838252656434475,248.086856786786,0.005568739273690971,244.0093783898649,0.9835643111056649,1.00832055158949
hybrid,bayes_equal_grid,52,0.9,0.9,0.06,0.04,0.012345679012345678,0.025974025974025972,266.08978327594656,0.005767254364903053,263.80083508798623,0.991397835122491,1.0043290318305327
hybrid,bayes_equal_grid,53,0.9,0.9,0.06,0.12,0.012345679012345678,0.018890200708382526,323.38150977250433,0.006357883981448784,321.84072562373706,0.9952353981220163,1.0023908479181873
hybrid,bayes_equal_grid,54,1.3,0.2,0.005,0.01,0.012345679012345678,0.001138471917692697,223.2358303705256,0.0052824690057127355,214.69665079105897,0.9617481675531506,1.0196927142190604
hybrid,bayes_equal_grid,55,1.3,0.2,0.005,0.04,0.012345679012345678,0.004174397031539889,242.730776393621,0.005508298017464435,234.03792238601582,0.964187260730759,1.0184021451825414
hybrid,bayes_equal_grid,56,1.3,0.2,0.005,0.12,0.012345679012345678,0.0030359251138471917,302.85919234599595,0.006152836666388073,284.4628326587269,0.9392577139733884,1.0318287267423676
hybrid,bayes_equal_grid,57,1.3,0.2,0.02,0.01,0.012345679012345678,0.004174397031539889,329.04826870344255,0.006413348079430144,327.21912035743986,0.9944410941494689,1.0027910949062055
hybrid,bayes_equal_grid,58,1.3,0.2,0.02,0.04,0.012345679012345678,0.015306122448979588,357.14577592508095,0.0066815583504624965,357.09413588304847,0.9998554090639915,1.000072303308901
hybrid,bayes_equal_grid,59,1.3,0.2,0.02,0.12,0.012345679012345678,0.011131725417439701,445.52749257905054,0.007462636033760545,439.3470550978497,0.9861278202038133,1.0070090983935538
hybrid,bayes_equal_grid,60,1.3,0.2,0.06,0.01,0.012345679012345678,0.0030359251138471917,649.4313433963252,0.009009934401788986,629.7542049326805,0.9697009719907583,1.0155027049062582
hybrid,bayes_equal_grid,61,1.3,0.2,0.06,0.04,0.012345679012345678,0.011131725417439701,705.6821404538255,0.009392032131372218,690.4333781128283,0.9783914577586013,1.0109825833486534
hybrid,bayes_equal_grid,62,1.3,0.2,0.06,0.12,0.012345679012345678,0.00809580030359251,887.8462376043357,0.010534741558317507,869.5725908000067,0.9794180050211886,1.0104526290895948
hybrid,bayes_equal_grid,63,1.3,0.5,0.005,0.01,0.012345679012345678,0.002656434474616293,271.16765516469223,0.005822023436537037,255.75445125430986,0.9431598731750612,1.0296920088311492
hybrid,bayes_equal_grid,64,1.3,0.5,0.005,0.04,0.012345679012345678,0.00974025974025974,293.3524222707918,0.006055497732131437,278.14493255243707,0.948159658609136,1.0269735616427431
hybrid,bayes_equal_grid,65,1.3,0.5,0.005,0.12,0.012345679012345678,0.007083825265643447,361.70719553705624,0.006724090975152852,337.019247765331,0.9317460418915111,1.0359796433150084
hybrid,bayes_equal_grid,66,1.3,0.5,0.02,0.01,0.012345679012345678,0.00974025974025974,389.8822984858488,0.006981066344816607,385.8428742858589,0.9896393752276585,1.0052209165635702
hybrid,bayes_equal_grid,67,1.3,0.5,0.02,0.04,0.012345679012345678,0.035714285714285705,421.8892522077757,0.0072619664365770765,420.35352435140624,0.9963598791665517,1.0018250444676926
hybrid,bayes_equal_grid,68,1.3,0.5,0.02,0.12,0.012345679012345678,0.02597402597402597,522.4044884079332,0.00808087625514657,515.9399659783242,0.9876254462336069,1.006245299119461
hybrid,bayes_equal_grid,69,1.3,0.5,0.06,0.01,0.012345679012345678,0.007083825265643447,750.236626506589,0.00968398566259387,739.2986848345114,0.9854206775760747,1.007370350887328
hybrid,bayes_equal_grid,70,1.3,0.5,0.06,0.04,0.012345679012345678,0.02597402597402597,813.7977558467464,0.01008586731425926,808.7851349280603,0.9938404586610459,1.0030940715752978
hybrid,bayes_equal_grid,71,1.3,0.5,0.06,0.12,0.012345679012345678,0.018890200708382526,1018.5824207345278,0.011283740629410796,1013.5914652195689,0.9951000965524619,1.0024589920403986
hybrid,bayes_equal_grid,72,1.3,0.9,0.005,0.01,0.012345679012345678,0.001517962556923596,316.0082372172742,0.006284984459182002,290.5026476003163,0.9192882127328178,1.0429756139856128
hybrid,bayes_equal_grid,73,1.3,0.9,0.005,0.04,0.012345679012345678,0.0055658627087198514,339.3737817588921,0.006513196044943029,314.4250820776309,0.9264860722240884,1.0389162816950055
hybrid,bayes_equal_grid,74,1.3,0.9,0.005,0.12,0.012345679012345678,0.004047900151796256,410.5847647936874,0.007164013930696319,376.57365445835256,0.9171642173512579,1.0441825921246186
hybrid,bayes_equal_grid,75,1.3,0.9,0.02,0.01,0.012345679012345678,0.0055658627087198514,437.32205610571447,0.007393595675529891,427.3350238265837,0.977163209264898,1.0116177627469463
hybrid,bayes_equal_grid,76,1.3,0.9,0.02,0.04,0.012345679012345678,0.020408163265306117,470.35062866251525,0.007667713386845808,463.43673393885524,0.985300551753656,1.0074317572792817
hybrid,bayes_equal_grid,77,1.3,0.9,0.02,0.12,0.012345679012345678,0.014842300556586268,572.7913644860662,0.008461614536290239,561.9712908516733,0.9811099218576713,1.0095809940858809
hybrid,bayes_equal_grid,78,1.3,0.9,0.06,0.01,0.012345679012345678,0.004047900151796255,796.5136944521162,0.00997818679954001,787.7445102761458,0.9889905418613019,1.0055506032012653
hybrid,bayes_equal_grid,79,1.3,0.9,0.06,0.04,0.012345679012345678,0.014842300556586268,859.1096814538354,0.010362852415321248,856.7243132570555,0.9972234416067304,1.001391176880761
hybrid,bayes_equal_grid,80,1.3,0.9,0.06,0.12,0.012345679012345678,0.010794400404790013,1057.9120919620614,0.011499522228999675,1055.9275298868379,0.9981240765746965,1.0009392834372868
hybrid,bayes_uniform_volume,0,0.6,0.2,0.005,0.01,0.012345679012345678,0.0008538539382695229,21.8796245799477,0.0016537693528704245,21.12961666628759,0.9657211708126163,1.0175930306232803
hybrid,bayes_uniform_volume,1,0.6,0.2,0.005,0.04,0.012345679012345678,0.0031307977736549164,23.29618725434946,0.0017064651788986738,22.70612150898301,0.974671145156756,1.012910202221165
hybrid,bayes_uniform_volume,2,0.6,0.2,0.005,0.12,0.012345679012345678,0.002276943835385394,27.706508832346927,0.0018609980129068826,27.091013588592613,0.9777851750475421,1.0112959682781324
hybrid,bayes_uniform_volume,3,0.6,0.2,0.02,0.01,0.012345679012345678,0.0031307977736549164,38.54927943183628,0.0021951446259824282,37.993655071240106,0.9855866473048182,1.007285528297845
hybrid,bayes_uniform_volume,4,0.6,0.2,0.02,0.04,0.012345679012345678,0.011479591836734691,41.25656198985477,0.0022709183712172143,40.99778948435059,0.9937277249236665,1.0031509681143633
hybrid,bayes_uniform_volume,5,0.6,0.2,0.02,0.12,0.012345679012345678,0.008348794063079775,49.86950025420717,0.002496735374799639,49.820833107011,0.9990241099881071,1.0004883024321254
hybrid,bayes_uniform_volume,6,0.6,0.2,0.06,0.01,0.012345679012345678,0.0022769438353853937,90.07783867703085,0.003355552090882938,84.91655785077624,0.9427019908330605,1.0299420457231563
hybrid,bayes_uniform_volume,7,0.6,0.2,0.06,0.04,0.012345679012345678,0.008348794063079775,96.98821820185415,0.003481885591921677,91.94445395584246,0.947996113965982,1.027062142586819
hybrid,bayes_uniform_volume,8,0.6,0.2,0.06,0.12,0.012345679012345678,0.006071850227694383,119.38320401031608,0.0038630170205798354,114.51145947676602,0.9591923790793127,1.0210503069381307
hybrid,bayes_uniform_volume,9,0.6,0.5,0.005,0.01,0.012345679012345678,0.0019923258559622196,26.02830051287285,0.0018037565146407943,24.753673696766793,0.9510291954914358,1.0254230494014163
hybrid,bayes_uniform_volume,10,0.6,0.5,0.005,0.04,0.012345679012345678,0.007305194805194804,27.611796993547784,0.0018578144751813818,26.513761593415257,0.9602331061470171,1.0204968357187814
hybrid,bayes_uniform_volume,11,0.6,0.5,0.005,0.12,0.012345679012345678,0.005312868949232585,32.512588098466985,0.002015954739647786,31.39674562816601,0.9656796786856353,1.0176148917262147
hybrid,bayes_uniform_volume,12,0.6,0.5,0.02,0.01,0.012345679012345678,0.007305194805194804,44.403850713552465,0.0023559459542175534,43.7182135175921,0.9845590599701952,1.0078110447227628
hybrid,bayes_uniform_volume,13,0.6,0.5,0.02,0.04,0.012345679012345678,0.02678571428571428,47.35939537579404,0.0024330894808810987,47.00868168738929,0.9925946333220292,1.003723375870905
hybrid,bayes_uniform_volume,14,0.6,0.5,0.02,0.12,0.012345679012345678,0.019480519480519477,56.6887941016618,0.002661972814043698,56.60937038387933,0.9985989520673162,1.000701260927565
hybrid,bayes_uniform_volume,15,0.6,0.5,0.06,0.01,0.012345679012345678,0.005312868949232584,99.1676831945562,0.0035207897408563787,96.96554694869202,0.9777938117043248,1.0112915019809612
hybrid,bayes_uniform_volume,16,0.6,0.5,0.06,0.04,0.012345679012345678,0.019480519480519477,106.35006055100718,0.0036460605547461626,104.67977786140983,0.9842944829467563,1.0079464847435422
hybrid,bayes_uniform_volume,17,0.6,0.5,0.06,0.12,0.012345679012345678,0.01416765053128689,129.4172885103388,0.0040220841691581185,128.1976574723201,0.9905759805968947,1.0047455779822068
hybrid,bayes_uniform_volume,18,0.6,0.9,0.005,0.01,0.012345679012345678,0.001138471917692697,26.905648442936755,0.0018339045927656908,25.42100611923478,0.9448204221187717,1.0287867543098563
hybrid,bayes_uniform_volume,19,0.6,0.9,0.005,0.04,0.012345679012345678,0.004174397031539889,28.35898248724455,0.0018827832617976954,27.075752416394806,0.9547504896754698,1.0234227224010128
hybrid,bayes_uniform_volume,20,0.6,0.9,0.005,0.12,0.012345679012345678,0.0030359251138471917,32.80736593571199,0.0020250730213905864,31.57168555814307,0.9623352761696775,1.019381615929446
hybrid,bayes_uniform_volume,21,0.6,0.9,0.02,0.01,0.012345679012345678,0.004174397031539889,44.031611438049566,0.002346050176308298,43.34904223250518,0.9844982006505774,1.0078421944732565
hybrid,bayes_uniform_volume,22,0.6,0.9,0.02,0.04,0.012345679012345678,0.01530612244897959,46.685531895640224,0.002415717592549888,46.34681615283882,0.9927447384864638,1.0036474904231385
hybrid,bayes_uniform_volume,23,0.6,0.9,0.02,0.12,0.012345679012345678,0.011131725417439701,54.985540282645566,0.002621677427779912,54.9335661275661,0.9990547668566627,1.0004729518854394
hybrid,bayes_uniform_volume,24,0.6,0.9,0.06,0.01,0.012345679012345678,0.0030359251138471917,93.34037629648014,0.003415779125918422,90.84386936146439,0.9732537296926463,1.0136475188061147
hybrid,bayes_uniform_volume,25,0.6,0.9,0.06,0.04,0.012345679012345678,0.011131725417439701,99.60826477551872,0.003528602144892484,97.55490894531974,0.9793856881773163,1.010469299932796
hybrid,bayes_uniform_volume,26,0.6,0.9,0.06,0.12,0.012345679012345678,0.00809580030359251,119.62317716598106,0.003866897612524494,117.74709723974549,0.9843167522324503,1.0079350827354283
hybrid,bayes_uniform_volume,27,0.9,0.2,0.005,0.01,0.012345679012345678,0.00199232585596222,64.55604917176696,0.0028406876186006214,62.06896776899514,0.9614740766406825,1.019838047617747
hybrid,bayes_uniform_volume,28,0.9,0.2,0.005,0.04,0.012345679012345678,0.007305194805194805,69.4648152394951,0.0029467103530779687,67.25544872327606,0.9681944519883662,1.0162924638599935
hybrid,bayes_uniform_volume,29,0.9,0.2,0.005,0.12,0.012345679012345678,0.005312868949232586,84.67025129456499,0.003253272415863852,81.12406961011854,0.9581177375733845,1.0216227603494192
hybrid,bayes_uniform_volume,30,0.9,0.2,0.02,0.01,0.012345679012345678,0.007305194805194805,100.87386689213933,0.003550948234136541,99.98650614211468,0.9912032642609658,1.0044276007029218
hybrid,bayes_uniform_volume,31,0.9,0.2,0.02,0.04,0.012345679012345678,0.026785714285714284,108.68804853413388,0.0036859199756325064,108.59480301544006,0.999142081213607,1.0004292355999143
hybrid,bayes_uniform_volume,32,0.9,0.2,0.02,0.12,0.012345679012345678,0.01948051948051948,133.41440498339463,0.0040837238671247505,132.94276283721481,0.9964648334170623,1.0017722836667255
hybrid,bayes_uniform_volume,33,0.9,0.2,0.06,0.01,0.012345679012345678,0.005312868949232586,212.25534807412504,0.005150914337209039,206.1241192844922,0.9711139019804973,1.014763679077558
hybrid,bayes_uniform_volume,34,0.9,0.2,0.06,0.04,0.012345679012345678,0.01948051948051948,229.65349181260567,0.005357862118100438,225.05390675703515,0.9799716302187832,1.0101671661996114
hybrid,bayes_uniform_volume,35,0.9,0.2,0.06,0.12,0.012345679012345678,0.014167650531286893,286.16044372792163,0.005980807258722706,282.0899648477501,0.985775536174239,1.007189018426734
hybrid,bayes_uniform_volume,36,0.9,0.5,0.005,0.01,0.012345679012345678,0.0046487603305785125,78.391508882713,0.003130325639664207,73.95183930404627,0.9433654276854242,1.0295798204036666
hybrid,bayes_uniform_volume,37,0.9,0.5,0.005,0.04,0.012345679012345678,0.017045454545454544,83.99719482285751,0.003240316242723415,79.91265927287736,0.9513729528873666,1.0252377757904818
hybrid,bayes_uniform_volume,38,0.9,0.5,0.005,0.12,0.012345679012345678,0.012396694214876032,101.31029630971167,0.00355862150821269,95.91861592063746,0.9467805288754509,1.027721260994286
hybrid,bayes_uniform_volume,39,0.9,0.5,0.02,0.01,0.012345679012345678,0.017045454545454544,119.34630553199509,0.003862419991598452,117.79988185381697,0.9870425509085948,1.0065423729950627
hybrid,bayes_uniform_volume,40,0.9,0.5,0.02,0.04,0.012345679012345678,0.062499999999999986,128.2174895223139,0.0040033968314781435,127.635047547787,0.9954573905892491,1.0022790723530435
hybrid,bayes_uniform_volume,41,0.9,0.5,0.02,0.12,0.012345679012345678,0.04545454545454544,156.16659967170588,0.00441823776623251,155.47374604637974,0.9955633686922641,1.0022257244371544
hybrid,bayes_uniform_volume,42,0.9,0.5,0.06,0.01,0.012345679012345678,0.012396694214876032,243.50215097709767,0.005517043490143721,239.40125064191545,0.9831586689533272,1.008528541993898
hybrid,bayes_uniform_volume,43,0.9,0.5,0.06,0.04,0.012345679012345678,0.04545454545454544,262.7495991685341,0.005730942321823415,260.50005040696215,0.9914384312338037,1.0043084696507427
hybrid,bayes_uniform_volume,44,0.9,0.5,0.06,0.12,0.012345679012345678,0.033057851239669415,324.744686217569,0.006371270342498121,323.6224964228155,0.9965443936656083,1.001732294057028
hybrid,bayes_uniform_volume,45,0.9,0.9,0.005,0.01,0.012345679012345678,0.0026564344746162934,88.17991973334662,0.0033200135491693898,81.6078305586713,0.9254695491382945,1.0394866908176388
hybrid,bayes_uniform_volume,46,0.9,0.9,0.005,0.04,0.012345679012345678,0.009740259740259742,93.8235117962741,0.0034246078570449876,87.70206403299994,0.934755716919165,1.0343105035524052
hybrid,bayes_uniform_volume,47,0.9,0.9,0.005,0.12,0.012345679012345678,0.0070838252656434475,111.0431590261419,0.003725640197102739,103.7840454829655,0.9346279986372915,1.0343811711592024
hybrid,bayes_uniform_volume,48,0.9,0.9,0.02,0.01,0.012345679012345678,0.009740259740259742,128.85917208186217,0.00401340211170433,126.31240976661687,0.9802360804116653,1.0100308944753602
hybrid,bayes_uniform_volume,49,0.9,0.9,0.02,0.04,0.012345679012345678,0.03571428571428571,137.55611392561525,0.004146626850911703,136.09855261601533,0.9894038784027578,1.0053405402352993
hybrid,bayes_uniform_volume,50,0.9,0.9,0.02,0.12,0.012345679012345678,0.025974025974025972,164.60521221608533,0.004536039189316012,163.27985242280886,0.991948251361952,1.0040503500977707
hybrid,bayes_uniform_volume,51,0.9,0.9,0.06,0.01,0.012345679012345678,0.0070838252656434475,247.83094112103402,0.0055658662973637136,244.0093783898649,0.9845799611869175,1.0078003474763813
hybrid,bayes_uniform_volume,52,0.9,0.9,0.06,0.04,0.012345679012345678,0.025974025974025972,265.78812023402463,0.005763984301614039,263.80083508798623,0.9925230475151086,1.0037595720340189
hybrid,bayes_uniform_volume,53,0.9,0.9,0.06,0.12,0.012345679012345678,0.018890200708382526,322.9270107683328,0.006353414542278947,321.84072562373706,0.9966361279534617,1.001686191316676
hybrid,bayes_uniform_volume,54,1.3,0.2,0.005,0.01,0.012345679012345678,0.001138471917692697,224.06968288880302,0.005292325609890266,214.69665079105897,0.958169119637682,1.021595367591167
hybrid,bayes_uniform_volume,55,1.3,0.2,0.005,0.04,0.012345679012345678,0.004174397031539889,243.56856486233346,0.005517795810628705,234.03792238601582,0.9608708025122026,1.0201581454756128
hybrid,bayes_uniform_volume,56,1.3,0.2,0.005,0.12,0.012345679012345678,0.0030359251138471917,303.7125896350829,0.006161499306531273,284.4628326587269,0.9366185083091715,1.033281448703608
hybrid,bayes_uniform_volume,57,1.3,0.2,0.02,0.01,0.012345679012345678,0.004174397031539889,329.06746540269745,0.006413535154291834,327.21912035743986,0.9943830817701906,1.0028203459312643
hybrid,bayes_uniform_volume,58,1.3,0.2,0.02,0.04,0.012345679012345678,0.015306122448979588,357.12310168257255,0.0066813462498452785,357.09413588304847,0.99991889127478,1.0000405568297612
hybrid,bayes_uniform_volume,59,1.3,0.2,0.02,0.12,0.012345679012345678,0.011131725417439701,445.3775504475475,0.0074613801542304115,439.3470550978497,0.9864598129303151,1.006839629842815
hybrid,bayes_uniform_volume,60,1.3,0.2,0.06,0.01,0.012345679012345678,0.0030359251138471917,647.2675292521097,0.008994911959353117,629.7542049326805,0.9729426805332485,1.0138095370930835
hybrid,bayes_uniform_volume,61,1.3,0.2,0.06,0.04,0.012345679012345678,0.011131725417439701,703.3524827197277,0.009376516428821846,690.4333781128283,0.9816321049199347,1.009312433073672
hybrid,bayes_uniform_volume,62,1.3,0.2,0.06,0.12,0.012345679012345678,0.00809580030359251,885.0021529471684,0.0105178547773962,869.5725908000067,0.9825655089134198,1.0088329128313138
hybrid,bayes_uniform_volume,63,1.3,0.5,0.005,0.01,0.012345679012345678,0.002656434474616293,272.34418685038287,0.005834639950870821,255.75445125430986,0.9390854059051869,1.031923384937826
hybrid,bayes_uniform_volume,64,1.3,0.5,0.005,0.04,0.012345679012345678,0.00974025974025974,294.5519140553419,0.006067865296536974,278.14493255243707,0.944298506578972,1.0290710212122522
hybrid,bayes_uniform_volume,65,1.3,0.5,0.005,0.12,0.012345679012345678,0.007083825265643447,362.9805534280933,0.006735916357743144,337.019247765331,0.9284774200227086,1.037801578158428
hybrid,bayes_uniform_volume,66,1.3,0.5,0.02,0.01,0.012345679012345678,0.00974025974025974,390.4807794610719,0.006986422362886028,385.8428742858589,0.9881225775526926,1.0059921427813057
hybrid,bayes_uniform_volume,67,1.3,0.5,0.02,0.04,0.012345679012345678,0.035714285714285705,422.47983913511246,0.007267047536096695,420.35352435140624,0.9949670621252386,1.0025260078770728
hybrid,bayes_uniform_volume,68,1.3,0.5,0.02,0.12,0.012345679012345678,0.02597402597402597,522.9725838036546,0.008085268887022672,515.9399659783242,0.9865526070713282,1.006792277570378
hybrid,bayes_uniform_volume,69,1.3,0.5,0.06,0.01,0.012345679012345678,0.007083825265643447,749.2506492790286,0.009677620118597267,739.2986848345114,0.9867174430157738,1.006708179286412
hybrid,bayes_uniform_volume,70,1.3,0.5,0.06,0.04,0.012345679012345678,0.02597402597402597,812.7137510198705,0.010079147725749624,808.7851349280603,0.995166051900955,1.0024257721432885
hybrid,bayes_uniform_volume,71,1.3,0.5,0.06,0.12,0.012345679012345678,0.018890200708382526,1017.190102316468,0.011276026019372184,1013.5914652195689,0.9964621784180716,1.0017736182395214
hybrid,bayes_uniform_volume,72,1.3,0.9,0.005,0.01,0.012345679012345678,0.001517962556923596,317.5486083716907,0.006300283806818653,290.5026476003163,0.9148289110443303,1.045514497987403
hybrid,bayes_uniform_volume,73,1.3,0.9,0.005,0.04,0.012345679012345678,0.0055658627087198514,340.94691823448943,0.006528274257360147,314.4250820776309,0.9222112453921115,1.0413213989785797
hybrid,bayes_uniform_volume,74,1.3,0.9,0.005,0.12,0.012345679012345678,0.004047900151796256,412.2563561216751,0.007178582347177566,376.57365445835256,0.9134453571583236,1.046305994875046
hybrid,bayes_uniform_volume,75,1.3,0.9,0.02,0.01,0.012345679012345678,0.0055658627087198514,438.5066061736497,0.007403602215928826,427.3350238265837,0.9745235711622506,1.0129868927961736
hybrid,bayes_uniform_volume,76,1.3,0.9,0.02,0.04,0.012345679012345678,0.020408163265306117,471.53692049249696,0.007677376834672251,463.43673393885524,0.9828217342023156,1.0087014010092978
hybrid,bayes_uniform_volume,77,1.3,0.9,0.02,0.12,0.012345679012345678,0.014842300556586268,573.97285139972,0.008470336854279469,561.9712908516733,0.9790903689629588,1.0106216804027217
hybrid,bayes_uniform_volume,78,1.3,0.9,0.06,0.01,0.012345679012345678,0.004047900151796255,796.3321489921539,0.009977049595146815,787.7445102761458,0.989216009014735,1.0054360015620583
hybrid,bayes_uniform_volume,79,1.3,0.9,0.06,0.04,0.012345679012345678,0.014842300556586268,858.807943142264,0.01036103242407739,856.7243132570555,0.9975738115816853,1.0012153060779592
hybrid,bayes_uniform_volume,80,1.3,0.9,0.06,0.12,0.012345679012345678,0.010794400404790013,1057.202480884271,0.011495664839866108,1055.9275298868379,0.9987940332902296,1.0006035292869486
hybrid,minimax_absolute,0,0.6,0.2,0.005,0.01,0.012345679012345678,0.0008538539382695229,22.110467590035636,0.0016624705858313568,21.12961666628759,0.9556386168789085,1.022947050519408
hybrid,minimax_absolute,1,0.6,0.2,0.005,0.04,0.012345679012345678,0.0031307977736549164,23.507664856049832,0.0017141931358532006,22.70612150898301,0.9659028937167895,1.017497302232557
hybrid,minimax_absolute,2,0.6,0.2,0.005,0.12,0.012345679012345678,0.002276943835385394,27.860954154116072,0.0018661777164205207,27.091013588592613,0.9723648888238198,1.014110701686706
hybrid,minimax_absolute,3,0.6,0.2,0.02,0.01,0.012345679012345678,0.0031307977736549164,38.683078846380454,0.002198950853429325,37.993655071240106,0.982177639533859,1.0090320910433195
hybrid,minimax_absolute,4,0.6,0.2,0.02,0.04,0.012345679012345678,0.011479591836734691,41.366848648791716,0.0022739516444064867,40.99778948435059,0.9910783833795397,1.0044908801847134
hybrid,minimax_absolute,5,0.6,0.2,0.02,0.12,0.012345679012345678,0.008348794063079775,49.91043836506556,0.0024977599555668266,49.820833107011,0.9982046790012311,1.0008988710021125
hybrid,minimax_absolute,6,0.6,0.2,0.06,0.01,0.012345679012345678,0.0022769438353853937,90.00688252678489,0.003354230212112477,84.91655785077624,0.9434451618242212,1.029536312631202
hybrid,minimax_absolute,7,0.6,0.2,0.06,0.04,0.012345679012345678,0.008348794063079775,96.88660680582667,0.003480061184911601,91.94445395584246,0.9489903402243313,1.026523991828199
hybrid,minimax_absolute,8,0.6,0.2,0.06,0.12,0.012345679012345678,0.006071850227694383,119.19143872251392,0.003859913190774404,114.51145947676602,0.9607356090680034,1.02022992060314
hybrid,minimax_absolute,9,0.6,0.5,0.005,0.01,0.012345679012345678,0.0019923258559622196,26.338299919274338,0.0018144661721589885,24.753673696766793,0.9398356679298076,1.031511415309571
hybrid,minimax_absolute,10,0.6,0.5,0.005,0.04,0.012345679012345678,0.007305194805194804,27.905652587053172,0.0018676741079164873,26.513761593415257,0.9501215393800293,1.0259127285013705
hybrid,minimax_absolute,11,0.6,0.5,0.005,0.12,0.012345679012345678,0.005312868949232585,32.75890731129964,0.0020235768860887037,31.39674562816601,0.9584185861210404,1.021462403563981
hybrid,minimax_absolute,12,0.6,0.5,0.02,0.01,0.012345679012345678,0.007305194805194804,44.66879194660202,0.0023629640270908174,43.7182135175921,0.9787194059300671,1.0108131897175079
hybrid,minimax_absolute,13,0.6,0.5,0.02,0.04,0.012345679012345678,0.02678571428571428,47.60613472567149,0.0024394193654861673,47.00868168738929,0.9874500830255387,1.0063346456966131
hybrid,minimax_absolute,14,0.6,0.5,0.02,0.12,0.012345679012345678,0.019480519480519477,56.881516980373014,0.002666493881963097,56.60937038387933,0.995215553119169,1.0024008419089383
hybrid,minimax_absolute,15,0.6,0.5,0.06,0.01,0.012345679012345678,0.005312868949232584,99.31720237613263,0.003523442960658875,96.96554694869202,0.9763217713429497,1.0120535976573986
hybrid,minimax_absolute,16,0.6,0.5,0.06,0.04,0.012345679012345678,0.019480519480519477,106.47484170602792,0.003648198899903004,104.67977786140983,0.9831409578464162,1.0085376261828143
hybrid,minimax_absolute,17,0.6,0.5,0.06,0.12,0.012345679012345678,0.01416765053128689,129.4667421653219,0.004022852566359503,128.1976574723201,0.9901976007754851,1.0049375291343345
hybrid,minimax_absolute,18,0.6,0.9,0.005,0.01,0.012345679012345678,0.001138471917692697,27.237601797016115,0.0018451829786303075,25.42100611923478,0.9333055938140506,1.0351137213905237
hybrid,minimax_absolute,19,0.6,0.9,0.005,0.04,0.012345679012345678,0.004174397031539889,28.672422009898128,0.0018931594627070553,27.075752416394806,0.9443134035571836,1.0290629041459354
hybrid,minimax_absolute,20,0.6,0.9,0.005,0.12,0.012345679012345678,0.0030359251138471917,33.064927272326855,0.002033006618051416,31.57168555814307,0.9548391048350036,1.023375231220758
hybrid,minimax_absolute,21,0.6,0.9,0.02,0.01,0.012345679012345678,0.004174397031539889,44.296400556996836,0.0023530937230855477,43.34904223250518,0.9786131985312739,1.0108680392367428
hybrid,minimax_absolute,22,0.6,0.9,0.02,0.04,0.012345679012345678,0.01530612244897959,46.925063783982154,0.002421906887763807,46.34681615283882,0.9876772116111493,1.0062189294970163
hybrid,minimax_absolute,23,0.6,0.9,0.02,0.12,0.012345679012345678,0.011131725417439701,55.14706151093752,0.0026255252215256265,54.9335661275661,0.9961286172368573,1.0019413299270055
hybrid,minimax_absolute,24,0.6,0.9,0.06,0.01,0.012345679012345678,0.0030359251138471917,93.34581838352378,0.0034158787007065212,90.84386936146439,0.9731969887308738,1.0136770680635963
hybrid,minimax_absolute,25,0.6,0.9,0.06,0.04,0.012345679012345678,0.011131725417439701,99.56547320396831,0.003527844122193615,97.55490894531974,0.9798066117304564,1.0102522285162954
hybrid,minimax_absolute,26,0.6,0.9,0.06,0.12,0.012345679012345678,0.00809580030359251,119.42738573814648,0.0038637317734630996,117.74709723974549,0.985930459014776,1.0071098836802637
hybrid,minimax_absolute,27,0.9,0.2,0.005,0.01,0.012345679012345678,0.00199232585596222,65.25814526150886,0.0028560931633419464,62.06896776899514,0.9511298171326547,1.025368807342472
hybrid,minimax_absolute,28,0.9,0.2,0.005,0.04,0.012345679012345678,0.007305194805194805,70.0070367034596,0.002958188565310273,67.25544872327606,0.9606955513366621,1.0202511904372737
hybrid,minimax_absolute,29,0.9,0.2,0.005,0.12,0.012345679012345678,0.005312868949232586,84.73634026103379,0.0032545418314455913,81.12406961011854,0.9573704665579431,1.0220213939972882
hybrid,minimax_absolute,30,0.9,0.2,0.02,0.01,0.012345679012345678,0.007305194805194805,101.2560499044196,0.0035576686520883936,99.98650614211468,0.9874620453444184,1.0063285502054262
hybrid,minimax_absolute,31,0.9,0.2,0.02,0.04,0.012345679012345678,0.026785714285714284,108.8911812222621,0.0036893627705584554,108.59480301544006,0.9972782166241995,1.0013636760432403
hybrid,minimax_absolute,32,0.9,0.2,0.02,0.12,0.012345679012345678,0.01948051948051948,133.08238491506677,0.00407863924788444,132.94276283721481,0.9989508598155867,1.0005249832140806
hybrid,minimax_absolute,33,0.9,0.2,0.06,0.01,0.012345679012345678,0.005312868949232586,211.8718530516142,0.005146258993817915,206.1241192844922,0.9728716500831198,1.0138465461031616
hybrid,minimax_absolute,34,0.9,0.2,0.06,0.04,0.012345679012345678,0.01948051948051948,229.04782005971077,0.005350792231760064,225.05390675703515,0.9825629717775334,1.0088342153150263
hybrid,minimax_absolute,35,0.9,0.2,0.06,0.12,0.012345679012345678,0.014167650531286893,284.88871608407624,0.005967502786803667,282.0899648477501,0.9901759842411583,1.0049484984712918
hybrid,minimax_absolute,36,0.9,0.5,0.005,0.01,0.012345679012345678,0.0046487603305785125,79.35602400428793,0.003149524249872668,73.95183930404627,0.9318995026773311,1.0358943396983902
hybrid,minimax_absolute,37,0.9,0.5,0.005,0.04,0.012345679012345678,0.017045454545454544,84.81503465772077,0.0032560527225791503,79.91265927287736,0.9421992173365558,1.0302168063534078
hybrid,minimax_absolute,38,0.9,0.5,0.005,0.12,0.012345679012345678,0.012396694214876032,101.69197914259881,0.003565318694426187,95.91861592063746,0.9432269558460891,1.0296553921303353
hybrid,minimax_absolute,39,0.9,0.5,0.02,0.01,0.012345679012345678,0.017045454545454544,120.15447039912779,0.0038754752998685174,117.79988185381697,0.9804036542503215,1.0099445718742415
hybrid,minimax_absolute,40,0.9,0.5,0.02,0.04,0.012345679012345678,0.062499999999999986,128.86950943614497,0.004013563090262582,127.635047547787,0.9904208381504731,1.0048242680587625
hybrid,minimax_absolute,41,0.9,0.5,0.02,0.12,0.012345679012345678,0.04545454545454544,156.35302115820875,0.004420874081533662,155.47374604637974,0.9943763471577611,1.0028237418260635
hybrid,minimax_absolute,42,0.9,0.5,0.06,0.01,0.012345679012345678,0.012396694214876032,243.93141545739462,0.005521904284952278,239.40125064191545,0.9814285306097836,1.0094171067315085
hybrid,minimax_absolute,43,0.9,0.5,0.06,0.04,0.012345679012345678,0.04545454545454544,262.9976401039055,0.005733646746442284,260.50005040696215,0.9905033760152502,1.0047824015798634
hybrid,minimax_absolute,44,0.9,0.5,0.06,0.12,0.012345679012345678,0.033057851239669415,324.44706707777686,0.006368350130506496,323.6224964228155,0.9974585356483938,1.0012731594574502
hybrid,minimax_absolute,45,0.9,0.9,0.005,0.01,0.012345679012345678,0.0026564344746162934,89.35172773995426,0.0033420002943587964,81.6078305586713,0.9133324292976125,1.046370677482243
hybrid,minimax_absolute,46,0.9,0.9,0.005,0.04,0.012345679012345678,0.009740259740259742,94.85004272635895,0.003443291352876615,87.70206403299994,0.9246391621142351,1.0399533499127485
hybrid,minimax_absolute,47,0.9,0.9,0.005,0.12,0.012345679012345678,0.0070838252656434475,111.63376006396291,0.003735534768677085,103.7840454829655,0.929683327189734,1.0371282852098693
hybrid,minimax_absolute,48,0.9,0.9,0.02,0.01,0.012345679012345678,0.009740259740259742,129.9430601125966,0.0040302459619822924,126.31240976661687,0.9720596825807106,1.0142698938801409
hybrid,minimax_absolute,49,0.9,0.9,0.02,0.04,0.012345679012345678,0.03571428571428571,138.4794981334058,0.004160521273431458,136.09855261601533,0.9828065125200212,1.0087092123498873
hybrid,minimax_absolute,50,0.9,0.9,0.02,0.12,0.012345679012345678,0.025974025974025972,165.0410686377411,0.0045420406845070906,163.27985242280886,0.9893286184495204,1.0053787785121249
hybrid,minimax_absolute,51,0.9,0.9,0.06,0.01,0.012345679012345678,0.0070838252656434475,248.45208773243894,0.005572836886770944,244.0093783898649,0.9821184463245145,1.0090624982452652
hybrid,minimax_absolute,52,0.9,0.9,0.06,0.04,0.012345679012345678,0.025974025974025972,266.1895438279301,0.005768335373267686,263.80083508798623,0.9910262863612405,1.0045172822553552
hybrid,minimax_absolute,53,0.9,0.9,0.06,0.12,0.012345679012345678,0.018890200708382526,322.6436530305872,0.006350626475303315,321.84072562373706,0.9975114111208814,1.001246621669304
hybrid,minimax_absolute,54,1.3,0.2,0.005,0.01,0.012345679012345678,0.001138471917692697,226.4914752967402,0.005320849031131453,214.69665079105897,0.9479237596460172,1.0271013392859911
hybrid,minimax_absolute,55,1.3,0.2,0.005,0.04,0.012345679012345678,0.004174397031539889,245.08229550158862,0.005534915260209372,234.03792238601582,0.9549360630356051,1.0233232763603286
hybrid,minimax_absolute,56,1.3,0.2,0.005,0.12,0.012345679012345678,0.0030359251138471917,302.5138416766702,0.006149327622560354,284.4628326587269,0.9403299732736314,1.0312402612229403
hybrid,minimax_absolute,57,1.3,0.2,0.02,0.01,0.012345679012345678,0.004174397031539889,330.3727019258218,0.006426242116566083,327.21912035743986,0.9904544729331481,1.0048072065310805
hybrid,minimax_absolute,58,1.3,0.2,0.02,0.04,0.012345679012345678,0.015306122448979588,357.4381253465368,0.0066842924583172675,357.09413588304847,0.9990376251465765,1.000481535017493
hybrid,minimax_absolute,59,1.3,0.2,0.02,0.12,0.012345679012345678,0.011131725417439701,442.72233790320894,0.007439105607389985,439.3470550978497,0.9923760729550151,1.0038338995312432
hybrid,minimax_absolute,60,1.3,0.2,0.06,0.01,0.012345679012345678,0.0030359251138471917,645.757642003738,0.008984414574721452,629.7542049326805,0.9752175800484527,1.0126263850286492
hybrid,minimax_absolute,61,1.3,0.2,0.06,0.04,0.012345679012345678,0.011131725417439701,700.6467939187728,0.009358464042771474,690.4333781128283,0.9854228751282511,1.0073692276385193
hybrid,minimax_absolute,62,1.3,0.2,0.06,0.12,0.012345679012345678,0.00809580030359251,878.6849376987966,0.010480248909847016,869.5725908000067,0.9896295628753414,1.0052259000228916
hybrid,minimax_absolute,63,1.3,0.5,0.005,0.01,0.012345679012345678,0.002656434474616293,275.68100169249306,0.005870274713466282,255.75445125430986,0.9277188115399763,1.0382258037929046
hybrid,minimax_absolute,64,1.3,0.5,0.005,0.04,0.012345679012345678,0.00974025974025974,297.03160529607266,0.006093352990103978,278.14493255243707,0.9364152756579224,1.0333935705052153
hybrid,minimax_absolute,65,1.3,0.5,0.005,0.12,0.012345679012345678,0.007083825265643447,362.9037010429591,0.006735203236010765,337.019247765331,0.9286740443725483,1.0376917076048202
hybrid,minimax_absolute,66,1.3,0.5,0.02,0.01,0.012345679012345678,0.00974025974025974,393.2343928479829,0.007011012701885361,385.8428742858589,0.9812032754597296,1.0095329661865826
hybrid,minimax_absolute,67,1.3,0.5,0.02,0.04,0.012345679012345678,0.035714285714285705,424.32984880396646,0.007282941102363509,420.35352435140624,0.9906291662871041,1.0047186058284763
hybrid,minimax_absolute,68,1.3,0.5,0.02,0.12,0.012345679012345678,0.02597402597402597,522.1198145677939,0.008078674199457125,515.9399659783242,0.9881639263306156,1.0059710951697978
hybrid,minimax_absolute,69,1.3,0.5,0.06,0.01,0.012345679012345678,0.007083825265643447,750.5734496449464,0.009686159259769494,739.2986848345114,0.9849784657107595,1.0075964579289725
hybrid,minimax_absolute,70,1.3,0.5,0.06,0.04,0.012345679012345678,0.02597402597402597,813.011171271255,0.010080991836565828,808.7851349280603,0.9948019947418598,1.0026091789410805
hybrid,minimax_absolute,71,1.3,0.5,0.06,0.12,0.012345679012345678,0.018890200708382526,1014.3959106192378,0.011260527910688944,1013.5914652195689,0.9992069709752893,1.000396750503955
hybrid,minimax_absolute,72,1.3,0.9,0.005,0.01,0.012345679012345678,0.001517962556923596,321.82698747160754,0.006342584129040067,290.5026476003163,0.9026671438669986,1.0525341182946917
hybrid,minimax_absolute,73,1.3,0.9,0.005,0.04,0.012345679012345678,0.0055658627087198514,344.3933874416627,0.006561186891882279,314.4250820776309,0.9129823438636488,1.0465712750213971
hybrid,minimax_absolute,74,1.3,0.9,0.005,0.12,0.012345679012345678,0.004047900151796256,413.20897121413805,0.007186871461336098,376.57365445835256,0.9113394933122111,1.047514165153915
hybrid,minimax_absolute,75,1.3,0.9,0.02,0.01,0.012345679012345678,0.0055658627087198514,442.6513765617462,0.00743850939840895,427.3350238265837,0.9653986104050306,1.0177630162676283
hybrid,minimax_absolute,76,1.3,0.9,0.02,0.04,0.012345679012345678,0.020408163265306117,474.80186242554333,0.007703910228136937,463.43673393885524,0.9760634290088314,1.0121875228628572
hybrid,minimax_absolute,77,1.3,0.9,0.02,0.12,0.012345679012345678,0.014842300556586268,574.5784270288267,0.008474804031870196,561.9712908516733,0.9780584588907287,1.011154672962648
hybrid,minimax_absolute,78,1.3,0.9,0.06,0.01,0.012345679012345678,0.004047900151796255,799.4551007295935,0.00999659379944985,787.7445102761458,0.9853517846808902,1.007405566456044
hybrid,minimax_absolute,79,1.3,0.9,0.06,0.04,0.012345679012345678,0.014842300556586268,860.8554844401838,0.010373376285232449,856.7243132570555,0.995201086294043,1.0024081276249535
hybrid,minimax_absolute,80,1.3,0.9,0.06,0.12,0.012345679012345678,0.010794400404790013,1055.9275298868376,0.011488731054205016,1055.9275298868379,1.0000000000000002,1.0
hybrid,minimax_relative,0,0.6,0.2,0.005,0.01,0.012345679012345678,0.0008538539382695229,21.6797287813579,0.0016461974661837312,21.12961666628759,0.9746255075135745,1.0129339171213434
hybrid,minimax_relative,1,0.6,0.2,0.005,0.04,0.012345679012345678,0.0031307977736549164,23.078314512003903,0.0016984667538696445,22.70612150898301,0.9838726089451939,1.0081625598937467
hybrid,minimax_relative,2,0.6,0.2,0.005,0.12,0.012345679012345678,0.002276943835385394,27.434359655819925,0.001851835564238221,27.091013588592613,0.9874848157006473,1.0063169477021245
hybrid,minimax_relative,3,0.6,0.2,0.02,0.01,0.012345679012345678,0.0031307977736549164,38.7460750449739,0.0022007406436519816,37.993655071240106,0.9805807433950294,1.0098533716863494
hybrid,minimax_relative,4,0.6,0.2,0.02,0.04,0.012345679012345678,0.011479591836734691,41.45720701775427,0.0022764338069048446,40.99778948435059,0.9889182709967188,1.0055873457137279
hybrid,minimax_relative,5,0.6,0.2,0.02,0.12,0.012345679012345678,0.008348794063079775,50.084335994173195,0.0025021075115333573,49.820833107011,0.9947388163997452,1.0026410175397815
hybrid,minimax_relative,6,0.6,0.2,0.06,0.01,0.012345679012345678,0.0022769438353853937,91.31544751558965,0.003378524965047425,84.91655785077624,0.9299254415445867,1.0369932636367147
hybrid,minimax_relative,7,0.6,0.2,0.06,0.04,0.012345679012345678,0.008348794063079775,98.28915994444552,0.003505159767122704,91.94445395584246,0.9354485683651261,1.0339273952258967
hybrid,minimax_relative,8,0.6,0.2,0.06,0.12,0.012345679012345678,0.006071850227694383,120.88735847920461,0.0038872766572371174,114.51145947676602,0.9472575206982011,1.0274624737298284
hybrid,minimax_relative,9,0.6,0.5,0.005,0.01,0.012345679012345678,0.0019923258559622196,25.725987130728555,0.0017932507887468137,24.753673696766793,0.9622050097039667,1.019450617205086
hybrid,minimax_relative,10,0.6,0.5,0.005,0.04,0.012345679012345678,0.007305194805194804,27.2873140417549,0.0018468660631511323,26.513761593415257,0.9716515723329912,1.014482876853527
hybrid,minimax_relative,11,0.6,0.5,0.005,0.12,0.012345679012345678,0.005312868949232585,32.12145063512785,0.002003791738028426,31.39674562816601,0.9774385965567411,1.0114752441773252
hybrid,minimax_relative,12,0.6,0.5,0.02,0.01,0.012345679012345678,0.007305194805194804,44.41812705458858,0.002356324655437695,43.7182135175921,0.9842426148194787,1.0079730430366993
hybrid,minimax_relative,13,0.6,0.5,0.02,0.04,0.012345679012345678,0.02678571428571428,47.37026680628526,0.002433368724789907,47.00868168738929,0.9923668338121332,1.0038385724721983
hybrid,minimax_relative,14,0.6,0.5,0.02,0.12,0.012345679012345678,0.019480519480519477,56.692908916816364,0.002662069423325028,56.60937038387933,0.9985264729834271,1.0007375787401038
hybrid,minimax_relative,15,0.6,0.5,0.06,0.01,0.012345679012345678,0.005312868949232584,100.08873514930374,0.003537102188750414,96.96554694869202,0.9687958070810584,1.01597699618708
hybrid,minimax_relative,16,0.6,0.5,0.06,0.04,0.012345679012345678,0.019480519480519477,107.32629310275587,0.0036627566992423186,104.67977786140983,0.9753414082902107,1.012562102038149
hybrid,minimax_relative,17,0.6,0.5,0.06,0.12,0.012345679012345678,0.01416765053128689,130.57618239373474,0.004040052326296882,128.1976574723201,0.981784389175642,1.0092341529772548
hybrid,minimax_relative,18,0.6,0.9,0.005,0.01,0.012345679012345678,0.001138471917692697,26.571196337295685,0.0018224707246378364,25.42100611923478,0.9567128930342333,1.0223725645385537
hybrid,minimax_relative,19,0.6,0.9,0.005,0.04,0.012345679012345678,0.004174397031539889,28.005331994707756,0.001871006814348486,27.075752416394806,0.9668070502256993,1.0170214099646706
hybrid,minimax_relative,20,0.6,0.9,0.005,0.12,0.012345679012345678,0.0030359251138471917,32.39759817541772,0.0020123865861029822,31.57168555814307,0.9745069800297318,1.0129955158889732
hybrid,minimax_relative,21,0.6,0.9,0.02,0.01,0.012345679012345678,0.004174397031539889,44.039095982022644,0.0023462495599899068,43.34904223250518,0.9843308829545648,1.0079278479214409
hybrid,minimax_relative,22,0.6,0.9,0.02,0.04,0.012345679012345678,0.01530612244897959,46.69947680186562,0.0024160783514267916,46.34681615283882,0.9924482955018307,1.0037973733161423
hybrid,minimax_relative,23,0.6,0.9,0.02,0.12,0.012345679012345678,0.011131725417439701,55.02627865440517,0.0026226484384683827,54.9335661275661,0.9983151227176137,1.0008435046923991
hybrid,minimax_relative,24,0.6,0.9,0.06,0.01,0.012345679012345678,0.0030359251138471917,94.46195333196495,0.003436239829595079,90.84386936146439,0.9616979763504823,1.0197193228514931
hybrid,minimax_relative,25,0.6,0.9,0.06,0.04,0.012345679012345678,0.011131725417439701,100.81913753347432,0.0035499848156977077,97.55490894531974,0.967622926876648,1.0165925554067865
hybrid,minimax_relative,26,0.6,0.9,0.06,0.12,0.012345679012345678,0.00809580030359251,121.12920827782924,0.0038911631981617856,117.74709723974549,0.9720784847340342,1.0142600847183434
hybrid,minimax_relative,27,0.9,0.2,0.005,0.01,0.012345679012345678,0.00199232585596222,63.84603344680504,0.002825022863774846,62.06896776899514,0.9721663887030585,1.0142142286264144
hybrid,minimax_relative,28,0.9,0.2,0.005,0.04,0.012345679012345678,0.007305194805194805,68.66310652285199,0.0029296566889921586,67.25544872327606,0.9794990662255073,1.0104108167977008
hybrid,minimax_relative,29,0.9,0.2,0.005,0.12,0.012345679012345678,0.005312868949232586,83.59087761507439,0.0032324695979829877,81.12406961011854,0.9704895070450726,1.015090066646039
hybrid,minimax_relative,30,0.9,0.2,0.02,0.01,0.012345679012345678,0.007305194805194805,101.23648197548226,0.0035573248722790673,99.98650614211468,0.9876529111939083,1.0062313080305805
hybrid,minimax_relative,31,0.9,0.2,0.02,0.04,0.012345679012345678,0.026785714285714284,109.0175518202405,0.0036915029429122853,108.59480301544006,0.9961221950250956,1.0019445597862808
hybrid,minimax_relative,32,0.9,0.2,0.02,0.12,0.012345679012345678,0.01948051948051948,133.64927935755108,0.004087316958555316,132.94276283721481,0.9947136526008036,1.0026536996304245
hybrid,minimax_relative,33,0.9,0.2,0.06,0.01,0.012345679012345678,0.005312868949232586,215.48845662082056,0.005189995864892627,206.1241192844922,0.9565436706764943,1.0224629946203707
hybrid,minimax_relative,34,0.9,0.2,0.06,0.04,0.012345679012345678,0.01948051948051948,233.013252323008,0.005396911759550642,225.05390675703515,0.9658416614221605,1.0175295552972332
hybrid,minimax_relative,35,0.9,0.2,0.06,0.12,0.012345679012345678,0.014167650531286893,289.92751184973,0.006020044765715306,282.0899648477501,0.972967218764523,1.013796752875249
hybrid,minimax_relative,36,0.9,0.5,0.005,0.01,0.012345679012345678,0.0046487603305785125,77.34299585830811,0.0031093205821028673,73.95183930404627,0.9561543160226892,1.022671151504321
hybrid,minimax_relative,37,0.9,0.5,0.005,0.04,0.012345679012345678,0.017045454545454544,82.83997479628853,0.0032179180924218793,79.91265927287736,0.9646630080391777,1.018150989169412
hybrid,minimax_relative,38,0.9,0.5,0.005,0.12,0.012345679012345678,0.012396694214876032,99.82384446570568,0.003532418514023106,95.91861592063746,0.9608788003911245,1.0201538998213722
hybrid,minimax_relative,39,0.9,0.5,0.02,0.01,0.012345679012345678,0.017045454545454544,119.10934186097046,0.003858583643336154,117.79988185381697,0.9890062358947298,1.0055426248858546
hybrid,minimax_relative,40,0.9,0.5,0.02,0.04,0.012345679012345678,0.062499999999999986,127.91596611915213,0.00399868675503521,127.635047547787,0.9978038818773923,1.001099870978147
hybrid,minimax_relative,41,0.9,0.5,0.02,0.12,0.012345679012345678,0.04545454545454544,155.67511319326144,0.00441127976319318,155.47374604637974,0.9987064910842126,1.0006473825719828
hybrid,minimax_relative,42,0.9,0.5,0.06,0.01,0.012345679012345678,0.012396694214876032,245.5402752804562,0.005540084332395764,239.40125064191545,0.9749978913580318,1.012740462216075
hybrid,minimax_relative,43,0.9,0.5,0.06,0.04,0.012345679012345678,0.04545454545454544,264.8575936478811,0.0057538855746343395,260.50005040696215,0.983547599368768,1.0083291178836877
hybrid,minimax_relative,44,0.9,0.5,0.06,0.12,0.012345679012345678,0.033057851239669415,327.09369439835314,0.006394271795896241,323.6224964228155,0.9893877563677207,1.0053487311944467
hybrid,minimax_relative,45,0.9,0.9,0.005,0.01,0.012345679012345678,0.0026564344746162934,86.84903771506954,0.0032948641420222006,81.6078305586713,0.9396515229841307,1.0316124837927918
hybrid,minimax_relative,46,0.9,0.9,0.005,0.04,0.012345679012345678,0.009740259740259742,92.38161847136541,0.00339819103478905,87.70206403299994,0.9493453945081516,1.0263320143733932
hybrid,minimax_relative,47,0.9,0.9,0.005,0.12,0.012345679012345678,0.0070838252656434475,109.27025317995884,0.0036957788959155625,103.7840454829655,0.9497923036019874,1.0260905241669487
hybrid,minimax_relative,48,0.9,0.9,0.02,0.01,0.012345679012345678,0.009740259740259742,128.19668941336818,0.00400307209236494,126.31240976661687,0.9853016512721676,1.0074311951721473
hybrid,minimax_relative,49,0.9,0.9,0.02,0.04,0.012345679012345678,0.03571428571428571,136.83498093319426,0.0041357432967544395,136.09855261601533,0.9946181282581646,1.002701846518806
hybrid,minimax_relative,50,0.9,0.9,0.02,0.12,0.012345679012345678,0.025974025974025972,163.7243523522516,0.004523885945073267,163.27985242280886,0.9972850713833553,1.0013602346407673
hybrid,minimax_relative,51,0.9,0.9,0.06,0.01,0.012345679012345678,0.0070838252656434475,249.52187973518159,0.005584821838420425,244.0093783898649,0.9779077435968055,1.0112325896185623
hybrid,minimax_relative,52,0.9,0.9,0.06,0.04,0.012345679012345678,0.025974025974025972,267.6067065308418,0.005783669969522399,263.80083508798623,0.9857781163551783,1.0071877003148968
hybrid,minimax_relative,53,0.9,0.9,0.06,0.12,0.012345679012345678,0.018890200708382526,325.1937167941933,0.006375673658467328,321.84072562373706,0.989689249830807,1.0051955875898833
hybrid,minimax_relative,54,1.3,0.2,0.005,0.01,0.012345679012345678,0.001138471917692697,221.3664663038092,0.00526030496149949,214.69665079105897,0.9698698017630348,1.0154143144068826
hybrid,minimax_relative,55,1.3,0.2,0.005,0.04,0.012345679012345678,0.004174397031539889,240.4272403954027,0.005482098599024404,234.03792238601582,0.9734251493346632,1.0135582634867313
hybrid,minimax_relative,56,1.3,0.2,0.005,0.12,0.012345679012345678,0.0030359251138471917,299.2453761364483,0.006116017659969274,284.4628326587269,0.9506005951751751,1.0256541912276242
hybrid,minimax_relative,57,1.3,0.2,0.02,0.01,0.012345679012345678,0.004174397031539889,329.8277506027536,0.0064209398708712576,327.21912035743986,0.9920909315830868,1.003978147403161
hybrid,minimax_relative,58,1.3,0.2,0.02,0.04,0.012345679012345678,0.015306122448979588,357.63265337744724,0.006686111102291145,357.09413588304847,0.9984942160920904,1.000753743291739
hybrid,minimax_relative,59,1.3,0.2,0.02,0.12,0.012345679012345678,0.011131725417439701,445.14592573997743,0.007459439705332914,439.3470550978497,0.9869731018373624,1.0065777854106455
hybrid,minimax_relative,60,1.3,0.2,0.06,0.01,0.012345679012345678,0.0030359251138471917,657.418975248273,0.009065173572857506,629.7542049326805,0.9579191180097214,1.0217286689516483
hybrid,minimax_relative,61,1.3,0.2,0.06,0.04,0.012345679012345678,0.011131725417439701,713.7717034549813,0.009445711351289148,690.4333781128283,0.9673028151309658,1.0167607531488272
hybrid,minimax_relative,62,1.3,0.2,0.06,0.12,0.012345679012345678,0.00809580030359251,896.3039318676036,0.010584800020947513,869.5725908000067,0.970176030565996,1.015254047794806
hybrid,minimax_relative,63,1.3,0.5,0.005,0.01,0.012345679012345678,0.002656434474616293,268.4610905261976,0.005792895330987321,255.75445125430986,0.9526685999562093,1.0245403673367663
hybrid,minimax_relative,64,1.3,0.5,0.005,0.04,0.012345679012345678,0.00974025974025974,290.1652939973364,0.00602251290987965,278.14493255243707,0.958574089687619,1.0213795474284653
hybrid,minimax_relative,65,1.3,0.5,0.005,0.12,0.012345679012345678,0.007083825265643447,357.067689949031,0.006680827886095321,337.019247765331,0.9438525446349912,1.029314105960421
hybrid,minimax_relative,66,1.3,0.5,0.02,0.01,0.012345679012345678,0.00974025974025974,389.1851477602376,0.006974822110278491,385.8428742858589,0.9914121248109967,1.0043217938714755
hybrid,minimax_relative,67,1.3,0.5,0.02,0.04,0.012345679012345678,0.035714285714285705,420.81391242623044,0.007252705636745421,420.35352435140624,0.9989059580464681,1.000547470234297
hybrid,minimax_relative,68,1.3,0.5,0.02,0.12,0.012345679012345678,0.02597402597402597,520.1970132176759,0.008063784883800502,515.9399659783242,0.991816471199979,1.0041170507056172
hybrid,minimax_relative,69,1.3,0.5,0.06,0.01,0.012345679012345678,0.007083825265643447,755.1509837125235,0.009715650928479544,739.2986848345114,0.9790077756370282,1.0106643097094077
hybrid,minimax_relative,70,1.3,0.5,0.06,0.04,0.012345679012345678,0.02597402597402597,818.6416393472559,0.010115839308648936,808.7851349280603,0.9879599278298931,1.0060749485736564
hybrid,minimax_relative,71,1.3,0.5,0.06,0.12,0.012345679012345678,0.018890200708382526,1023.2716509520159,0.011309684185201724,1013.5914652195689,0.9905399649023396,1.004763843919068
hybrid,minimax_relative,72,1.3,0.9,0.005,0.01,0.012345679012345678,0.001517962556923596,312.3934829848267,0.006248934739065798,290.5026476003163,0.9299254415445869,1.0369932636367147
hybrid,minimax_relative,73,1.3,0.9,0.005,0.04,0.012345679012345678,0.0055658627087198514,335.2538544230429,0.006473540901460372,314.4250820776309,0.9378716394439152,1.0325909117947594
hybrid,minimax_relative,74,1.3,0.9,0.005,0.12,0.012345679012345678,0.004047900151796256,404.95037304589874,0.007114688793667461,376.57365445835256,0.9299254415445869,1.0369932636367147
hybrid,minimax_relative,75,1.3,0.9,0.02,0.01,0.012345679012345678,0.0055658627087198514,435.0776477719688,0.007374598699013805,427.3350238265837,0.9822040410831605,1.0090185296098457
hybrid,minimax_relative,76,1.3,0.9,0.02,0.04,0.012345679012345678,0.020408163265306117,467.70279522219624,0.007646100274177323,463.43673393885524,0.9908786919237583,1.0045920924434466
hybrid,minimax_relative,77,1.3,0.9,0.02,0.12,0.012345679012345678,0.014842300556586268,568.9643154128685,0.008433299438927126,561.9712908516733,0.987709203597205,1.0062026336062242
hybrid,minimax_relative,78,1.3,0.9,0.06,0.01,0.012345679012345678,0.004047900151796255,799.2133461463784,0.009995082204179079,787.7445102761458,0.9856498444057114,1.0072532356201058
hybrid,minimax_relative,79,1.3,0.9,0.06,0.04,0.012345679012345678,0.014842300556586268,861.7970802776298,0.010379047886714066,856.7243132570555,0.9941137338050159,1.0029561902099304
hybrid,minimax_relative,80,1.3,0.9,0.06,0.12,0.012345679012345678,0.010794400404790013,1060.7049500148853,0.011514691431031083,1055.9275298868379,0.9954959952548723,1.002259638310235
